Der Versuch Tomaten Reifegradbestimmung wurde mit dem Dpark fun NIR Triad durchgeführt. der misst 18 wellenlängen von 410 bis 940 nm. Die Umgebung war verdunkerlt und Klimatisiert auf 22°C.  Die Studenten  Leonhard, Samuel, Frederik und Luzia aheb die Messungen durchgeführt. Zur Kallibreirung wurde ein Refraktometer benutzt und der Frucktose gehalt der Früchte gemessen.Zielsetzung kalibreirung des NIR Sensors zu finden die am besten zu den gemessenen Daten passt

Counter;Messobjekt;Kurz;Tomate;Rispe;Reihe;Tag;Brix;Temp0;Temp1;Temp2;A_410;B_435;C_460;D_485;E_510;F_535;G_560;H_585;R_610;I_645;S_680;J_705;T_730;U_760;V_810;W_860;K_900;L_940
1000;10401T5;1To4Ri2Re5Ta;1To;4Ri;2Re;5Ta;6.3;33;39;32;630.23;1111.21;6754.32;501.53;1657.19;7516.47;881.94;1525.95;20729.77;2837.55;3678.37;1581.28;2219.16;1080.64;2860.49;3099.48;2717.21;1095.82
1001;10401T5;1To4Ri2Re5Ta;1To;4Ri;2Re;5Ta;6.3;33;39;32;1255.57;2820.62;7603.89;1593.19;4091.56;6707.86;1153.45;2307.97;17116.67;3620.73;4662.70;1267.19;1738.04;1056.72;2742.85;4500.69;2591.88;1508.67
1002;10401T5;1To4Ri2Re5Ta;1To;4Ri;2Re;5Ta;6.3;33;40;31;919.72;3728.56;6863.88;1456.41;5889.59;4727.58;928.90;2003.32;16691.80;3007.40;3486.15;1340.29;1550.04;875.68;1981.09;4062.39;2220.10;1604.46
1003;10401T5;1To4Ri2Re5Ta;1To;4Ri;2Re;5Ta;6.3;33;40;32;1066.10;1997.86;7157.00;2098.16;5237.59;5063.15;892.78;1782.87;17097.30;3575.70;5672.33;1363.31;1786.38;986.53;3486.77;3834.84;2769.32;1387.97
1004;10401T5;1To4Ri2Re5Ta;1To;4Ri;2Re;5Ta;6.3;33;40;31;892.08;2986.14;5983.55;1628.46;4211.53;6088.89;969.84;2240.92;17671.39;5297.22;4179.13;1414.30;1586.87;891.63;2819.11;4284.34;3467.10;1751.01
1005;10401T5;1To4Ri2Re5Ta;1To;4Ri;2Re;5Ta;6.3;34;41;32;1103.51;2019.16;6297.82;2114.51;4456.68;5253.49;745.29;1430.48;17017.57;3232.57;5694.59;1076.30;1834.72;1101.38;3364.28;5175.52;2553.85;1173.41
1006;10401T5;1To4Ri2Re5Ta;1To;4Ri;2Re;5Ta;6.3;34;41;31;526.95;1636.81;5318.50;984.13;3034.96;2873.49;1252.78;2743.50;24361.09;3247.74;3617.67;1914.77;1569.22;856.54;2416.73;5210.27;2653.84;1592.00
1007;10401T5;1To4Ri2Re5Ta;1To;4Ri;2Re;5Ta;6.3;34;41;32;713.99;3205.87;7789.38;1281.78;5160.09;4253.13;954.18;2115.95;14056.01;3900.23;4853.91;1272.60;1358.20;799.12;2587.09;3664.45;2485.55;1625.53
1008;10401T5;1To4Ri2Re5Ta;1To;4Ri;2Re;5Ta;6.3;34;41;32;588.75;1983.34;3277.21;1744.60;1684.76;4047.28;576.72;1088.82;13759.85;3389.20;4015.25;858.78;1521.65;932.30;2810.19;4832.50;2748.90;1076.66
1009;10401T5;1To4Ri2Re5Ta;1To;4Ri;2Re;5Ta;6.3;34;41;32;799.37;1738.45;2924.50;2078.38;2300.99;5187.93;922.28;1757.66;12611.68;3594.30;3070.36;1200.85;1358.20;807.09;2247.99;3491.82;2957.32;1419.58
1010;10401T5;1To4Ri2Re5Ta;1To;4Ri;2Re;5Ta;6.3;34;41;32;1283.22;4726.53;5823.05;1763.52;4274.87;6249.63;787.43;1455.15;18746.66;4837.10;3896.88;977.47;2144.73;1311.92;2486.50;5360.48;3248.12;1144.67
1011;10401T5;1To4Ri2Re5Ta;1To;4Ri;2Re;5Ta;6.3;34;41;32;461.90;1918.49;2640.03;2136.88;2675.80;3366.97;784.42;1929.30;20085.06;4587.96;4521.07;1344.35;1976.68;1096.59;2915.65;5351.51;3202.35;1865.00
1012;10401T5;1To4Ri2Re5Ta;1To;4Ri;2Re;5Ta;6.3;35;41;32;666.01;2284.38;3369.47;1945.90;3563.26;4420.91;1008.36;1966.31;38587.96;5207.16;9140.28;1898.07;3492.19;2047.24;5561.15;13135.52;12925.59;4598.80
1013;10401T5;1To4Ri2Re5Ta;1To;4Ri;2Re;5Ta;6.3;34;42;32;1197.84;2110.14;4240.19;1428.88;2969.38;3761.06;626.69;1242.22;38568.60;4044.14;13727.11;1620.99;3868.95;2314.41;9774.00;17681.05;7178.53;3394.74
1014;10401T5;1To4Ri2Re5Ta;1To;4Ri;2Re;5Ta;6.3;34;42;32;1326.32;2370.52;5045.56;1932.13;3696.64;4537.24;603.81;1110.27;53944.78;5664.83;13244.55;1472.52;5451.22;3351.98;8663.39;26413.40;9341.60;2955.07
1015;10401T5;1To4Ri2Re5Ta;1To;4Ri;2Re;5Ta;6.3;34;41;32;726.18;2400.53;3956.68;1969.99;2978.32;3921.09;959.00;1930.37;41792.14;4567.40;14047.80;1809.17;3274.26;1861.42;9493.31;13302.54;8562.84;4412.97
1016;10401T5;1To4Ri2Re5Ta;1To;4Ri;2Re;5Ta;6.3;35;42;32;869.31;1869.12;2775.54;1176.83;1812.93;3193.55;412.98;802.94;47424.79;4367.20;20168.29;1267.19;5072.92;3151.81;14839.48;27359.50;8668.46;2505.83
1017;10401T5;1To4Ri2Re5Ta;1To;4Ri;2Re;5Ta;6.3;34;41;32;473.28;1507.11;4151.77;1201.78;3275.64;3208.35;619.47;1101.15;35144.58;5702.52;7725.99;968.44;3433.10;2107.05;5867.00;18089.08;10540.02;4056.64
1018;10401T5;1To4Ri2Re5Ta;1To;4Ri;2Re;5Ta;6.3;34;41;32;813.20;2396.66;2071.08;1449.53;1308.47;3764.58;508.09;942.93;51397.84;2824.34;9751.31;1319.53;5291.61;3166.16;9385.41;26285.61;9593.68;2926.34
1019;10401T5;1To4Ri2Re5Ta;1To;4Ri;2Re;5Ta;6.3;34;41;32;1025.44;2081.10;4830.28;1668.04;3202.61;4616.19;495.45;987.44;38060.57;3303.54;16559.73;1324.50;4017.05;2489.07;12305.12;21448.63;6085.03;2903.35
1020;10401T5;1To4Ri2Re5Ta;1To;4Ri;2Re;5Ta;6.3;35;42;32;1023.81;2295.99;2591.97;1348.02;1619.19;3289.43;701.94;1316.77;58804.01;4482.72;15211.20;1425.58;6632.93;3679.77;9675.03;19611.36;9972.50;3774.06
1021;10401T5;1To4Ri2Re5Ta;1To;4Ri;2Re;5Ta;6.3;34;41;32;934.36;2032.71;4519.86;1403.94;2934.36;4057.15;485.82;897.34;41296.65;5624.69;20798.55;1195.43;4340.10;2665.32;13924.38;22370.06;8299.50;2986.68
1022;10401T5;1To4Ri2Re5Ta;1To;4Ri;2Re;5Ta;6.3;35;42;32;671.70;2337.61;4184.45;1600.08;2240.64;3820.98;940.94;1845.09;60612.84;4951.15;17118.16;1837.15;4947.07;2869.48;11087.42;19847.88;9438.07;4371.78
1023;10401T5;1To4Ri2Re5Ta;1To;4Ri;2Re;5Ta;6.3;35;42;32;1104.32;3416.88;3938.42;2123.11;2585.64;5844.97;719.40;1539.90;54579.23;3296.20;18131.84;1988.33;5091.34;2933.29;11607.44;19212.29;5715.37;3190.71
1024;10401T5;1To4Ri2Re5Ta;1To;4Ri;2Re;5Ta;6.3;35;42;32;1090.50;2389.88;3844.23;1793.63;2800.24;5426.21;409.37;767.54;41813.78;5017.24;8086.13;1138.57;4917.92;3036.96;6814.54;20344.47;9036.72;2759.67
1025;10401T5;1To4Ri2Re5Ta;1To;4Ri;2Re;5Ta;6.3;35;42;32;1192.96;3011.31;5029.22;1815.14;2975.34;4736.74;1051.71;2082.16;4294967300.00;5216.46;19681.69;2344.39;7882.17;4455.75;11688.57;25472.91;9077.55;4667.77
1026;10401T5;1To4Ri2Re5Ta;1To;4Ri;2Re;5Ta;6.3;35;42;32;1605.25;2617.35;4884.10;1624.16;3362.07;4228.46;1131.17;2113.81;49094.66;5476.86;21947.79;2259.09;6091.19;3539.40;11626.10;19167.45;8164.31;4398.61
1027;10401T5;1To4Ri2Re5Ta;1To;4Ri;2Re;5Ta;6.3;35;42;32;975.02;1782.01;3722.18;1058.11;2341.97;2627.45;374.45;709.61;47760.82;3804.78;15449.95;1134.51;6272.28;4071.35;12092.57;32245.80;7332.03;2592.99
1028;10401T5;1To4Ri2Re5Ta;1To;4Ri;2Re;5Ta;6.3;35;42;32;1425.53;3039.38;5347.33;1902.89;3432.86;4198.85;828.97;1691.15;4294967300.00;4974.16;25859.85;1811.43;7216.11;4277.91;14115.84;24418.07;8262.88;3756.82
1029;10401T5;1To4Ri2Re5Ta;1To;4Ri;2Re;5Ta;6.3;35;42;32;932.74;3084.87;3196.48;2056.87;2330.05;5790.69;734.45;1623.57;54155.50;2602.11;23942.77;2212.61;4831.97;2747.46;14566.09;19168.57;3945.20;3661.03
1030;10401T5;1To4Ri2Re5Ta;1To;4Ri;2Re;5Ta;6.3;35;42;32;887.20;2098.53;3754.85;1406.52;2559.56;3651.78;472.58;937.03;52512.98;4299.65;16775.21;1223.41;5426.67;3361.55;13057.96;28080.28;7549.61;2764.45
1031;10401T5;1To4Ri2Re5Ta;1To;4Ri;2Re;5Ta;6.3;36;42;32;1365.36;2493.45;4749.55;1597.49;3327.80;4381.44;471.37;923.08;61863.53;5275.68;17169.76;1356.54;6910.71;4321.77;13212.91;37243.08;7874.21;2299.88
1032;10401T5;1To4Ri2Re5Ta;1To;4Ri;2Re;5Ta;6.3;36;42;32;1737.80;3595.96;4424.71;2538.61;3015.58;4348.30;1116.12;2163.15;4294967300.00;5784.75;14134.80;2254.58;8888.93;4839.36;9357.02;23801.54;9435.25;4410.10
1033;10401T5;1To4Ri2Re5Ta;1To;4Ri;2Re;5Ta;6.3;35;42;33;1276.72;2767.39;5825.94;1901.17;3827.78;5002.52;488.23;1032.50;72765.48;7570.89;20777.31;1810.07;8621.12;5270.02;11640.70;29542.03;10090.79;3612.18
1034;10401T5;1To4Ri2Re5Ta;1To;4Ri;2Re;5Ta;6.3;35;42;32;1036.83;2237.91;4534.27;1703.31;3435.84;5256.31;559.87;1132.80;63665.52;4396.57;18489.96;1750.50;6043.61;3568.91;11226.15;23995.47;6814.50;3011.59
1035;10401T5;1To4Ri2Re5Ta;1To;4Ri;2Re;5Ta;6.3;36;42;33;953.07;2997.76;4579.44;1976.87;3181.75;4386.37;883.15;1764.63;4294967300.00;5897.33;16474.75;2135.90;7942.79;4615.26;11358.38;29931.00;8362.17;4210.86
1036;10401T5;1To4Ri2Re5Ta;1To;4Ri;2Re;5Ta;6.3;36;42;33;1593.86;3604.67;5620.27;2713.25;4280.83;6683.89;1060.74;2065.00;65015.31;4888.99;24669.13;2092.12;6093.49;3598.42;13792.15;21241.25;6981.38;3781.73
1037;10401T5;1To4Ri2Re5Ta;1To;4Ri;2Re;5Ta;6.3;36;42;33;1052.28;3396.56;4344.94;2117.09;3263.71;5393.08;783.81;1681.50;72019.39;3916.87;23844.64;2218.03;6261.54;3571.30;11563.63;25627.60;5832.25;3599.73
1038;10401T5;1To4Ri2Re5Ta;1To;4Ri;2Re;5Ta;6.3;36;42;33;1658.11;3006.47;4503.52;2143.76;3247.32;6134.71;614.65;1197.16;66499.51;4260.98;23558.34;1570.90;6830.91;4137.54;15483.62;28528.67;6568.76;2576.71
1039;10401T5;1To4Ri2Re5Ta;1To;4Ri;2Re;5Ta;6.3;36;43;33;1327.14;3289.11;5672.17;2276.24;4028.97;6057.17;595.39;1245.97;71863.34;5828.80;15248.63;1961.25;7067.25;4209.32;10324.03;28734.93;8936.73;3069.06
1040;10401T5;1To4Ri2Re5Ta;1To;4Ri;2Re;5Ta;6.3;36;42;33;1196.21;3019.05;4467.96;2060.31;3216.77;4419.50;887.96;1818.27;4294967300.00;6547.86;20461.67;2051.51;6457.21;3817.74;11888.95;24233.11;9542.98;4167.76
1041;10401T5;1To4Ri2Re5Ta;1To;4Ri;2Re;5Ta;6.3;36;43;33;1858.97;3588.21;4620.77;2183.33;2890.40;4854.48;1170.30;2311.72;4294967300.00;5822.44;23831.49;2366.95;9864.22;5714.24;11806.20;27154.36;9671.13;4294.20
1042;10401T5;1To4Ri2Re5Ta;1To;4Ri;2Re;5Ta;6.3;36;43;33;1486.52;2922.26;6377.58;1893.42;3996.19;4955.99;486.42;1014.80;61062.77;6981.05;32354.65;1685.97;7147.05;4376.00;15808.12;25706.07;9514.11;3096.84
1043;10401T5;1To4Ri2Re5Ta;1To;4Ri;2Re;5Ta;6.3;36;43;33;1084.80;2284.38;4715.91;1486.52;3210.06;3424.78;654.98;1298.00;57240.08;5017.72;22279.61;1519.90;6317.55;3887.12;13499.29;24970.71;6727.19;3441.68
1044;10401T5;1To4Ri2Re5Ta;1To;4Ri;2Re;5Ta;6.3;36;42;33;1360.48;2853.53;3194.56;1937.30;2546.14;4995.47;730.24;1398.83;4294967300.00;3614.86;26302.95;1661.15;7084.13;4364.84;15913.58;31848.98;7441.88;2847.79
1045;10401T5;1To4Ri2Re5Ta;1To;4Ri;2Re;5Ta;6.3;36;43;33;1901.25;3217.48;5540.50;2343.34;3885.16;6470.99;647.16;1258.84;64803.45;5836.64;23258.89;1521.26;7082.60;4400.73;12786.19;26936.89;7738.31;2842.04
1046;10401T5;1To4Ri2Re5Ta;1To;4Ri;2Re;5Ta;6.3;36;42;33;1045.77;2380.20;4673.63;1696.42;3308.42;4779.04;490.03;952.04;60303.02;4177.77;17447.96;1264.03;6521.67;4086.50;11232.64;27909.89;7034.19;2783.61
1047;10401T5;1To4Ri2Re5Ta;1To;4Ri;2Re;5Ta;6.3;36;42;33;1218.17;2687.04;4744.75;1955.36;2424.69;4913.69;788.03;1507.18;4294967300.00;6058.86;28576.13;1504.56;7631.25;4541.89;15460.90;26347.26;9860.54;3057.57
1048;10401T5;1To4Ri2Re5Ta;1To;4Ri;2Re;5Ta;6.3;36;42;33;763.59;1994.96;2727.48;1500.29;2159.42;2446.98;966.83;1891.75;4294967300.00;5499.87;21628.11;2045.19;8205.99;4954.21;12103.93;30092.42;11461.01;4672.56
1049;10401T5;1To4Ri2Re5Ta;1To;4Ri;2Re;5Ta;6.3;36;42;33;1230.37;2538.95;3586.67;2182.47;2356.13;7886.58;344.35;762.17;10818.80;5204.22;27467.36;986.94;2368.79;1298.37;15202.92;2801.30;10016.85;3611.22
1050;20401T5;2To4Ri2Re5Ta;2To;4Ri;2Re;5Ta;6.3;36;41;33;1305.99;2596.06;3518.43;2269.35;4247.30;8192.54;881.34;2047.30;4294967300.00;6398.57;25991.36;2530.76;7665.78;4870.47;17200.23;33548.37;11806.03;4840.19
1051;20401T5;2To4Ri2Re5Ta;2To;4Ri;2Re;5Ta;6.3;35;42;33;1047.40;2707.37;4633.26;2002.68;3351.64;5994.42;969.23;2007.61;66556.46;6045.65;22389.88;1925.15;5621.57;3137.45;13424.65;16823.51;9294.42;4123.69
1052;20401T5;2To4Ri2Re5Ta;2To;4Ri;2Re;5Ta;6.3;36;42;33;2309.48;2968.72;5063.82;1875.36;3656.40;5674.36;887.36;1816.12;66641.89;3972.67;17839.47;1731.10;6470.26;3945.34;10870.82;25245.35;6230.08;3232.86
1053;20401T5;2To4Ri2Re5Ta;2To;4Ri;2Re;5Ta;6.3;36;42;33;1659.73;5139.84;6041.21;5488.43;5798.68;22689.00;1108.30;1938.95;48042.16;4576.21;13959.79;2029.84;5214.11;3141.44;10480.61;18797.53;10168.95;3831.54
1054;20401T5;2To4Ri2Re5Ta;2To;4Ri;2Re;5Ta;6.3;36;42;33;2343.63;2916.45;4838.93;1809.98;4969.34;5520.68;891.57;1820.95;59728.93;7333.48;13060.43;1653.03;5912.40;3530.63;9135.54;22206.40;11761.67;3337.27
1055;20401T5;2To4Ri2Re5Ta;2To;4Ri;2Re;5Ta;6.3;36;42;33;1475.95;3769.22;5246.42;6896.67;3835.98;14981.48;1096.86;2209.81;52229.35;3552.69;20476.85;2293.84;5183.42;2971.57;11628.53;18169.79;5842.81;4406.27
1056;20401T5;2To4Ri2Re5Ta;2To;4Ri;2Re;5Ta;6.3;35;43;33;1456.43;2916.45;4368.97;4683.23;5934.29;11883.10;915.65;1809.15;47743.73;2838.53;18591.13;1850.24;4977.00;2891.81;12967.10;20059.75;4499.35;3279.80
1057;20401T5;2To4Ri2Re5Ta;2To;4Ri;2Re;5Ta;6.3;36;43;33;980.71;2227.27;3504.02;1429.74;6385.10;3731.45;713.98;1532.39;49750.75;5383.37;12988.60;1693.19;5338.42;3241.93;9819.43;20950.92;8905.75;3298.00
1058;20401T5;2To4Ri2Re5Ta;2To;4Ri;2Re;5Ta;6.3;36;42;33;1259.64;2259.21;3449.24;1416.84;2438.10;4289.08;629.70;1352.17;69458.78;3719.12;19338.74;1516.29;6662.86;4075.34;17017.70;28711.39;6827.88;2991.47
1059;20401T5;2To4Ri2Re5Ta;2To;4Ri;2Re;5Ta;6.3;36;43;33;1436.10;2177.90;3956.68;2200.53;5230.14;6800.92;697.13;1330.18;48551.32;4254.13;13569.29;1689.13;5446.62;3300.94;9711.54;23263.48;11970.80;3187.84
1060;20401T5;2To4Ri2Re5Ta;2To;4Ri;2Re;5Ta;6.3;36;43;33;1571.09;2337.61;3843.27;1648.25;3005.89;5430.44;930.70;1938.42;58338.13;5547.35;14098.38;1924.70;5438.18;3170.95;11149.08;22157.08;8611.42;3704.14
1061;20401T5;2To4Ri2Re5Ta;2To;4Ri;2Re;5Ta;6.3;36;43;33;1776.02;2779.00;4578.48;2520.55;3356.11;8836.89;1237.13;2493.55;72428.31;3987.36;29617.12;2711.72;6626.03;3718.84;18301.11;19254.89;5216.85;4647.66
1062;20401T5;2To4Ri2Re5Ta;2To;4Ri;2Re;5Ta;6.3;36;43;33;2261.50;2544.76;7658.67;2419.04;8103.40;7031.45;521.94;947.22;61771.27;5138.63;12874.28;1309.61;7084.90;4360.85;8054.95;28339.22;10871.66;1994.32
1063;20401T5;2To4Ri2Re5Ta;2To;4Ri;2Re;5Ta;6.3;37;43;33;1676.81;2836.11;5007.11;2024.18;3294.26;7060.35;670.64;1449.79;72357.70;5610.49;18199.62;1842.56;7395.67;4466.92;11749.41;26084.96;8835.34;2832.46
1064;20401T5;2To4Ri2Re5Ta;2To;4Ri;2Re;5Ta;6.3;36;43;33;1667.87;3352.03;4415.10;2870.67;10302.30;17740.76;1087.23;1963.62;42277.38;5493.51;13106.96;2040.22;4913.31;2893.41;8441.11;17571.19;9916.87;4091.12
1065;20401T5;2To4Ri2Re5Ta;2To;4Ri;2Re;5Ta;6.3;36;43;33;1705.27;2294.05;4230.58;1553.62;2926.16;5132.24;767.56;1593.53;66246.63;4443.07;23052.51;1771.26;6580.75;3903.87;16036.08;26710.46;6524.40;3031.70
1066;20401T5;2To4Ri2Re5Ta;2To;4Ri;2Re;5Ta;6.3;37;43;33;2285.08;11887.46;4873.53;11684.85;6600.45;23337.58;988.50;1776.97;49354.36;6407.38;21258.86;1949.07;5652.27;3387.87;12532.27;21260.30;9737.32;3519.27
1067;20401T5;2To4Ri2Re5Ta;2To;4Ri;2Re;5Ta;6.3;36;43;33;1284.04;1974.63;3640.49;1266.30;6362.00;3779.38;774.18;1504.50;53906.05;3009.85;17828.34;1952.23;6089.65;3626.33;12799.17;22487.77;6242.76;2680.16
1068;20401T5;2To4Ri2Re5Ta;2To;4Ri;2Re;5Ta;6.3;37;43;33;2564.82;3340.41;5300.24;2031.92;3827.78;5768.13;991.51;2125.07;4294967300.00;4659.91;22854.23;2033.00;7823.85;4690.23;13835.15;28463.65;6925.05;3167.72
1069;20401T5;2To4Ri2Re5Ta;2To;4Ri;2Re;5Ta;6.3;37;43;33;1256.39;2380.20;5597.20;2000.09;4590.81;6341.27;942.14;1952.36;49839.60;5663.36;30985.89;2135.44;4904.10;2846.36;16743.50;18678.71;6722.26;3779.81
1070;20401T5;2To4Ri2Re5Ta;2To;4Ri;2Re;5Ta;6.3;37;43;33;2707.94;2405.37;4746.67;1625.88;2967.89;4938.37;859.67;1802.18;47906.62;5778.88;13501.51;1796.53;4785.93;2883.04;10174.76;20644.89;9043.05;3555.67
1071;20401T5;2To4Ri2Re5Ta;2To;4Ri;2Re;5Ta;6.3;37;43;33;1875.23;2660.91;2896.63;1695.56;4015.56;5732.17;597.79;1383.28;4294967300.00;4136.65;13314.35;1823.16;8118.51;5156.78;10169.90;34816.18;8155.86;2779.78
1072;20401T5;2To4Ri2Re5Ta;2To;4Ri;2Re;5Ta;6.3;37;43;33;898.58;2084.01;3078.27;1355.76;2049.13;4116.36;834.38;1731.92;53122.38;3866.45;12825.72;1654.38;4947.07;3017.82;11505.22;24455.07;8531.16;3426.35
1073;20401T5;2To4Ri2Re5Ta;2To;4Ri;2Re;5Ta;6.3;36;43;33;904.27;1518.72;4840.85;1242.21;11770.23;7865.43;777.19;1293.17;35712.97;5054.44;13690.69;1473.87;4284.09;2670.10;9081.19;21957.55;9728.87;3237.65
1074;20401T5;2To4Ri2Re5Ta;2To;4Ri;2Re;5Ta;6.3;36;43;33;1355.60;2821.59;3041.75;3702.54;3080.41;13658.94;1156.46;2301.53;26631.24;2486.10;13996.21;2341.23;2627.39;1195.49;11255.35;5301.06;6948.29;5663.97
1075;20401T5;2To4Ri2Re5Ta;2To;4Ri;2Re;5Ta;6.3;37;43;33;1314.94;1924.30;2650.60;1237.05;2467.90;4020.49;509.30;1007.29;60590.06;3715.69;16642.69;1338.04;6504.02;4018.71;13451.42;31512.69;6889.14;2251.99
1076;20401T5;2To4Ri2Re5Ta;2To;4Ri;2Re;5Ta;6.3;36;43;33;1227.11;2263.08;1903.86;2659.05;1941.83;9913.39;761.54;1408.49;40191.76;2716.16;13103.93;1843.92;4717.64;2799.30;11280.50;19139.43;6608.90;3817.17
1077;20401T5;2To4Ri2Re5Ta;2To;4Ri;2Re;5Ta;6.3;36;42;33;1322.26;1542.92;6367.97;1108.01;6411.18;3591.86;588.16;1139.77;36419.19;3610.45;16937.08;1113.30;3941.85;2531.33;13230.76;25996.40;6568.06;2943.58
1078;20401T5;2To4Ri2Re5Ta;2To;4Ri;2Re;5Ta;6.3;36;44;33;1566.22;2243.72;3593.40;1566.53;2695.92;5515.04;576.12;1191.80;74184.75;5394.63;12955.22;1663.41;7388.77;4518.76;13149.64;30750.43;7292.60;2576.71
1079;20401T5;2To4Ri2Re5Ta;2To;4Ri;2Re;5Ta;6.3;36;43;33;1309.25;2360.84;813.06;1479.64;659.45;12811.56;1116.72;1999.56;36681.17;2069.06;6605.08;1875.96;4303.27;2607.10;7216.12;18287.49;8748.03;4086.33
1080;20401T5;2To4Ri2Re5Ta;2To;4Ri;2Re;5Ta;6.3;36;43;33;1706.09;2178.87;3787.53;1317.91;3929.87;4111.43;493.04;992.81;59231.16;5125.90;14046.79;1348.42;6562.34;4081.72;10888.67;32576.49;8686.77;2168.65
1081;20401T5;2To4Ri2Re5Ta;2To;4Ri;2Re;5Ta;6.3;37;44;34;1915.08;2337.61;3953.79;1349.74;2856.12;4359.58;504.48;1052.88;4294967300.00;6237.52;14576.89;1654.83;8548.99;5301.13;11119.06;34326.32;8969.82;2140.87
1082;20401T5;2To4Ri2Re5Ta;2To;4Ri;2Re;5Ta;6.3;37;43;33;1295.42;1477.10;2810.13;815.52;2679.52;2978.53;936.12;1614.45;34521.52;4996.19;9826.18;1787.51;4163.62;2467.53;7047.37;15940.18;11832.08;4233.85
1083;20401T5;2To4Ri2Re5Ta;2To;4Ri;2Re;5Ta;6.3;37;43;33;915.66;2010.44;1309.92;2909.38;1122.18;7675.09;912.04;1685.79;25368.02;3128.80;7756.34;1617.83;3076.29;1866.20;7328.07;15358.40;8533.97;4514.51
1084;20401T5;2To4Ri2Re5Ta;2To;4Ri;2Re;5Ta;6.3;37;43;33;1323.07;2171.12;4407.41;1462.43;9711.41;4666.95;854.25;1817.73;61077.57;5151.35;13533.88;1816.84;5685.26;3278.61;9984.93;23399.11;8517.78;3404.32
1085;20401T5;2To4Ri2Re5Ta;2To;4Ri;2Re;5Ta;6.3;36;44;33;1410.90;2793.52;3460.77;3669.85;2858.36;11563.04;849.43;1586.02;37383.97;3739.68;25080.88;1860.62;4587.19;2643.79;16994.99;17077.97;5472.44;4030.78
1086;20401T5;2To4Ri2Re5Ta;2To;4Ri;2Re;5Ta;6.3;37;43;33;1528.00;2020.12;2157.58;1329.96;1837.52;4762.12;866.89;1604.26;39101.68;2939.37;15536.95;1652.13;4843.48;2834.39;11931.94;16926.64;6832.11;4383.28
1087;20401T5;2To4Ri2Re5Ta;2To;4Ri;2Re;5Ta;6.3;36;43;33;1130.34;1628.10;3840.39;1329.96;8149.60;6653.58;665.22;1081.31;45520.29;4665.29;12923.85;1386.77;5443.55;3381.49;8225.32;25883.18;9600.01;2577.67
1088;20401T5;2To4Ri2Re5Ta;2To;4Ri;2Re;5Ta;6.3;36;44;33;983.15;1110.25;2419.95;608.20;2025.29;1856.21;277.53;391.01;50467.23;4648.16;9072.50;810.95;6343.64;4071.35;6361.05;34956.30;11114.58;1041.22
1089;20401T5;2To4Ri2Re5Ta;2To;4Ri;2Re;5Ta;6.3;37;43;33;1163.68;1848.80;2199.86;1640.51;2553.59;5603.87;949.37;1997.95;46267.51;3147.40;14076.13;2088.06;4202.75;2256.19;12534.70;15431.26;5825.21;4325.81
1090;20401T5;2To4Ri2Re5Ta;2To;4Ri;2Re;5Ta;6.3;36;43;33;925.42;1960.11;2527.58;1396.20;2154.94;8310.98;831.98;1570.47;22375.71;4984.44;14378.61;1463.04;2589.02;1541.61;7582.80;11278.07;10205.56;4329.64
1091;20401T5;2To4Ri2Re5Ta;2To;4Ri;2Re;5Ta;6.3;36;43;33;2167.17;1917.52;1480.03;1342.00;2310.68;3664.47;473.18;919.33;44143.16;1437.13;9644.08;1125.03;4878.01;3017.82;9242.63;24054.88;4602.85;2348.73
1092;20401T5;2To4Ri2Re5Ta;2To;4Ri;2Re;5Ta;6.3;36;43;33;2561.57;1845.89;3329.11;825.85;2833.02;1807.56;159.53;191.48;48133.29;4213.50;16913.81;265.35;6681.27;4308.21;12113.66;36726.32;6908.86;537.37
1093;20401T5;2To4Ri2Re5Ta;2To;4Ri;2Re;5Ta;6.3;37;44;33;1482.46;2223.39;4590.98;2087.84;6201.80;4873.51;703.15;1529.17;60085.45;4675.57;12309.78;1694.09;5895.51;3411.00;7842.40;22460.86;9833.78;3108.33
1094;20401T5;2To4Ri2Re5Ta;2To;4Ri;2Re;5Ta;6.3;37;44;34;1595.49;2866.12;3687.58;3183.81;2631.83;8361.74;775.99;1726.02;61453.46;3932.04;21178.93;2408.02;6198.61;3646.27;13279.44;19611.36;5488.64;3631.34
1095;20401T5;2To4Ri2Re5Ta;2To;4Ri;2Re;5Ta;6.3;37;44;33;1384.87;3240.72;2595.82;2647.87;3490.24;7649.01;564.68;1062.53;52610.94;3588.91;10235.89;1711.69;5936.95;3548.17;9137.98;22701.87;6938.43;2826.72
1096;20401T5;2To4Ri2Re5Ta;2To;4Ri;2Re;5Ta;6.3;37;44;34;1954.11;3346.22;4886.98;2081.82;3153.43;6261.61;450.30;857.11;64557.41;6183.19;14228.89;1191.37;7305.89;4490.05;10126.90;25227.41;7822.10;1865.96
1097;20401T5;2To4Ri2Re5Ta;2To;4Ri;2Re;5Ta;6.3;36;44;33;1484.08;3206.84;5157.04;4835.50;10055.66;15263.47;990.30;1929.83;39985.59;5480.29;14209.66;2011.79;4439.09;2603.11;7623.37;14179.14;10985.02;4383.28
1098;20401T5;2To4Ri2Re5Ta;2To;4Ri;2Re;5Ta;6.3;37;44;33;1773.58;2315.35;4170.99;1691.26;8007.27;4640.16;762.74;1708.85;46679.85;3566.40;15688.70;1976.59;4911.01;2782.55;9885.96;16751.77;6702.55;3472.33
1099;20401T5;2To4Ri2Re5Ta;2To;4Ri;2Re;5Ta;6.3;37;44;34;1419.84;2787.71;5284.86;1803.10;3200.38;5211.90;988.50;2199.62;69084.03;5455.81;18203.67;2434.64;6191.71;3418.18;11742.11;19519.44;7503.84;3973.30
1100;20401T5;2To4Ri2Re5Ta;2To;4Ri;2Re;5Ta;6.3;37;44;34;1466.19;2133.37;2933.15;1274.90;1831.55;6649.35;1069.17;2061.78;39393.28;6693.73;23755.61;2065.04;4664.69;2726.73;12646.66;15468.25;9878.85;5600.75
1101;20401T5;2To4Ri2Re5Ta;2To;4Ri;2Re;5Ta;6.3;37;44;34;836.78;2829.33;2526.62;1579.43;1862.10;4168.53;819.33;1912.13;4294967300.00;2591.34;27111.26;1898.52;7435.58;4411.89;17002.29;22904.77;4409.22;3801.84
1102;20401T5;2To4Ri2Re5Ta;2To;4Ri;2Re;5Ta;6.3;37;43;34;1194.59;2277.60;3055.20;1528.67;2161.65;3790.66;449.10;850.14;63149.53;3723.03;22655.95;1965.76;6662.86;4170.24;14609.08;28651.97;6652.55;2947.41
1103;30401T5;3To4Ri2Re5Ta;3To;4Ri;2Re;5Ta;6.3;36;41;33;1380.81;2291.15;2201.78;1114.89;1885.20;3153.36;654.38;1384.89;61707.48;6381.43;21637.21;2529.86;7186.96;4429.44;13430.33;25049.18;9031.79;3504.90
1104;30401T5;3To4Ri2Re5Ta;3To;4Ri;2Re;5Ta;6.3;35;42;33;1224.67;2055.94;3300.27;1539.86;2875.50;4266.52;499.67;1081.84;59961.30;4022.60;17198.08;1602.94;6656.72;4023.50;12739.95;28145.30;6560.31;2903.35
1105;30401T5;3To4Ri2Re5Ta;3To;4Ri;2Re;5Ta;6.3;36;42;33;1422.28;2624.13;3352.17;2419.90;2803.22;6946.14;688.70;1468.56;64556.27;3868.41;19159.68;2092.57;6579.22;3845.65;13592.58;24920.27;6421.60;3850.70
1106;30401T5;3To4Ri2Re5Ta;3To;4Ri;2Re;5Ta;6.3;36;43;33;1131.97;1855.57;3341.60;1002.20;2753.29;3197.78;473.18;810.44;48558.16;3684.36;12651.72;1414.30;6111.14;3698.11;9033.33;25796.87;9512.70;2302.75
1107;30401T5;3To4Ri2Re5Ta;3To;4Ri;2Re;5Ta;6.3;35;42;33;1697.95;2240.82;2664.05;1742.88;4125.09;4928.50;610.44;1313.55;53857.07;3492.49;15213.22;1662.51;5748.18;3344.01;11153.95;24443.86;7737.61;3156.23
1108;30401T5;3To4Ri2Re5Ta;3To;4Ri;2Re;5Ta;6.3;35;42;33;1340.15;2330.84;3900.94;1927.83;3870.26;5597.52;595.39;1265.82;52326.17;4548.80;16482.85;1676.49;5386.00;3159.78;11649.63;22625.64;8157.97;3128.45
1109;30401T5;3To4Ri2Re5Ta;3To;4Ri;2Re;5Ta;6.3;36;43;33;1889.87;2743.19;4184.45;2242.69;5563.96;6275.01;609.23;1283.52;64260.11;4212.03;19479.36;1718.91;7008.16;4146.32;13798.64;26719.42;6431.46;2609.28
1110;30401T5;3To4Ri2Re5Ta;3To;4Ri;2Re;5Ta;6.3;36;43;33;2003.72;3054.87;4155.62;2549.80;3056.56;8444.93;683.88;1450.33;57753.80;5528.75;22363.58;1992.84;6304.51;3582.47;14106.92;22115.60;7425.68;3162.93
1111;30401T5;3To4Ri2Re5Ta;3To;4Ri;2Re;5Ta;6.3;36;43;33;1618.26;2498.29;3435.78;1961.38;3786.06;5753.32;772.38;1702.42;65546.11;4493.00;20252.26;2120.10;6524.74;3699.70;13098.53;22667.12;7051.79;3309.49
1112;30401T5;3To4Ri2Re5Ta;3To;4Ri;2Re;5Ta;6.3;36;43;33;1396.26;2603.80;3057.13;2922.29;3245.08;7316.96;850.64;1899.80;57373.35;3351.02;17322.52;2228.86;5461.96;2939.67;14789.99;16784.27;5433.72;4143.81
1113;30401T5;3To4Ri2Re5Ta;3To;4Ri;2Re;5Ta;6.3;36;43;33;1668.68;2649.29;3416.56;1879.66;3269.67;5674.36;458.13;976.18;63393.29;3310.89;18668.01;1681.01;7194.63;4393.55;14160.46;30306.53;5523.14;2409.08
1114;30401T5;3To4Ri2Re5Ta;3To;4Ri;2Re;5Ta;6.3;36;43;33;1889.87;2251.46;3194.56;1686.96;3375.48;4518.20;506.29;986.37;44856.21;3538.50;20032.73;1225.22;5451.22;3319.29;13317.57;25932.50;6101.93;2258.69
1115;30401T5;3To4Ri2Re5Ta;3To;4Ri;2Re;5Ta;6.3;36;43;33;1668.68;3229.10;7064.74;3227.68;7850.05;9460.80;557.46;1162.83;52277.19;2703.92;17780.79;1639.49;6063.56;3626.33;12116.10;23536.99;5760.43;2788.40
1116;30401T5;3To4Ri2Re5Ta;3To;4Ri;2Re;5Ta;6.3;36;43;33;1733.73;2681.24;3432.90;1931.27;3170.57;6217.20;422.61;818.49;69066.95;3897.78;19081.78;1434.16;7807.74;4754.83;14714.55;30849.07;6013.92;1957.92
1117;30401T5;3To4Ri2Re5Ta;3To;4Ri;2Re;5Ta;6.3;36;43;33;1114.08;2043.35;3285.86;2060.31;3597.54;4932.73;564.68;1099.54;51689.44;5166.04;15181.86;1360.60;5623.11;3373.52;11120.69;24897.85;7979.83;2510.61
1118;30401T5;3To4Ri2Re5Ta;3To;4Ri;2Re;5Ta;6.3;36;43;33;1310.06;3231.04;5406.91;3736.09;9519.16;14887.72;825.35;1614.45;40278.33;5351.06;15998.26;1869.64;4429.12;2509.00;10625.01;15648.73;9409.20;3777.90
1119;30401T5;3To4Ri2Re5Ta;3To;4Ri;2Re;5Ta;6.3;36;43;33;1933.78;2796.42;2405.53;2309.79;2101.29;8344.82;507.49;996.03;49720.00;3077.40;22603.34;1395.80;5884.77;3505.91;14748.62;24304.86;6651.15;2530.73
1120;30401T5;3To4Ri2Re5Ta;3To;4Ri;2Re;5Ta;6.3;36;43;33;1458.87;2350.20;3866.34;1855.57;3447.76;5472.04;664.01;1421.90;57389.30;3773.94;22090.43;1838.95;5936.95;3517.87;14616.38;23572.86;5735.79;2993.39
1121;30401T5;3To4Ri2Re5Ta;3To;4Ri;2Re;5Ta;6.3;37;43;33;1693.89;2940.65;3765.43;3341.23;5412.70;8007.14;661.61;1340.37;53112.13;3152.29;16102.46;1704.02;5945.39;3462.04;12161.53;20881.42;5929.42;3208.91
1122;30401T5;3To4Ri2Re5Ta;3To;4Ri;2Re;5Ta;6.3;37;44;34;1955.74;2622.19;3522.28;1596.63;3513.33;5040.59;263.68;469.85;61640.27;5282.05;15819.20;1006.80;7812.34;4931.08;11805.39;33252.43;7531.30;1415.75
1123;30401T5;3To4Ri2Re5Ta;3To;4Ri;2Re;5Ta;6.3;37;44;33;2504.64;5295.69;6952.30;3512.42;7275.55;21689.34;1116.12;2142.23;42466.46;4295.24;19788.92;2583.11;4880.32;2411.71;11531.18;9502.46;7629.17;4569.11
1124;30401T5;3To4Ri2Re5Ta;3To;4Ri;2Re;5Ta;6.3;36;43;33;1108.39;2140.15;2443.97;1997.51;2311.42;5916.88;744.08;1620.89;46983.98;2209.05;14262.27;1845.72;4742.96;2726.73;11942.49;19445.46;5762.54;3837.28
1125;30401T5;3To4Ri2Re5Ta;3To;4Ri;2Re;5Ta;6.3;37;44;33;1202.72;2174.03;2493.95;1836.65;2189.97;5746.98;838.00;1931.44;72287.07;2386.25;18421.17;2394.03;6792.54;3980.43;14822.44;23506.73;4238.82;4086.33
1126;30401T5;3To4Ri2Re5Ta;3To;4Ri;2Re;5Ta;6.3;36;44;33;987.22;1847.83;2796.68;1405.66;2586.38;4176.99;667.63;1435.31;62701.88;3613.39;19133.38;1837.15;6154.11;3818.53;13012.53;26807.98;5558.35;3403.36
1127;30401T5;3To4Ri2Re5Ta;3To;4Ri;2Re;5Ta;6.3;36;44;34;1362.92;2306.64;4309.39;1346.30;3345.68;4809.36;549.03;986.91;52084.69;3994.21;17582.51;1624.15;6508.62;3840.07;12399.22;23498.88;7018.70;2391.84
1128;30401T5;3To4Ri2Re5Ta;3To;4Ri;2Re;5Ta;6.3;36;44;33;1387.31;2690.92;2777.46;3640.60;2271.93;8703.65;691.11;1380.60;45160.34;4148.40;15331.59;1611.06;4916.38;2765.81;12105.55;18266.20;8723.38;3516.39
1129;30401T5;3To4Ri2Re5Ta;3To;4Ri;2Re;5Ta;6.3;37;44;34;1586.55;2608.64;4149.85;1805.68;3060.29;5849.90;441.27;958.48;71494.29;2492.95;18494.01;1708.08;8078.61;5010.83;13395.45;31950.99;4863.38;2653.34
1130;30401T5;3To4Ri2Re5Ta;3To;4Ri;2Re;5Ta;6.3;36;43;33;2150.90;1836.21;2991.77;1343.72;2540.18;3951.40;574.92;1168.73;56815.21;3773.45;17759.55;1468.00;5815.71;3623.14;13216.97;27505.22;7979.12;3077.68
1131;30401T5;3To4Ri2Re5Ta;3To;4Ri;2Re;5Ta;6.3;37;44;34;5416.70;2964.85;2933.15;2029.34;2591.60;5960.59;598.40;1242.22;4294967300.00;3635.90;17769.67;1790.67;7785.48;4645.56;16247.01;27518.68;5930.12;2365.97
1132;30401T5;3To4Ri2Re5Ta;3To;4Ri;2Re;5Ta;6.3;37;44;34;1378.37;1725.86;4403.57;1167.37;4549.82;3987.35;660.40;1120.46;56913.17;5203.24;8597.02;1667.47;6734.22;4083.31;5611.45;24143.44;11948.26;2935.92
1133;30401T5;3To4Ri2Re5Ta;3To;4Ri;2Re;5Ta;6.3;37;44;34;1524.74;2530.24;2866.84;2313.23;3265.20;6061.40;486.42;960.09;57406.38;4237.48;12806.50;1410.24;6396.59;3942.15;10981.96;30997.04;9005.03;2786.49
1134;30401T5;3To4Ri2Re5Ta;3To;4Ri;2Re;5Ta;6.3;37;44;33;2281.02;2743.19;3475.19;1965.68;2669.84;6426.58;414.18;809.91;63556.17;5540.99;23292.28;1520.35;7049.60;4454.16;14860.57;31479.06;9406.38;2504.87
1135;30401T5;3To4Ri2Re5Ta;3To;4Ri;2Re;5Ta;6.3;37;44;34;1302.74;2191.45;2707.30;1329.96;1805.47;4441.36;461.74;861.94;48434.00;2446.94;14790.35;1265.83;6157.95;3660.63;11759.14;25049.18;6496.24;2212.71
1136;30401T5;3To4Ri2Re5Ta;3To;4Ri;2Re;5Ta;6.3;37;44;34;1085.62;1889.45;2196.98;1531.26;2175.06;4709.96;694.12;1507.18;68503.11;2423.94;16267.36;2050.15;6863.90;4284.29;15417.09;28853.75;4557.08;3822.92
1137;30401T5;3To4Ri2Re5Ta;3To;4Ri;2Re;5Ta;6.3;37;44;34;1306.81;2184.68;3298.35;1641.37;4596.02;4976.44;679.67;1394.54;63163.20;4797.46;14344.21;1819.10;6481.00;3812.95;10890.29;24200.61;8689.58;3486.70
1138;30401T5;3To4Ri2Re5Ta;3To;4Ri;2Re;5Ta;6.3;37;44;34;1087.24;1451.93;4995.58;861.98;3996.19;2662.70;459.33;728.38;57203.63;4423.00;17065.56;1423.33;6786.40;4226.87;10081.47;28599.29;8714.23;1867.87
1139;30401T5;3To4Ri2Re5Ta;3To;4Ri;2Re;5Ta;6.3;36;44;34;880.69;1577.77;2555.45;868.00;2956.72;2736.72;234.78;358.29;47670.83;2558.55;14021.50;609.68;5949.23;3778.66;10775.09;31066.54;5520.32;1015.36
1140;30401T5;3To4Ri2Re5Ta;3To;4Ri;2Re;5Ta;6.3;36;43;34;1036.83;2085.94;2157.58;2152.36;1845.71;7555.95;756.12;1558.13;52391.10;2400.93;14778.21;1883.18;4924.05;2919.73;13910.59;21058.53;4582.43;4454.16
1141;30401T5;3To4Ri2Re5Ta;3To;4Ri;2Re;5Ta;6.3;37;44;34;1561.34;2428.60;2650.60;1868.48;3830.76;5877.40;565.29;1210.57;63657.55;3540.45;13525.79;1715.76;6958.29;4115.21;12392.73;27497.38;6492.01;2913.88
1142;30401T5;3To4Ri2Re5Ta;3To;4Ri;2Re;5Ta;6.3;37;44;34;1875.23;2629.94;4218.09;2053.43;3738.37;5950.72;775.39;1739.96;73804.30;3872.82;23324.65;2158.46;7328.15;4140.73;15013.09;23962.96;5198.54;3187.84
1143;30401T5;3To4Ri2Re5Ta;3To;4Ri;2Re;5Ta;6.3;36;44;34;1078.30;1867.19;2910.08;1367.81;4640.73;3868.92;533.98;1108.66;50672.26;4436.21;12617.32;1477.48;5656.87;3411.00;9301.85;23541.48;8407.23;3274.05
1144;30401T5;3To4Ri2Re5Ta;3To;4Ri;2Re;5Ta;6.3;37;44;34;1202.72;2126.60;2790.91;1626.74;2429.16;4789.62;796.46;1770.53;68627.27;3971.69;14233.94;2121.45;6828.61;3984.42;11271.58;22818.45;7277.82;3730.96
1145;30401T5;3To4Ri2Re5Ta;3To;4Ri;2Re;5Ta;6.3;37;44;34;830.27;1556.47;1153.27;944.56;1084.92;2399.04;490.03;1027.13;44856.21;5261.98;20260.35;1361.50;5376.02;3426.15;14308.92;22228.82;11215.98;3349.72
1146;30401T5;3To4Ri2Re5Ta;3To;4Ri;2Re;5Ta;6.3;37;44;34;1342.59;2224.36;2932.19;1283.50;1908.30;3518.54;375.05;779.34;59507.95;3995.68;18184.45;1223.86;7300.52;4549.86;11302.41;31512.69;7065.88;1973.24
1147;30401T5;3To4Ri2Re5Ta;3To;4Ri;2Re;5Ta;6.3;37;44;34;772.54;2084.98;5721.18;1350.60;2551.36;3864.69;851.24;1897.12;67324.19;7308.52;24488.05;2287.98;7015.07;4575.38;14985.51;29079.06;9911.24;4139.98
1148;30401T5;3To4Ri2Re5Ta;3To;4Ri;2Re;5Ta;6.3;37;44;34;958.76;1624.23;2650.60;1124.35;5601.22;2803.70;329.90;520.81;42696.55;3406.34;10648.65;1041.10;5292.38;3388.67;8772.10;29740.44;9021.22;1640.86
1149;30401T5;3To4Ri2Re5Ta;3To;4Ri;2Re;5Ta;6.3;37;44;34;1578.41;2970.66;2621.77;3096.92;2570.73;8437.17;775.39;1684.72;61915.93;4332.93;11309.26;2179.22;6192.48;3380.70;9795.91;19002.67;9047.28;3986.72
1150;30401T5;3To4Ri2Re5Ta;3To;4Ri;2Re;5Ta;6.3;36;44;34;960.38;1930.10;4100.84;1634.49;2077.45;4513.97;581.54;1189.65;60182.27;5730.42;20608.36;1762.69;6662.09;4236.44;14250.51;27856.09;10030.23;4515.47
1151;30401T5;3To4Ri2Re5Ta;3To;4Ri;2Re;5Ta;6.3;37;44;34;1312.50;2200.16;1717.41;2263.33;1417.26;5591.88;630.30;1211.11;38765.65;3271.73;15666.44;1635.43;4903.34;2958.01;11681.26;23959.60;8374.84;3258.72
1152;40402T5;4To4Ri2Re5Ta;4To;4Ri;2Re;5Ta;6.533333333;37;42;33;1291.36;2151.77;2003.81;1021.12;1358.39;1545.31;834.38;1346.27;24858.86;6027.54;3601.48;2216.22;3018.74;1105.37;2866.98;2822.60;12901.65;5440.78
1153;40402T5;4To4Ri2Re5Ta;4To;4Ri;2Re;5Ta;6.533333333;37;43;33;1828.07;3385.91;2014.38;2136.01;1367.33;6681.78;1078.80;1774.29;54744.40;6004.04;3591.36;2069.56;6267.68;3678.17;2742.04;15773.16;12888.27;4548.99
1154;40402T5;4To4Ri2Re5Ta;4To;4Ri;2Re;5Ta;6.533333333;37;43;33;2290.77;4231.90;9710.53;3195.85;6657.83;7063.17;2011.31;3363.53;4294967300.00;5169.47;23507.76;2404.40;5599.32;3155.00;10562.54;16195.76;6703.96;3862.19
1155;40402T5;4To4Ri2Re5Ta;4To;4Ri;2Re;5Ta;6.533333333;37;43;33;2241.17;3715.98;13116.52;2667.65;6582.57;6265.14;1383.41;2364.82;63034.48;5064.23;16392.81;2122.81;6159.48;3745.96;7298.05;18460.12;6171.64;3250.10
1156;40402T5;4To4Ri2Re5Ta;4To;4Ri;2Re;5Ta;6.533333333;37;43;33;1985.83;3952.16;6448.70;2964.44;4424.64;5037.06;2052.85;3699.83;55538.32;6890.50;13263.77;2966.25;3791.45;2153.31;7856.20;14517.67;9888.70;4564.32
1157;40402T5;4To4Ri2Re5Ta;4To;4Ri;2Re;5Ta;6.533333333;37;44;33;3948.88;3660.81;6127.71;2493.88;4657.87;7018.05;1181.14;2148.13;50640.36;6470.52;13710.92;1795.63;5778.11;3652.65;7487.07;23947.27;8951.52;3025.96
1158;40402T5;4To4Ri2Re5Ta;4To;4Ri;2Re;5Ta;6.533333333;36;43;33;1054.72;2181.77;5796.14;1606.96;4150.43;3089.21;752.51;1316.23;43496.17;6388.29;18267.40;1146.24;4313.25;2687.65;12227.24;17314.49;7571.44;2773.08
1159;40402T5;4To4Ri2Re5Ta;4To;4Ri;2Re;5Ta;6.533333333;36;43;33;1292.98;2865.15;4538.12;2253.87;3289.05;5174.54;1447.23;2430.26;34620.61;6038.79;10488.81;1764.04;3155.32;1930.80;7839.16;11744.40;10538.61;3369.84
1160;40402T5;4To4Ri2Re5Ta;4To;4Ri;2Re;5Ta;6.533333333;37;43;33;806.69;2442.15;4677.47;1808.26;3781.59;3673.64;1344.89;2382.52;30703.38;6465.63;11278.91;2084.90;3037.92;1941.17;6936.23;11170.46;10528.05;4656.28
1161;40402T5;4To4Ri2Re5Ta;4To;4Ri;2Re;5Ta;6.533333333;36;43;33;914.85;1752.00;3176.30;1261.13;2370.29;3479.77;904.82;1532.39;26076.52;4720.61;10153.95;1280.72;3144.58;2211.53;6433.25;23206.31;10113.32;3139.95
1162;40402T5;4To4Ri2Re5Ta;4To;4Ri;2Re;5Ta;6.533333333;37;43;34;1817.49;3563.04;5188.75;2493.88;3571.46;7209.81;1170.91;1944.32;34604.66;5421.06;10644.60;1595.72;3384.76;1968.28;5673.11;9938.51;9219.08;3344.93
1163;40402T5;4To4Ri2Re5Ta;4To;4Ri;2Re;5Ta;6.533333333;37;44;33;1625.58;2159.51;3842.31;1369.53;2326.33;2175.56;943.35;1504.50;65923.14;5388.76;31042.54;1434.61;7834.60;4860.10;15308.39;29182.19;8415.68;3071.94
1164;40402T5;4To4Ri2Re5Ta;4To;4Ri;2Re;5Ta;6.533333333;37;44;34;3791.12;2881.60;4614.04;1669.76;3192.18;4006.39;622.48;1113.49;45516.87;5630.07;14094.34;1471.16;4987.74;3051.32;9110.40;22874.50;8015.03;2877.48
1165;40402T5;4To4Ri2Re5Ta;4To;4Ri;2Re;5Ta;6.533333333;37;43;33;1282.41;3291.05;3644.33;2425.06;2606.50;4619.01;1954.72;3616.16;28278.32;2905.10;11997.18;2756.40;1487.88;826.23;8991.95;5664.26;5783.67;5572.97
1166;40402T5;4To4Ri2Re5Ta;4To;4Ri;2Re;5Ta;6.533333333;37;43;33;956.32;2664.78;4252.68;2019.02;2661.64;5715.25;1074.58;1855.82;28549.42;3979.52;14782.26;1571.35;2556.79;1505.72;10504.13;8667.33;8802.95;4003.00
1167;40402T5;4To4Ri2Re5Ta;4To;4Ri;2Re;5Ta;6.533333333;37;44;34;2333.87;3643.38;6772.58;2518.83;4575.90;8953.21;432.84;612.53;43300.25;5969.29;11227.31;907.97;5917.00;3588.85;6367.54;17871.61;7151.07;1907.15
1168;40402T5;4To4Ri2Re5Ta;4To;4Ri;2Re;5Ta;6.533333333;37;44;34;1943.54;3806.00;7260.80;2452.59;9917.07;13612.41;1010.17;1583.34;27146.10;3997.15;23081.85;1352.93;3277.33;2001.78;11933.56;11793.72;7711.56;3939.78
1169;40402T5;4To4Ri2Re5Ta;4To;4Ri;2Re;5Ta;6.533333333;37;44;34;1781.71;2354.07;3086.92;2575.61;3461.92;4908.05;544.82;846.38;42333.19;1447.90;22422.25;854.72;5695.24;3762.71;19762.18;44248.02;2499.64;1787.41
1170;40402T5;4To4Ri2Re5Ta;4To;4Ri;2Re;5Ta;6.533333333;37;44;34;1917.52;3443.99;4224.81;2354.52;2888.91;6813.61;972.24;1675.06;43368.60;4308.95;14912.76;1647.61;4066.16;2366.25;8984.65;11287.04;6379.35;3129.41
1171;40402T5;4To4Ri2Re5Ta;4To;4Ri;2Re;5Ta;6.533333333;37;44;34;2439.59;3636.61;6541.92;2450.01;4384.40;7616.58;649.57;1036.25;42256.88;7653.61;11610.73;1276.66;5538.70;3376.71;6902.16;16419.96;8632.55;2398.54
1172;40402T5;4To4Ri2Re5Ta;4To;4Ri;2Re;5Ta;6.533333333;37;44;34;2295.65;5065.31;6708.19;13675.49;9826.16;12534.50;1517.66;2628.71;32643.20;3820.44;24860.34;2593.04;3717.79;2182.82;12498.20;13256.58;5694.24;4816.24
1173;40402T5;4To4Ri2Re5Ta;4To;4Ri;2Re;5Ta;6.533333333;37;45;34;1950.86;1638.75;2271.94;1233.61;2097.57;3046.91;794.65;1236.85;61049.10;2342.68;28825.00;1245.98;7169.31;4431.83;16029.59;33519.22;2534.84;2005.81
1174;40402T5;4To4Ri2Re5Ta;4To;4Ri;2Re;5Ta;6.533333333;37;44;34;1944.35;1980.44;12834.93;1274.90;14261.98;3689.15;495.45;747.69;66812.75;4804.80;19203.18;1121.42;8086.28;4915.13;10784.02;36591.80;8267.81;1546.03
1175;40402T5;4To4Ri2Re5Ta;4To;4Ri;2Re;5Ta;6.533333333;37;44;34;2149.28;3700.49;6508.29;2468.93;4103.49;7734.31;1069.17;1690.62;38343.06;6870.92;11558.12;1625.50;4052.35;2355.88;6832.39;10964.20;8679.73;2892.81
1176;40402T5;4To4Ri2Re5Ta;4To;4Ri;2Re;5Ta;6.533333333;38;45;34;2979.55;4137.04;7492.41;2660.77;4757.72;8446.34;1220.27;1891.75;4294967300.00;8233.65;15241.55;1650.32;7702.61;4927.89;8308.88;17564.47;9319.77;1978.99
1177;40402T5;4To4Ri2Re5Ta;4To;4Ri;2Re;5Ta;6.533333333;38;45;34;1668.68;1916.55;2595.82;2102.47;3173.55;4828.39;1378.60;2309.58;43124.84;3925.19;23495.62;2097.54;4565.70;2770.59;13247.80;20305.24;5375.98;3689.77
1178;40402T5;4To4Ri2Re5Ta;4To;4Ri;2Re;5Ta;6.533333333;37;44;34;1101.07;2600.90;3506.90;1816.86;2427.67;3938.71;1061.34;1969.52;43095.22;3593.32;21431.85;1852.49;4553.43;2836.79;12352.17;18308.79;4878.87;3260.64
1179;40402T5;4To4Ri2Re5Ta;4To;4Ri;2Re;5Ta;6.533333333;37;44;34;1485.71;3139.08;3316.61;2246.99;2666.86;5146.34;1468.90;2710.24;37421.56;3439.62;27964.08;2190.50;2985.74;1757.74;16807.59;11025.85;5253.46;4207.03
1180;40402T5;4To4Ri2Re5Ta;4To;4Ri;2Re;5Ta;6.533333333;38;44;34;1832.13;3537.88;5855.73;2536.03;3898.57;5857.66;1603.75;3012.21;46905.38;4055.39;23586.67;2621.47;4060.79;2430.85;11854.87;15174.56;5987.16;4374.66
1181;40402T5;4To4Ri2Re5Ta;4To;4Ri;2Re;5Ta;6.533333333;38;45;34;1931.34;2269.86;5989.32;2930.03;11551.16;5753.32;942.14;1596.22;62837.43;6526.81;17570.37;1663.86;6907.64;4269.93;9422.73;26663.38;10161.90;2763.50
1182;40402T5;4To4Ri2Re5Ta;4To;4Ri;2Re;5Ta;6.533333333;37;44;34;1542.63;1611.65;3928.81;2090.42;2984.29;3749.07;699.53;1133.87;65230.59;6168.02;16806.57;1081.71;7145.52;4500.42;8913.26;30123.81;8899.41;1934.93
1183;40402T5;4To4Ri2Re5Ta;4To;4Ri;2Re;5Ta;6.533333333;38;44;34;1099.44;1727.80;9567.34;1411.68;13826.07;3371.91;843.41;1322.67;57897.32;4937.45;11611.74;1479.29;6184.04;3899.88;7221.79;24588.46;12194.71;2668.67
1184;40402T5;4To4Ri2Re5Ta;4To;4Ri;2Re;5Ta;6.533333333;37;45;34;973.40;2841.92;5017.69;1774.71;3686.95;4941.89;1436.99;2612.09;33969.07;6519.96;13785.78;2276.69;3706.28;2386.98;8424.89;19099.07;9889.41;4276.95
1185;40402T5;4To4Ri2Re5Ta;4To;4Ri;2Re;5Ta;6.533333333;38;45;34;1546.70;1809.11;4506.40;2086.98;3782.33;4393.42;583.95;907.53;71720.96;6587.51;13770.61;1306.45;7946.63;4962.98;8911.64;29923.15;9993.62;1890.86
1186;40402T5;4To4Ri2Re5Ta;4To;4Ri;2Re;5Ta;6.533333333;38;45;34;2092.35;3697.59;4461.23;2540.34;6595.98;7240.82;1073.98;1819.34;43310.51;5422.04;19929.54;1608.80;4375.40;2615.07;10467.63;13525.62;9785.20;2815.22
1187;40402T5;4To4Ri2Re5Ta;4To;4Ri;2Re;5Ta;6.533333333;38;44;34;2429.02;3278.47;5150.31;2248.71;3516.32;5214.72;1325.62;2455.47;42265.99;4981.50;6461.42;2080.84;3889.67;2343.92;3835.61;14534.49;8317.81;3825.79
1188;40402T5;4To4Ri2Re5Ta;4To;4Ri;2Re;5Ta;6.533333333;38;45;35;2507.08;4137.04;6270.91;2825.94;4542.37;6371.59;1922.21;3397.86;72796.23;3102.85;16335.14;2625.98;5120.49;2985.92;7180.42;16120.66;4326.13;3840.16
1189;40402T5;4To4Ri2Re5Ta;4To;4Ri;2Re;5Ta;6.533333333;38;45;34;1480.02;2799.33;6618.81;1934.72;4796.47;5449.48;1387.03;2447.42;4294967300.00;2873.28;18608.33;2453.14;7295.15;4189.38;8067.93;22151.47;3668.48;3519.27
1190;40402T5;4To4Ri2Re5Ta;4To;4Ri;2Re;5Ta;6.533333333;38;45;35;2136.27;3226.20;4661.13;3706.84;8469.26;5034.24;1379.80;2356.24;68658.02;8078.48;10100.33;1841.21;7037.32;4643.17;5230.16;22364.46;13647.31;2936.87
1191;40402T5;4To4Ri2Re5Ta;4To;4Ri;2Re;5Ta;6.533333333;38;45;34;2161.48;2309.54;4179.64;1656.85;5280.81;4805.83;577.33;938.10;4294967300.00;8358.47;9997.14;1154.37;8642.61;5411.19;5164.45;32699.79;13037.54;1629.36
1192;40402T5;4To4Ri2Re5Ta;4To;4Ri;2Re;5Ta;6.533333333;38;45;35;2046.81;5137.91;6616.89;7789.62;4898.55;17725.25;1184.75;2230.73;44448.43;4223.78;23137.49;2037.52;4930.96;3020.22;11899.49;19998.09;5568.91;4321.02
1193;40402T5;4To4Ri2Re5Ta;4To;4Ri;2Re;5Ta;6.533333333;38;45;35;1687.38;3963.78;7328.07;2925.73;4806.90;6934.16;1626.02;3077.11;37528.63;7230.20;9550.00;2661.63;3727.00;2239.44;4011.66;11576.25;9425.39;4449.37
1194;40402T5;4To4Ri2Re5Ta;4To;4Ri;2Re;5Ta;6.533333333;38;45;35;1924.84;3774.06;6762.97;2678.84;4774.11;6045.89;1830.10;3389.81;51684.88;4292.31;16121.69;2813.26;4038.54;2306.43;7257.49;13525.62;5166.85;4179.25
1195;40402T5;4To4Ri2Re5Ta;4To;4Ri;2Re;5Ta;6.533333333;39;45;35;2353.39;3994.75;3381.96;5338.75;6958.86;10809.42;1065.55;1844.55;73109.48;6226.76;19623.01;1730.65;7957.37;5068.25;10083.09;23315.04;9372.58;2806.60
1196;40402T5;4To4Ri2Re5Ta;4To;4Ri;2Re;5Ta;6.533333333;38;45;35;1969.56;2335.68;3039.83;1954.50;3044.64;4456.87;1259.40;2217.32;59050.05;4271.26;26541.70;1902.13;6240.05;3931.78;13315.13;21604.44;5583.70;3207.00
1197;40402T5;4To4Ri2Re5Ta;4To;4Ri;2Re;5Ta;6.533333333;39;45;35;3754.53;3607.57;6268.98;2448.29;4264.44;7300.75;943.35;1565.11;32345.91;6960.99;14526.31;1465.75;4591.79;2912.55;7921.91;14459.38;8730.42;2410.04
1198;40402T5;4To4Ri2Re5Ta;4To;4Ri;2Re;5Ta;6.533333333;38;45;35;2860.01;3837.94;7158.92;2747.66;4710.03;6712.80;1625.42;3019.72;30562.14;8264.49;8245.98;2401.70;3267.36;2022.52;3787.75;9662.75;10466.09;4102.62
1199;40402T5;4To4Ri2Re5Ta;4To;4Ri;2Re;5Ta;6.533333333;38;45;35;2148.46;4194.15;4475.65;8531.16;3123.63;10661.38;1583.28;2855.06;45071.50;5094.08;22925.04;2587.62;4670.06;2792.12;13354.88;12572.79;6193.47;4682.14
1200;40402T5;4To4Ri2Re5Ta;4To;4Ri;2Re;5Ta;6.533333333;39;45;35;2100.49;2862.24;20397.50;3263.81;25228.20;6294.04;1335.86;2281.69;63945.73;6134.24;22489.02;1750.05;6695.09;4247.60;9343.23;23858.71;9373.99;2999.14
1201;40402T5;4To4Ri2Re5Ta;4To;4Ri;2Re;5Ta;6.533333333;38;45;35;7957.12;4242.55;4639.03;2305.49;3170.57;6957.42;1440.61;2466.20;30142.96;5306.52;18699.38;2000.96;3891.98;2501.03;11806.20;11498.90;7036.30;2980.94
1202;40402T5;4To4Ri2Re5Ta;4To;4Ri;2Re;5Ta;6.533333333;38;45;35;827.83;2000.76;4713.03;1440.07;2751.06;4296.13;1228.10;2144.92;55903.96;7342.30;8135.71;2750.99;4393.82;2067.97;6671.76;11843.04;10848.42;4457.99
1203;50402T5;5To4Ri2Re5Ta;5To;4Ri;2Re;5Ta;6.6;36;41;34;506.62;802.44;1064.85;400.02;863.62;860.78;290.77;459.13;21132.99;2144.93;13621.89;923.31;3068.61;2322.38;14713.74;34024.78;6846.19;2608.32
1204;50402T5;5To4Ri2Re5Ta;5To;4Ri;2Re;5Ta;6.6;37;43;34;957.95;2133.37;3178.22;1950.20;1926.19;6384.28;927.09;2031.74;40304.52;3657.93;13200.04;2048.80;3348.69;1697.13;10706.13;10904.79;8896.59;4905.33
1205;50402T5;5To4Ri2Re5Ta;5To;4Ri;2Re;5Ta;6.6;37;43;34;1478.39;2591.22;4781.27;2106.77;3540.91;5942.26;853.65;1662.19;56285.55;5108.28;17234.50;1900.78;5849.47;3406.22;11205.87;22379.03;8469.90;3508.73
1206;50402T5;5To4Ri2Re5Ta;5To;4Ri;2Re;5Ta;6.6;37;43;34;1510.11;4220.29;2958.14;4807.11;6615.35;11794.27;1247.36;2110.05;52886.59;3373.05;17901.18;2072.72;5678.35;3539.40;12172.88;21486.74;6741.27;4032.69
1207;50402T5;5To4Ri2Re5Ta;5To;4Ri;2Re;5Ta;6.6;37;43;34;1362.92;2742.22;4502.56;2042.25;2672.07;6129.08;853.05;1697.05;42710.22;5627.14;17288.12;1725.68;4373.87;2428.45;9385.41;13152.33;10074.59;3519.27
1208;50402T5;5To4Ri2Re5Ta;5To;4Ri;2Re;5Ta;6.6;37;44;34;1379.99;2177.90;3634.72;1772.13;2859.10;4906.64;649.57;1153.18;51995.84;5294.28;18452.53;1661.15;6078.91;3584.86;12683.16;21147.09;9060.66;3396.66
1209;50402T5;5To4Ri2Re5Ta;5To;4Ri;2Re;5Ta;6.6;37;44;34;1585.73;4492.28;7979.67;4610.11;9543.75;13678.68;830.77;1587.10;41531.29;3659.89;16717.55;1815.94;4826.60;2784.15;10299.70;16695.72;7743.24;3601.65
1210;50402T5;5To4Ri2Re5Ta;5To;4Ri;2Re;5Ta;6.6;37;45;34;1788.22;1683.27;4706.30;997.04;3391.88;2449.09;794.05;1405.81;4294967300.00;4090.64;14236.98;2043.83;8694.79;5238.12;7920.28;27824.70;8915.61;3423.48
1211;50402T5;5To4Ri2Re5Ta;5To;4Ri;2Re;5Ta;6.6;37;44;34;1913.45;2538.95;4919.66;1463.29;2678.03;3750.48;598.40;1276.54;67687.55;5329.53;24366.65;1469.36;7327.38;4446.98;13476.57;28960.24;8940.96;3042.24
1212;50402T5;5To4Ri2Re5Ta;5To;4Ri;2Re;5Ta;6.6;37;44;34;1123.02;1755.87;3339.68;1547.60;2637.05;4682.46;1032.44;2036.57;45333.48;3998.12;24599.33;2186.44;4426.81;2396.55;14307.30;14535.61;6996.87;4089.21
1213;50402T5;5To4Ri2Re5Ta;5To;4Ri;2Re;5Ta;6.6;38;44;34;1512.54;2194.36;2690.00;2006.12;2614.70;6067.74;652.58;1221.83;49803.15;4935.98;10221.73;1632.72;5671.45;3393.46;6511.13;23806.03;12378.48;2727.10
1214;50402T5;5To4Ri2Re5Ta;5To;4Ri;2Re;5Ta;6.6;37;44;34;1571.91;2555.40;2700.57;2101.60;3913.48;6537.26;774.78;1502.89;44361.86;4322.65;17908.26;1760.88;4787.47;2619.86;10647.72;13541.31;8737.46;3570.99
1215;50402T5;5To4Ri2Re5Ta;5To;4Ri;2Re;5Ta;6.6;37;44;34;1684.94;2732.54;4613.08;1716.21;3066.25;5329.63;432.84;801.33;57724.18;4823.89;19095.94;1031.62;7068.02;4324.96;11206.68;22844.23;7846.75;2028.80
1216;50402T5;5To4Ri2Re5Ta;5To;4Ri;2Re;5Ta;6.6;37;44;34;1057.16;1993.99;2125.86;2333.01;2087.88;7226.73;617.06;1100.08;44605.62;3322.63;14718.52;1383.62;5221.02;3155.00;10417.33;24339.61;9257.81;3117.91
1217;50402T5;5To4Ri2Re5Ta;5To;4Ri;2Re;5Ta;6.6;37;44;34;1484.90;3399.46;3238.77;4456.12;5413.44;14765.05;939.73;1700.81;33425.74;3630.03;14343.20;1931.92;4174.36;2312.02;11080.93;14790.07;7250.36;4317.19
1218;50402T5;5To4Ri2Re5Ta;5To;4Ri;2Re;5Ta;6.6;38;44;34;1428.79;2128.53;2699.61;1678.36;2773.41;5024.38;533.38;935.42;52975.44;3527.24;19045.36;1364.66;6391.22;3857.61;14605.03;27412.18;5696.36;2379.39
1219;50402T5;5To4Ri2Re5Ta;5To;4Ri;2Re;5Ta;6.6;38;44;34;1350.72;1550.66;3234.92;1190.59;4566.22;3879.49;710.37;1215.93;67610.09;5021.15;13101.91;1838.50;7031.95;4139.94;9429.22;26637.59;9319.07;2913.88
1220;50402T5;5To4Ri2Re5Ta;5To;4Ri;2Re;5Ta;6.6;37;44;34;1429.60;2474.09;4104.68;1612.98;2772.67;4607.03;744.08;1549.55;60981.89;4855.22;16179.35;1681.46;5927.74;3502.72;11065.52;23899.06;8681.84;3382.29
1221;50402T5;5To4Ri2Re5Ta;5To;4Ri;2Re;5Ta;6.6;37;44;34;1518.24;2267.92;4097.95;1670.62;3018.56;5333.16;836.19;1648.78;52802.30;3855.19;18016.51;1766.75;5289.31;3131.07;13372.73;21471.04;6799.01;3470.42
1222;50402T5;5To4Ri2Re5Ta;5To;4Ri;2Re;5Ta;6.6;37;44;34;1534.50;2778.03;4072.97;2336.45;3783.08;9111.13;787.43;1483.58;57060.11;5095.06;15977.02;2153.95;5495.73;2930.10;10388.93;17117.20;9314.84;4157.22
1223;50402T5;5To4Ri2Re5Ta;5To;4Ri;2Re;5Ta;6.6;37;44;34;877.44;1886.55;4335.33;1434.91;3099.78;4466.03;810.30;1647.17;49316.77;5649.65;19722.16;1672.43;4849.62;2749.86;12615.02;20672.92;10670.99;3682.11
1224;50402T5;5To4Ri2Re5Ta;5To;4Ri;2Re;5Ta;6.6;37;44;34;416.36;838.25;2514.13;755.30;1792.06;2114.93;648.96;1138.16;55786.64;4084.27;15060.46;1487.86;6174.06;4127.97;11321.07;36674.75;9840.82;4048.98
1225;50402T5;5To4Ri2Re5Ta;5To;4Ri;2Re;5Ta;6.6;37;44;34;1516.61;2063.68;3280.09;1100.27;2786.82;2920.02;538.20;1006.22;71669.70;4394.61;15640.14;1150.31;7297.45;4457.35;10552.81;37552.47;8890.96;2305.63
1226;50402T5;5To4Ri2Re5Ta;5To;4Ri;2Re;5Ta;6.6;38;44;34;968.52;2276.63;4214.24;1317.05;2579.67;3619.35;753.11;1508.79;68492.86;4854.73;20157.17;1585.79;6659.79;3876.75;14322.71;26210.50;8666.35;3360.26
1227;50402T5;5To4Ri2Re5Ta;5To;4Ri;2Re;5Ta;6.6;38;44;34;870.93;2517.65;3840.39;1537.28;2528.26;4238.33;994.52;2046.22;68069.13;3897.29;19009.95;2090.77;6325.99;3693.32;13066.89;22373.43;7094.74;4226.19
1228;50402T5;5To4Ri2Re5Ta;5To;4Ri;2Re;5Ta;6.6;37;44;34;1235.24;2327.93;3256.07;1708.47;2883.69;5755.44;662.81;1428.87;67424.42;5655.04;29299.46;2178.77;7036.56;4292.26;16673.73;27587.05;11171.62;3680.19
1229;50402T5;5To4Ri2Re5Ta;5To;4Ri;2Re;5Ta;6.6;37;44;34;1236.87;2338.58;2806.29;1707.61;3243.59;5713.14;722.41;1425.12;55165.85;2992.72;14184.37;1926.05;5964.57;3454.86;11239.94;22540.45;6863.09;3889.01
1230;50402T5;5To4Ri2Re5Ta;5To;4Ri;2Re;5Ta;6.6;37;44;34;1105.13;2544.76;4291.13;1605.24;2710.07;4815.00;646.56;1320.53;62216.64;6058.86;31223.63;1564.13;6301.44;3777.86;17254.59;22307.29;10782.24;3326.73
1231;50402T5;5To4Ri2Re5Ta;5To;4Ri;2Re;5Ta;6.6;37;44;34;1239.31;2238.88;4062.39;1323.07;2406.06;3671.52;631.51;1340.37;61493.33;3881.63;20934.12;1457.17;6095.02;3670.99;11729.94;29478.13;7960.82;3106.42
1232;50402T5;5To4Ri2Re5Ta;5To;4Ri;2Re;5Ta;6.6;38;44;34;1237.68;2231.14;3177.26;1317.05;2678.78;8810.10;1070.97;1931.98;28797.73;3816.53;19431.81;1884.98;3732.37;2165.27;13987.66;14939.16;6653.96;4927.36
1233;50402T5;5To4Ri2Re5Ta;5To;4Ri;2Re;5Ta;6.6;38;44;34;815.64;2265.02;4997.50;1393.61;5095.27;3765.99;657.99;1435.31;53770.50;3564.93;13317.39;1524.41;5304.66;3097.57;9985.74;20565.30;8003.06;3475.20
1234;50402T5;5To4Ri2Re5Ta;5To;4Ri;2Re;5Ta;6.6;37;44;34;1031.13;1794.59;4697.65;1112.31;2457.47;3118.82;407.56;777.73;55591.86;4838.57;24464.78;1140.83;6444.93;4116.01;14398.16;32105.68;9401.45;2311.38
1235;50402T5;5To4Ri2Re5Ta;5To;4Ri;2Re;5Ta;6.6;37;44;34;919.72;2058.84;5362.71;1124.35;2569.99;2919.31;495.45;1028.21;66871.98;5129.33;25943.81;1395.80;6879.25;4346.49;16198.33;33707.55;9959.12;2905.26
1236;50402T5;5To4Ri2Re5Ta;5To;4Ri;2Re;5Ta;6.6;38;44;34;998.60;2158.54;3617.42;1144.14;2167.61;3120.94;579.13;1166.59;52749.90;3798.90;21315.51;1447.25;6541.62;3828.90;12421.94;18978.01;6642.70;3586.32
1237;50402T5;5To4Ri2Re5Ta;5To;4Ri;2Re;5Ta;6.6;37;44;34;1170.19;2330.84;4273.83;1301.57;2418.72;3625.70;446.69;831.36;55041.69;4644.25;23176.95;1104.73;6212.43;3934.18;13556.89;27415.55;8907.16;2258.69
1238;50402T5;5To4Ri2Re5Ta;5To;4Ri;2Re;5Ta;6.6;37;44;34;940.87;1744.26;3239.73;1516.63;3140.02;4710.66;541.81;960.63;35542.11;4840.53;16248.14;1197.69;4568.01;2821.63;11517.39;25252.08;10107.69;2957.95
1239;50402T5;5To4Ri2Re5Ta;5To;4Ri;2Re;5Ta;6.6;37;44;34;1127.09;1774.26;3191.67;1393.61;2212.32;4394.13;616.46;1239.00;45800.49;4366.22;9180.74;1456.27;4775.96;2805.68;9498.99;19739.15;9973.90;3467.54
1240;50402T5;5To4Ri2Re5Ta;5To;4Ri;2Re;5Ta;6.6;37;44;34;1170.19;2209.84;2695.77;1248.23;1850.93;3474.83;480.40;959.02;61028.60;2531.13;16969.45;1246.88;6817.86;4208.52;9124.19;29546.51;4642.99;2538.39
1241;50402T5;5To4Ri2Re5Ta;5To;4Ri;2Re;5Ta;6.6;37;44;34;782.29;2598.96;2775.54;1446.95;2190.71;3989.47;828.36;1819.88;4294967300.00;3525.28;14555.65;2041.58;7843.04;4659.12;7500.05;27946.88;6708.18;4300.90
1242;50402T5;5To4Ri2Re5Ta;5To;4Ri;2Re;5Ta;6.6;37;45;34;1339.33;2801.26;4783.19;2277.10;2871.77;8363.15;936.72;1841.87;44832.29;4385.80;26253.38;2178.31;4073.84;1746.57;15761.88;7641.65;7696.07;4953.22
1243;50402T5;5To4Ri2Re5Ta;5To;4Ri;2Re;5Ta;6.6;38;44;34;831.90;2441.18;3256.07;1393.61;2049.88;3598.91;775.99;1619.82;4294967300.00;3660.38;18103.51;1773.07;7342.73;4395.14;10025.49;27071.41;6568.76;3772.15
1244;50402T5;5To4Ri2Re5Ta;5To;4Ri;2Re;5Ta;6.6;37;44;34;1628.02;2242.75;3204.17;2349.36;2243.62;6233.41;526.76;982.08;48340.60;2316.74;24680.26;1494.63;5993.73;3718.84;18177.79;28484.95;4174.04;2793.19
1245;50402T5;5To4Ri2Re5Ta;5To;4Ri;2Re;5Ta;6.6;37;44;34;1403.58;2378.27;3386.77;1782.45;2692.94;5322.58;507.49;1023.38;4294967300.00;4789.62;14089.28;1704.02;8169.16;5113.71;10599.05;33615.63;8749.43;3147.61
1246;50402T5;5To4Ri2Re5Ta;5To;4Ri;2Re;5Ta;6.6;37;44;34;1214.10;2153.70;3155.15;1924.39;2884.44;5931.68;706.76;1420.83;41945.91;4547.82;14711.44;1753.66;4357.75;2520.17;10431.12;18744.85;8462.86;3787.48
1247;50402T5;5To4Ri2Re5Ta;5To;4Ri;2Re;5Ta;6.6;37;44;34;931.11;2876.76;3651.06;1693.84;4226.43;4141.74;878.33;1862.25;73009.23;4561.03;10583.90;1903.04;6996.65;4148.71;6699.35;23866.56;8703.67;3965.64
1248;50402T5;5To4Ri2Re5Ta;5To;4Ri;2Re;5Ta;6.6;37;44;34;1062.03;2175.96;3228.20;3181.23;4219.73;9775.92;1037.86;1820.95;27588.05;3104.81;13851.54;1804.66;3177.58;1807.18;11699.11;11893.48;7102.49;4758.77
1249;50402T5;5To4Ri2Re5Ta;5To;4Ri;2Re;5Ta;6.6;37;44;34;882.32;1735.54;3999.93;1668.04;9499.79;4360.29;1140.20;2152.42;24997.83;3913.44;11740.22;1819.55;2445.53;1461.06;7944.62;9733.38;11770.83;5231.96
1250;50402T5;5To4Ri2Re5Ta;5To;4Ri;2Re;5Ta;6.6;37;44;34;935.18;2266.95;4334.37;1334.26;2628.85;3389.53;497.26;1043.23;54537.09;5183.17;15458.04;1203.56;6093.49;3832.89;9657.18;25941.47;9247.25;2939.75
1251;50402T5;5To4Ri2Re5Ta;5To;4Ri;2Re;5Ta;6.6;37;44;34;394.40;2205.00;3787.53;1202.64;1962.70;3311.28;927.69;2138.48;4294967300.00;5606.09;22675.17;2079.94;6145.67;3577.68;14647.21;21840.96;10680.84;4703.21
1252;50402T5;5To4Ri2Re5Ta;5To;4Ri;2Re;5Ta;6.6;38;44;34;1221.42;2251.46;4019.15;2154.94;3246.57;8110.06;785.02;1607.48;61913.64;5054.93;18059.00;2242.85;5927.74;3434.93;13891.93;18698.89;9147.97;4653.40
1000;10101T5;1To1Ri1Re5Ta;1To;1Ri;1Re;5Ta;8.1;30;35;28;944.12;2723.83;4012.42;1581.15;3110.21;4247.49;647.16;701.56;6231.80;680.39;1199.82;319.50;953.04;449.80;765.01;743.20;642.16;497.14
1001;10101T5;1To1Ri1Re5Ta;1To;1Ri;1Re;5Ta;8.1;30;36;28;530.20;1349.33;3727.95;826.71;2808.43;2283.42;744.08;874.81;3762.32;624.10;1114.84;225.64;676.03;455.39;720.39;745.44;636.53;411.89
1002;10101T5;1To1Ri1Re5Ta;1To;1Ri;1Re;5Ta;8.1;30;36;28;483.04;1517.75;2497.79;942.84;991.78;1584.08;1577.26;2743.50;6351.40;684.30;2527.11;1041.55;496.47;290.30;1203.90;844.09;411.91;846.77
1003;10101T5;1To1Ri1Re5Ta;1To;1Ri;1Re;5Ta;8.1;29;37;28;551.35;1568.09;2811.10;874.02;1532.75;1453.66;1096.26;1863.32;6440.25;1238.89;2866.01;668.79;501.08;345.33;2080.06;1305.93;820.30;661.90
1004;10101T5;1To1Ri1Re5Ta;1To;1Ri;1Re;5Ta;8.1;30;37;28;676.58;1586.48;2813.02;899.83;1041.71;1687.72;1279.27;2363.21;9449.65;775.35;1619.65;970.25;843.31;516.79;532.18;1656.79;351.36;706.92
1005;10101T5;1To1Ri1Re5Ta;1To;1Ri;1Re;5Ta;8.1;30;37;28;488.73;1324.16;2696.73;849.93;1504.44;1486.80;854.85;1176.24;9022.50;2837.06;767.84;699.93;662.99;499.25;406.44;2367.49;773.13;434.88
1006;10101T5;1To1Ri1Re5Ta;1To;1Ri;1Re;5Ta;8.1;30;37;28;628.60;1646.49;2281.55;879.18;1374.78;1737.77;789.83;954.19;3359.09;2401.42;897.34;255.87;453.50;314.22;811.26;696.12;1115.33;446.37
1007;10101T5;1To1Ri1Re5Ta;1To;1Ri;1Re;5Ta;8.1;30;37;28;581.44;1560.34;3297.39;915.31;1141.55;1567.17;1601.34;2275.25;4739.63;1343.15;1753.19;850.66;366.02;243.24;939.43;641.19;731.58;609.21
1008;10101T5;1To1Ri1Re5Ta;1To;1Ri;1Re;5Ta;8.1;31;38;28;517.19;1196.39;2445.89;841.33;1221.28;1503.01;955.99;1190.19;5642.91;995.13;2373.34;482.87;504.91;379.62;1211.20;1172.53;558.37;443.50
1009;10101T5;1To1Ri1Re5Ta;1To;1Ri;1Re;5Ta;8.1;31;38;28;504.18;1326.10;2670.78;679.60;1169.12;1486.09;798.26;973.50;3426.29;1668.17;799.21;209.39;587.79;490.48;483.51;1438.20;694.27;387.94
1010;10101T5;1To1Ri1Re5Ta;1To;1Ri;1Re;5Ta;8.1;31;38;28;566.80;1231.24;2634.26;789.71;1534.24;1426.17;1046.29;1444.43;6925.49;1032.82;1852.33;564.10;677.57;490.48;1113.04;1565.99;563.30;467.45
1011;10101T5;1To1Ri1Re5Ta;1To;1Ri;1Re;5Ta;8.1;31;38;28;642.42;1692.95;2190.25;898.11;1397.14;1722.97;892.78;1176.78;5131.47;2731.82;1775.45;428.26;536.37;342.93;1030.29;882.20;1218.84;503.85
1012;10101T5;1To1Ri1Re5Ta;1To;1Ri;1Re;5Ta;8.1;31;38;28;552.16;1268.02;3407.91;843.05;1555.11;1412.78;776.59;1045.91;8603.33;1187.00;1490.16;495.05;827.97;667.53;1013.26;2666.79;641.46;407.10
1013;10101T5;1To1Ri1Re5Ta;1To;1Ri;1Re;5Ta;8.1;32;38;29;647.30;1492.59;2369.01;901.55;1529.77;1412.78;1105.29;1612.31;4145.04;1615.79;1261.53;611.93;361.42;239.26;631.16;592.99;734.40;587.18
1014;10101T5;1To1Ri1Re5Ta;1To;1Ri;1Re;5Ta;8.1;31;38;29;629.41;1585.51;2533.35;853.37;1356.15;2165.69;865.69;1039.47;2414.81;3497.38;1348.53;219.32;363.72;270.36;958.09;585.15;1297.70;489.48
1015;10101T5;1To1Ri1Re5Ta;1To;1Ri;1Re;5Ta;8.1;31;38;29;322.84;1022.16;2401.68;667.56;989.55;1467.76;618.26;823.32;6992.69;701.92;2401.66;332.14;778.86;629.24;728.51;2665.67;339.39;396.56
1016;10101T5;1To1Ri1Re5Ta;1To;1Ri;1Re;5Ta;8.1;31;39;29;414.73;1260.28;2250.80;810.36;984.33;1326.77;716.39;1382.21;3950.26;1238.89;2214.51;412.02;531.77;463.36;945.11;1576.08;616.11;673.39
1017;10101T5;1To1Ri1Re5Ta;1To;1Ri;1Re;5Ta;8.1;31;38;29;363.50;1120.89;2562.18;584.97;1363.61;1904.14;671.24;814.74;4523.21;1821.87;1209.94;254.07;628.46;488.08;842.89;1456.14;912.54;398.48
1018;10101T5;1To1Ri1Re5Ta;1To;1Ri;1Re;5Ta;8.1;32;39;29;673.33;1307.71;1525.20;831.01;988.06;2160.76;1129.97;1497.53;10145.61;657.87;2875.11;741.00;899.33;618.88;1407.53;2173.56;428.81;468.41
1019;10101T5;1To1Ri1Re5Ta;1To;1Ri;1Re;5Ta;8.1;32;39;29;402.53;1299.96;1959.60;832.73;1377.02;1247.11;678.46;876.42;9843.76;2533.09;1942.37;410.66;825.66;739.30;888.32;4070.24;879.45;388.90
1020;10101T5;1To1Ri1Re5Ta;1To;1Ri;1Re;5Ta;8.1;32;39;29;491.98;1479.04;3282.98;989.29;1420.24;1644.71;1218.46;1601.04;9366.50;1116.03;789.09;885.41;641.50;405.14;387.78;1736.38;441.49;634.12
1021;10101T5;1To1Ri1Re5Ta;1To;1Ri;1Re;5Ta;8.1;32;39;29;613.96;1567.12;2006.69;805.20;1079.71;1943.62;807.29;946.68;3371.62;1510.55;2381.43;205.33;508.75;428.27;1169.83;1336.20;739.33;403.27
1022;10101T5;1To1Ri1Re5Ta;1To;1Ri;1Re;5Ta;8.1;32;39;29;427.74;1312.55;1905.78;866.28;1128.14;1753.98;1168.50;2301.00;4265.78;1628.52;2835.66;629.53;468.08;300.67;1023.80;702.85;727.36;772.05
1023;10101T5;1To1Ri1Re5Ta;1To;1Ri;1Re;5Ta;8.1;32;39;29;555.41;1512.91;2572.75;911.87;1070.02;1789.94;1184.75;1679.89;4716.85;667.17;1027.84;640.36;397.48;276.74;419.42;825.03;335.87;543.12
1024;10101T5;1To1Ri1Re5Ta;1To;1Ri;1Re;5Ta;8.1;32;39;29;477.35;1512.91;2690.00;875.74;1323.37;1330.29;1113.11;1735.13;7325.30;2201.22;1175.54;864.20;526.40;319.81;816.93;1051.47;859.03;675.31
1025;10101T5;1To1Ri1Re5Ta;1To;1Ri;1Re;5Ta;8.1;32;39;30;350.49;1000.87;2074.93;735.52;1207.87;1244.29;654.98;879.10;5364.98;2751.40;1209.94;352.45;676.03;535.14;584.92;1614.20;957.61;467.45
1026;10101T5;1To1Ri1Re5Ta;1To;1Ri;1Re;5Ta;8.1;32;39;30;318.77;1244.79;2557.38;863.70;1143.04;1409.96;655.59;1057.17;3393.26;1575.66;790.10;299.20;432.78;344.53;387.78;1113.12;473.17;654.24
1027;10101T5;1To1Ri1Re5Ta;1To;1Ri;1Re;5Ta;8.1;32;39;30;409.85;1400.63;1885.60;881.76;1221.28;1448.73;1341.27;2115.95;7181.78;662.28;2212.48;1010.41;455.80;281.53;760.96;957.31;361.92;714.58
1028;10101T5;1To1Ri1Re5Ta;1To;1Ri;1Re;5Ta;8.1;32;39;30;443.19;1402.57;2192.17;753.58;1301.76;1431.81;750.70;894.65;2988.90;1600.13;1245.34;188.63;469.62;437.84;1040.03;1351.89;940.71;386.03
1029;10101T5;1To1Ri1Re5Ta;1To;1Ri;1Re;5Ta;8.1;32;40;30;551.35;1186.71;3025.41;751.00;1172.11;1357.79;871.71;1147.82;8929.10;1085.19;1051.11;541.53;860.96;630.04;558.95;2289.02;547.10;464.57
1030;10101T5;1To1Ri1Re5Ta;1To;1Ri;1Re;5Ta;8.1;32;40;30;498.49;1392.89;2302.70;777.67;1296.54;1364.13;642.34;827.61;6056.39;1582.02;1518.49;319.96;644.57;468.15;935.38;1993.08;810.45;467.45
1031;10101T5;1To1Ri1Re5Ta;1To;1Ri;1Re;5Ta;8.1;33;40;30;472.47;936.98;2321.92;739.82;1194.46;2117.75;769.97;1361.83;4302.23;1299.10;755.70;385.39;735.88;483.30;458.36;798.13;623.85;647.53
1032;10101T5;1To1Ri1Re5Ta;1To;1Ri;1Re;5Ta;8.1;33;40;30;489.54;1174.13;2105.68;791.44;930.68;1785.00;957.19;2072.51;3334.03;677.45;3329.35;492.34;491.87;368.46;1611.15;718.54;499.22;697.34
1033;10101T5;1To1Ri1Re5Ta;1To;1Ri;1Re;5Ta;8.1;33;40;30;829.46;1813.95;2191.21;1012.52;1172.85;1587.61;857.26;1610.16;12989.85;4700.54;707.14;781.61;1111.12;777.58;386.16;3045.67;1458.94;618.79
1034;10101T5;1To1Ri1Re5Ta;1To;1Ri;1Re;5Ta;8.1;33;40;30;543.22;1312.55;3191.67;874.02;1543.93;1206.92;915.05;1155.33;6753.49;1170.85;1552.89;542.89;655.31;560.66;1269.61;1776.74;681.59;439.67
1035;10101T5;1To1Ri1Re5Ta;1To;1Ri;1Re;5Ta;8.1;33;40;30;739.20;1731.67;2812.06;1028.01;1665.39;1828.71;891.57;1107.05;5439.02;2217.37;1957.55;462.11;475.75;323.00;1532.46;1008.87;1108.29;477.03
1036;10101T5;1To1Ri1Re5Ta;1To;1Ri;1Re;5Ta;8.1;33;40;30;909.97;1804.27;3429.06;940.26;1425.45;2683.14;1101.07;1282.44;11312.01;825.27;3959.61;813.65;1018.27;597.34;1804.23;1803.64;445.71;496.18
1037;10101T5;1To1Ri1Re5Ta;1To;1Ri;1Re;5Ta;8.1;34;41;30;918.91;1772.33;2417.06;960.91;1245.13;1790.64;946.96;1232.56;5417.37;1918.79;2673.80;497.76;531.77;365.27;1579.51;1011.11;1049.14;506.72
1038;10101T5;1To1Ri1Re5Ta;1To;1Ri;1Re;5Ta;8.1;33;40;30;893.70;2015.28;2352.67;1213.82;1320.39;1906.96;1503.21;1812.37;12154.92;2044.58;1272.66;1164.75;716.70;438.64;872.10;1956.09;798.48;578.56
1039;10101T5;1To1Ri1Re5Ta;1To;1Ri;1Re;5Ta;8.1;34;41;31;670.89;1695.86;2723.64;947.14;1442.59;1705.34;1213.05;1854.21;7638.54;813.04;5166.51;732.87;565.53;358.09;2248.80;1076.13;559.07;617.84
1040;10101T5;1To1Ri1Re5Ta;1To;1Ri;1Re;5Ta;8.1;34;41;31;1110.01;1693.92;3101.34;747.56;1702.64;1646.83;981.27;1112.95;2844.23;3595.77;1142.16;240.08;504.15;384.41;797.46;668.10;966.06;431.05
1041;10101T5;1To1Ri1Re5Ta;1To;1Ri;1Re;5Ta;8.1;33;41;31;641.61;1575.83;2226.77;1005.64;1350.19;1826.60;850.04;2125.61;5006.17;1420.00;3130.05;765.37;514.89;321.40;1109.80;801.49;730.88;940.64
1042;10101T5;1To1Ri1Re5Ta;1To;1Ri;1Re;5Ta;8.1;34;41;31;718.87;1539.05;2860.11;794.88;1718.29;1643.30;890.97;1063.61;2849.93;3672.62;1754.20;222.48;478.82;354.90;709.85;689.40;961.83;475.11
1043;10101T5;1To1Ri1Re5Ta;1To;1Ri;1Re;5Ta;8.1;33;41;31;750.58;1842.02;2629.46;1003.06;1439.61;1650.35;780.20;1146.21;5887.81;2719.10;2098.17;466.17;498.01;338.95;1164.96;1272.30;1032.24;576.65
1044;10101T5;1To1Ri1Re5Ta;1To;1Ri;1Re;5Ta;8.1;34;41;31;779.04;1799.43;1903.86;963.49;1207.13;1855.50;819.33;999.78;5377.51;636.82;1457.79;243.24;676.80;565.44;627.10;2161.23;349.25;408.06
1045;10101T5;1To1Ri1Re5Ta;1To;1Ri;1Re;5Ta;8.1;34;41;31;636.73;1359.01;2468.96;889.50;1622.91;1734.24;836.79;1384.35;2549.22;2514.49;3995.01;315.89;330.73;268.76;1290.71;597.48;711.87;549.83
1046;10101T5;1To1Ri1Re5Ta;1To;1Ri;1Re;5Ta;8.1;34;41;31;756.27;1833.31;2704.42;993.60;1345.72;2288.36;1160.67;1786.09;7005.22;1199.73;4790.17;759.95;699.05;395.57;1847.23;927.04;602.73;655.19
1047;10101T5;1To1Ri1Re5Ta;1To;1Ri;1Re;5Ta;8.1;34;41;31;674.95;1617.45;3066.74;824.13;1635.58;1581.97;859.07;1284.05;4056.20;2225.21;4296.49;433.68;396.72;274.35;1680.92;669.22;784.39;593.89
1048;10101T5;1To1Ri1Re5Ta;1To;1Ri;1Re;5Ta;8.1;34;41;31;743.26;1631.01;2881.25;1080.48;1528.28;1970.41;919.27;1829.00;3515.14;1713.20;5108.84;449.02;431.25;307.05;2017.59;617.65;837.91;709.79
1049;10101T5;1To1Ri1Re5Ta;1To;1Ri;1Re;5Ta;8.1;34;41;31;635.11;1539.05;2576.60;922.19;1266.74;1842.81;1012.58;1442.28;3230.38;748.91;3398.14;426.01;358.35;271.95;1152.79;642.32;399.24;541.20
1050;10101T5;1To1Ri1Re5Ta;1To;1Ri;1Re;5Ta;8.1;35;42;31;884.76;1727.80;3311.81;927.36;1660.92;2053.60;989.10;1588.71;15468.44;2928.60;2442.13;1099.76;1204.73;676.30;1220.94;2370.85;774.54;619.75
1051;10101T5;1To1Ri1Re5Ta;1To;1Ri;1Re;5Ta;8.1;34;42;31;1166.94;2234.04;3495.37;1229.31;1883.71;2076.86;2642.21;4113.90;12934.03;4179.23;1386.97;1781.64;639.97;373.24;1336.95;1434.84;1573.72;703.09
1053;20101T5;2To1Ri1Re5Ta;2To;1Ri;1Re;5Ta;7.133333333;33;39;31;865.24;798.56;2556.42;642.61;797.30;2372.25;1013.18;1226.13;7000.67;943.24;5095.69;251.36;1288.37;1052.73;1454.58;2556.93;378.82;407.10
1054;20101T5;2To1Ri1Re5Ta;2To;1Ri;1Re;5Ta;7.133333333;34;39;31;878.25;1840.08;2147.97;1290.38;1419.49;2653.54;1004.75;2143.31;13655.06;2844.41;4707.22;1545.62;1187.08;596.55;1568.97;1530.12;1067.45;1229.92
1055;20101T5;2To1Ri1Re5Ta;2To;1Ri;1Re;5Ta;7.133333333;33;40;31;1017.31;2175.96;7894.13;1314.47;2316.64;2615.47;2114.85;3479.92;10833.61;2024.03;1731.95;1458.08;818.76;477.72;886.70;1479.68;920.29;955.97
1056;20101T5;2To1Ri1Re5Ta;2To;1Ri;1Re;5Ta;7.133333333;34;40;31;1042.52;1675.53;2682.31;809.50;1593.85;1807.56;715.19;917.18;12013.67;4829.76;3165.46;404.80;1413.45;1031.99;1548.69;3645.39;1719.47;482.77
1057;20101T5;2To1Ri1Re5Ta;2To;1Ri;1Re;5Ta;7.133333333;33;40;31;1039.26;2572.83;4732.25;1621.58;1784.61;2200.94;1070.97;1577.98;9210.45;2589.38;1862.45;862.39;798.04;435.45;907.79;1379.91;933.67;901.37
1058;20101T5;2To1Ri1Re5Ta;2To;1Ri;1Re;5Ta;7.133333333;33;40;31;592.82;1386.11;2517.97;1098.55;1279.41;1854.09;1123.35;1881.02;9808.45;3755.83;4359.21;906.62;976.83;568.63;2183.90;1784.58;1446.27;937.77
1059;20101T5;2To1Ri1Re5Ta;2To;1Ri;1Re;5Ta;7.133333333;33;40;31;633.48;1314.48;2468.00;489.49;1619.93;2162.17;650.77;767.54;5197.53;1847.81;4089.10;310.93;712.10;496.86;2168.49;1483.04;1189.97;463.62
1060;20101T5;2To1Ri1Re5Ta;2To;1Ri;1Re;5Ta;7.133333333;33;40;31;278.11;977.64;1895.21;603.04;1223.52;1536.15;1083.61;1802.72;8391.46;3695.62;1443.63;865.10;734.35;486.49;945.11;1814.85;1793.40;833.36
1061;20101T5;2To1Ri1Re5Ta;2To;1Ri;1Re;5Ta;7.133333333;33;41;31;465.96;1497.43;2322.88;917.89;1200.42;1764.56;728.43;1427.80;4329.57;1243.78;2403.69;472.49;573.21;456.98;886.70;1617.56;760.45;951.18
1062;20101T5;2To1Ri1Re5Ta;2To;1Ri;1Re;5Ta;7.133333333;33;40;31;292.75;1192.52;3435.78;632.29;1648.99;1155.46;1079.40;1584.42;5730.61;732.76;1892.80;731.52;449.66;273.55;1039.22;987.57;613.29;763.43
1063;20101T5;2To1Ri1Re5Ta;2To;1Ri;1Re;5Ta;7.133333333;34;41;31;449.70;1221.56;2655.40;755.30;1467.18;1397.97;588.76;1030.89;16007.22;4425.45;915.55;844.79;1466.40;978.56;593.84;4743.94;1884.23;699.26
1064;20101T5;2To1Ri1Re5Ta;2To;1Ri;1Re;5Ta;7.133333333;34;41;31;796.12;2270.82;2775.54;1086.50;1514.87;2164.99;1721.14;2228.59;12069.49;4327.06;1159.35;1182.35;778.09;479.31;857.50;2206.07;1926.48;693.51
1065;20101T5;2To1Ri1Re5Ta;2To;1Ri;1Re;5Ta;7.133333333;34;41;31;663.57;2159.51;2271.94;1062.42;1234.70;1701.11;955.39;2142.23;3331.75;2607.98;3832.14;714.82;369.86;252.81;2330.74;615.41;1866.63;1040.26
1066;20101T5;2To1Ri1Re5Ta;2To;1Ri;1Re;5Ta;7.133333333;34;41;31;403.35;1178.00;4857.19;755.30;1470.91;1464.24;1980.00;2644.81;11005.60;702.41;3129.04;1139.47;949.21;665.13;1354.80;2903.31;425.29;760.56
1067;20101T5;2To1Ri1Re5Ta;2To;1Ri;1Re;5Ta;7.133333333;34;41;32;757.09;2125.63;3668.36;1128.66;1779.39;2480.11;1331.04;1979.72;5906.03;3694.64;1461.84;859.68;543.28;330.17;1169.02;1148.99;1788.47;893.71
1068;20101T5;2To1Ri1Re5Ta;2To;1Ri;1Re;5Ta;7.133333333;34;41;31;1021.37;2287.28;2623.69;997.04;1299.52;2246.06;2229.84;3282.00;7854.96;3124.88;2370.30;1268.54;569.37;322.20;1375.89;864.27;1817.34;886.04
1069;20101T5;2To1Ri1Re5Ta;2To;1Ri;1Re;5Ta;7.133333333;34;41;31;524.51;1228.34;2572.75;813.80;1683.27;1499.49;1531.51;2732.23;9275.37;1639.29;4423.95;1039.29;897.03;603.72;2222.84;2185.89;907.61;983.75
1070;20101T5;2To1Ri1Re5Ta;2To;1Ri;1Re;5Ta;7.133333333;34;42;32;970.96;2204.03;3405.03;1021.12;1569.26;3511.49;728.43;1032.50;9226.39;2678.47;3915.09;599.75;1001.39;586.18;2549.78;1801.40;1452.61;632.20
1071;20101T5;2To1Ri1Re5Ta;2To;1Ri;1Re;5Ta;7.133333333;34;41;32;876.63;2395.69;2326.72;1206.94;1453.02;1995.79;1944.49;3075.50;5919.70;823.81;4243.88;1062.76;492.64;294.29;1710.13;768.98;554.14;891.79
1072;20101T5;2To1Ri1Re5Ta;2To;1Ri;1Re;5Ta;7.133333333;35;42;32;1336.89;2398.59;2436.28;924.77;1411.30;2698.65;1145.02;1580.12;8015.57;2607.00;5094.68;693.61;867.87;545.50;2948.10;1739.74;1653.99;678.18
1073;20101T5;2To1Ri1Re5Ta;2To;1Ri;1Re;5Ta;7.133333333;35;42;32;1214.10;2748.99;5550.11;1327.37;2093.84;2994.74;921.07;1689.54;7619.18;1538.95;3437.59;883.60;875.54;484.10;1925.11;1101.91;1034.36;952.14
1074;20101T5;2To1Ri1Re5Ta;2To;1Ri;1Re;5Ta;7.133333333;35;42;32;835.97;2003.67;4484.30;1134.68;1473.14;2556.25;818.13;1484.12;3482.11;4135.67;1010.64;531.15;540.21;370.05;519.20;677.07;1511.05;909.03
1075;20101T5;2To1Ri1Re5Ta;2To;1Ri;1Re;5Ta;7.133333333;35;42;32;1009.99;2173.06;3792.34;1218.12;2232.44;2043.73;900.60;1364.51;11774.47;793.95;2942.90;800.11;1042.05;681.88;1026.24;2558.05;623.85;738.53
1076;20101T5;2To1Ri1Re5Ta;2To;1Ri;1Re;5Ta;7.133333333;35;42;32;1528.81;2335.68;4430.48;816.38;1839.75;3084.28;1015.59;1397.76;8016.71;1793.97;3425.45;653.45;765.04;450.60;2141.71;1112.00;980.14;607.30
1077;20101T5;2To1Ri1Re5Ta;2To;1Ri;1Re;5Ta;7.133333333;35;42;32;1127.90;2658.01;3039.83;1066.72;1653.47;2777.61;1108.30;1943.24;15863.70;5198.35;1151.26;1188.66;1269.19;732.13;875.34;2503.12;1881.42;771.10
1078;20101T5;2To1Ri1Re5Ta;2To;1Ri;1Re;5Ta;7.133333333;35;42;32;658.69;1837.18;3154.19;650.35;1788.34;2786.78;922.28;1172.49;6805.89;1841.94;6413.87;548.75;824.90;559.86;2739.61;1524.52;1153.35;561.32
1079;20101T5;2To1Ri1Re5Ta;2To;1Ri;1Re;5Ta;7.133333333;35;42;32;648.12;1283.51;3687.58;738.10;1496.24;1914.72;1505.62;1971.67;15073.19;1861.52;4242.87;1139.47;1292.98;820.65;2414.30;2990.75;1161.80;671.48
1080;20101T5;2To1Ri1Re5Ta;2To;1Ri;1Re;5Ta;7.133333333;35;42;32;415.54;1149.93;5147.43;758.75;1863.59;1671.50;920.47;1675.06;12443.10;1758.72;1887.74;905.71;1150.25;751.27;955.66;3536.66;955.49;813.24
1081;20101T5;2To1Ri1Re5Ta;2To;1Ri;1Re;5Ta;7.133333333;35;42;32;801.00;1804.27;4014.34;766.49;2195.18;2767.04;907.83;1278.15;7716.00;2529.18;2402.67;652.10;727.44;454.59;1432.68;1458.38;1392.76;645.61
1082;20101T5;2To1Ri1Re5Ta;2To;1Ri;1Re;5Ta;7.133333333;35;42;32;548.09;1447.09;4134.47;777.67;1507.42;2597.14;639.33;1029.82;16090.37;3279.56;1287.83;783.42;1563.08;1025.61;894.00;4372.90;1453.31;636.04
1083;20101T5;2To1Ri1Re5Ta;2To;1Ri;1Re;5Ta;7.133333333;35;43;32;822.95;2167.25;3552.07;1051.23;1496.99;2327.84;720.60;1235.24;8361.84;4516.00;1964.63;465.27;976.83;701.02;1424.56;2652.21;1854.66;740.44
1084;20101T5;2To1Ri1Re5Ta;2To;1Ri;1Re;5Ta;7.133333333;35;42;32;591.19;1515.82;3710.65;875.74;1853.91;2259.45;2162.41;3357.63;6747.80;3616.33;929.71;1223.86;620.78;378.03;648.19;809.34;1509.64;933.94
1085;20101T5;2To1Ri1Re5Ta;2To;1Ri;1Re;5Ta;7.133333333;35;42;32;489.54;1361.91;2497.79;1056.39;1230.97;2341.94;948.16;2289.73;8709.26;3191.45;3922.17;890.82;963.79;662.74;2021.65;2495.28;1537.80;1016.32
1086;20101T5;2To1Ri1Re5Ta;2To;1Ri;1Re;5Ta;7.133333333;35;42;32;332.60;1373.53;2694.81;716.59;1280.15;1471.29;1778.93;3402.15;7542.86;5308.97;926.67;1775.32;530.24;271.16;816.12;710.69;2622.86;1268.24
1087;20101T5;2To1Ri1Re5Ta;2To;1Ri;1Re;5Ta;7.133333333;35;42;32;302.51;939.88;2047.05;498.09;953.03;1036.32;672.44;1020.70;18497.21;2769.51;2993.48;1081.26;1418.05;781.57;2175.79;3622.97;1926.48;653.28
1088;20101T5;2To1Ri1Re5Ta;2To;1Ri;1Re;5Ta;7.133333333;35;42;32;500.12;1360.95;2331.53;698.53;1076.73;1310.55;1213.65;1998.49;20758.24;1762.15;5427.51;1458.98;1525.48;842.18;3206.08;3585.98;1416.70;788.34
1089;20101T5;2To1Ri1Re5Ta;2To;1Ri;1Re;5Ta;7.133333333;36;43;33;1072.61;1725.86;2428.59;903.27;2464.18;2076.16;1557.40;2503.21;19305.94;2970.20;4680.91;1432.35;1642.89;1014.45;1978.65;3133.11;1433.59;793.13
1090;20101T5;2To1Ri1Re5Ta;2To;1Ri;1Re;5Ta;7.133333333;36;43;33;805.06;1160.58;2888.94;627.13;1439.61;4082.53;668.83;1006.75;17756.82;2546.80;7010.75;812.75;2292.06;1388.49;3369.14;3425.68;1387.12;714.58
1091;20101T5;2To1Ri1Re5Ta;2To;1Ri;1Re;5Ta;7.133333333;36;43;33;2311.10;3967.65;3290.66;698.53;1833.79;8349.05;819.33;867.84;5907.17;3718.63;4350.10;311.38;1256.14;687.46;2942.42;770.11;1753.27;477.03
1092;20101T5;2To1Ri1Re5Ta;2To;1Ri;1Re;5Ta;7.133333333;36;43;33;885.57;1525.50;4268.06;1057.25;2024.55;2523.82;1060.14;2195.87;9677.46;4887.52;1893.81;1023.95;1196.29;814.27;777.18;1981.87;1650.46;1031.64
1093;20101T5;2To1Ri1Re5Ta;2To;1Ri;1Re;5Ta;7.133333333;36;43;33;1546.70;2862.24;4651.52;1243.93;2175.06;2964.43;1675.99;2888.85;9816.43;5236.53;1381.92;1601.58;784.23;385.20;1097.63;905.74;1823.68;1106.36
1094;20101T5;2To1Ri1Re5Ta;2To;1Ri;1Re;5Ta;7.133333333;36;43;33;1928.09;3356.87;3231.08;1447.81;1795.04;3452.98;1538.73;2614.23;7451.74;4939.90;4604.03;976.11;725.14;411.52;2302.34;986.45;1827.90;914.78
1095;20101T5;2To1Ri1Re5Ta;2To;1Ri;1Re;5Ta;7.133333333;36;44;33;1053.09;2270.82;7002.27;1389.31;2359.11;2538.62;942.14;1915.35;11458.95;2648.12;1881.67;808.24;1143.34;776.79;936.19;2625.31;1077.31;950.22
1096;20101T5;2To1Ri1Re5Ta;2To;1Ri;1Re;5Ta;7.133333333;36;43;33;779.86;1988.18;2394.00;1369.53;1589.38;2560.48;827.76;1562.96;3526.53;4528.24;3839.22;474.29;595.46;422.69;1539.76;802.61;1478.66;974.17
1097;20101T5;2To1Ri1Re5Ta;2To;1Ri;1Re;5Ta;7.133333333;37;43;33;953.07;2352.13;3411.76;1091.66;1674.33;2454.73;2085.36;3047.08;7492.74;5069.61;1432.50;1116.91;598.53;370.85;1004.33;1094.07;2026.47;761.52
1098;20101T5;2To1Ri1Re5Ta;2To;1Ri;1Re;5Ta;7.133333333;36;43;33;929.48;2159.51;3975.90;1114.03;2082.67;2678.91;1166.09;2463.51;3775.99;2607.98;4802.31;794.70;442.76;283.12;2667.41;618.78;1379.38;978.96
1099;20101T5;2To1Ri1Re5Ta;2To;1Ri;1Re;5Ta;7.133333333;36;44;33;1092.94;2024.96;6065.24;1139.84;1526.79;3044.09;2775.86;4573.57;11232.28;2409.74;1026.83;1814.59;935.39;493.67;578.42;1181.50;1017.46;1150.42
1100;20101T5;2To1Ri1Re5Ta;2To;1Ri;1Re;5Ta;7.133333333;36;44;33;1050.65;1730.70;2648.68;837.03;1332.31;2982.76;1613.38;1946.46;6991.55;2729.87;5711.79;811.40;750.46;482.50;3169.57;994.30;1357.55;598.68
1101;20101T5;2To1Ri1Re5Ta;2To;1Ri;1Re;5Ta;7.133333333;37;43;33;527.76;1364.82;4604.43;917.03;1763.75;1876.65;1355.72;2480.68;9848.32;2722.52;3707.70;998.23;1018.27;692.25;2116.56;2334.98;1286.43;876.46
1102;20101T5;2To1Ri1Re5Ta;2To;1Ri;1Re;5Ta;7.133333333;36;44;33;439.94;614.65;1159.04;532.50;865.85;915.06;751.91;948.29;3555.01;854.64;2741.58;299.65;567.07;482.50;602.76;851.94;361.92;364.95
1103;30101T5;3To1Ri1Re5Ta;3To;1Ri;1Re;5Ta;5.533333333;35;40;33;1286.48;4253.20;8891.71;2074.94;6399.26;9815.40;896.39;2134.19;8627.25;5022.13;1185.66;1464.39;1239.26;539.92;928.89;873.24;4176.15;2004.85
1104;30101T5;3To1Ri1Re5Ta;3To;1Ri;1Re;5Ta;5.533333333;36;42;33;727.00;2545.72;5108.99;1573.41;3616.91;4042.34;1141.41;2649.10;13740.49;3188.51;4879.20;1580.37;1252.31;622.86;2822.36;2098.45;2608.78;1555.60
1105;30101T5;3To1Ri1Re5Ta;3To;1Ri;1Re;5Ta;5.533333333;36;42;33;908.34;2153.70;1974.97;1877.08;2357.62;3931.66;919.27;2066.07;10686.67;2505.19;5253.51;1305.54;1171.74;662.74;2875.90;2181.41;1496.26;1553.69
1106;30101T5;3To1Ri1Re5Ta;3To;1Ri;1Re;5Ta;5.533333333;36;42;33;1325.51;2144.99;8793.68;951.44;4255.49;4803.01;1194.99;1942.17;21962.23;4208.11;5358.72;1348.87;2049.58;1265.67;2828.85;4567.95;2091.95;883.17
1107;30101T5;3To1Ri1Re5Ta;3To;1Ri;1Re;5Ta;5.533333333;36;42;33;1701.21;3267.82;6064.28;1257.69;2915.73;6915.83;1028.23;1597.82;17000.48;5813.63;2533.18;1132.25;1661.30;953.84;1899.96;3318.07;2985.48;927.23
1108;30101T5;3To1Ri1Re5Ta;3To;1Ri;1Re;5Ta;5.533333333;36;43;33;1871.16;5542.51;9421.25;1859.01;3339.72;8852.40;781.41;988.52;6355.96;4887.52;1371.80;478.35;1066.61;637.22;909.42;1332.83;2437.67;732.78
1109;30101T5;3To1Ri1Re5Ta;3To;1Ri;1Re;5Ta;5.533333333;36;43;33;837.59;2162.41;3053.28;1411.68;1610.25;3654.60;1435.79;3496.01;11177.60;3351.51;5738.09;1829.03;1013.66;520.78;2447.56;1516.67;1808.19;1842.97
1110;30101T5;3To1Ri1Re5Ta;3To;1Ri;1Re;5Ta;5.533333333;36;43;33;1167.75;2629.94;7428.02;994.46;2326.33;4696.56;1425.56;3125.39;11422.50;4245.32;5309.15;1404.37;1024.41;563.85;3172.01;1718.45;2522.87;1323.80
1111;30101T5;3To1Ri1Re5Ta;3To;1Ri;1Re;5Ta;5.533333333;36;43;33;1693.89;2656.07;2842.81;1217.26;2252.56;5770.24;1079.40;2079.48;12924.92;7046.16;4230.73;1264.48;1433.40;809.48;3126.58;2182.53;3755.09;1336.25
1112;30101T5;3To1Ri1Re5Ta;3To;1Ri;1Re;5Ta;5.533333333;36;43;33;2102.93;4229.00;1653.98;1827.18;2831.53;5558.04;716.39;1126.90;12657.24;5501.34;3637.90;830.35;1512.44;935.49;1929.98;3189.16;2715.80;974.17
1113;30101T5;3To1Ri1Re5Ta;3To;1Ri;1Re;5Ta;5.533333333;36;43;33;1259.64;3745.99;3044.63;1438.35;2774.90;5271.82;550.84;756.81;15684.87;5869.92;1845.25;539.28;1854.67;1253.70;1176.32;5666.50;2953.09;699.26
1114;30101T5;3To1Ri1Re5Ta;3To;1Ri;1Re;5Ta;5.533333333;36;43;33;2030.55;6671.15;6889.83;2417.32;3779.35;13615.23;692.31;1501.82;8410.82;2871.33;4486.68;1085.77;1281.47;605.32;2472.71;1131.06;1941.27;1555.60
1115;30101T5;3To1Ri1Re5Ta;3To;1Ri;1Re;5Ta;5.533333333;36;43;33;1253.95;2482.81;8590.90;2043.97;3540.91;7667.34;834.38;1367.19;18768.30;3561.01;3413.31;1004.54;2144.73;1302.35;2097.09;4557.86;2149.69;955.97
1116;30101T5;3To1Ri1Re5Ta;3To;1Ri;1Re;5Ta;5.533333333;36;43;33;2163.92;4291.92;3909.59;1139.84;2476.10;7465.01;803.08;1160.69;9636.45;6251.72;3683.42;626.37;1292.21;799.91;2446.75;2104.06;3379.09;753.86
1117;30101T5;3To1Ri1Re5Ta;3To;1Ri;1Re;5Ta;5.533333333;37;43;33;544.84;1601.00;12334.22;1366.95;3050.60;2145.95;1958.93;3762.59;21474.71;1710.75;3376.89;2093.47;1391.20;704.21;1289.08;3406.63;1104.06;1734.73
1118;30101T5;3To1Ri1Re5Ta;3To;1Ri;1Re;5Ta;5.533333333;36;43;33;631.85;1702.63;3824.05;988.43;2081.18;3827.32;603.81;1050.20;17446.99;6582.12;3419.38;930.98;1951.36;1230.58;2619.54;5104.89;3641.02;855.39
1119;30101T5;3To1Ri1Re5Ta;3To;1Ri;1Re;5Ta;5.533333333;36;44;33;657.06;1524.53;3491.53;1310.17;2090.86;3458.62;581.54;1074.87;20931.38;4462.16;3995.01;982.43;2261.37;1481.80;2074.38;6752.72;2372.89;794.09
1120;30101T5;3To1Ri1Re5Ta;3To;1Ri;1Re;5Ta;5.533333333;36;44;34;1376.74;3623.06;2434.36;1701.59;2403.82;5930.98;1244.35;2303.14;17426.49;2650.57;6693.09;1435.96;1684.32;909.97;3464.87;2888.74;1632.16;1245.25
1121;30101T5;3To1Ri1Re5Ta;3To;1Ri;1Re;5Ta;5.533333333;36;43;34;569.24;1332.87;11457.74;843.05;3154.92;2855.86;1357.53;2552.01;14475.18;1759.70;3306.08;1255.45;1348.99;867.70;1526.78;3466.04;1023.09;1124.56
1122;30101T5;3To1Ri1Re5Ta;3To;1Ri;1Re;5Ta;5.533333333;36;44;34;1311.69;2389.88;6760.08;802.62;2499.20;5055.39;1397.26;2178.17;20140.87;4071.55;3602.49;1325.40;1660.54;1027.21;2112.51;4380.75;2491.19;949.26
1123;30101T5;3To1Ri1Re5Ta;3To;1Ri;1Re;5Ta;5.533333333;37;44;33;426.93;1156.71;4088.34;689.06;2151.22;2819.91;924.68;2125.07;22531.76;4916.40;3834.16;1673.79;1669.74;917.15;2254.48;5077.99;2846.77;1549.86
1124;30101T5;3To1Ri1Re5Ta;3To;1Ri;1Re;5Ta;5.533333333;37;44;34;424.49;1088.95;5081.12;993.60;2475.35;3378.96;917.46;2226.44;18570.11;2583.51;5094.68;1436.42;1760.29;1016.84;2843.45;5033.15;1879.30;1335.29
1125;30101T5;3To1Ri1Re5Ta;3To;1Ri;1Re;5Ta;5.533333333;36;44;34;1937.85;3485.61;5145.51;1170.81;3462.67;8465.37;811.51;1104.91;7673.85;5985.93;2875.11;471.58;1302.95;861.32;2070.32;1946.00;3370.64;678.18
1126;30101T5;3To1Ri1Re5Ta;3To;1Ri;1Re;5Ta;5.533333333;36;44;34;740.01;1300.93;7194.48;802.62;1592.36;4621.13;733.25;1411.17;16518.66;1694.60;6705.23;926.92;1860.81;1228.18;3109.54;4960.29;1082.24;1005.78
1127;30101T5;3To1Ri1Re5Ta;3To;1Ri;1Re;5Ta;5.533333333;36;44;34;666.82;1897.19;5609.70;983.27;2222.75;3520.66;1628.43;3183.31;11703.85;3978.06;2887.25;1475.23;1016.73;581.39;1822.08;2059.22;2560.19;1535.49
1128;30101T5;3To1Ri1Re5Ta;3To;1Ri;1Re;5Ta;5.533333333;37;44;34;1545.07;4240.61;2006.69;1074.46;1735.43;5504.46;1293.11;2208.74;11389.47;3529.20;5528.68;1054.18;1055.10;613.29;3634.42;2121.99;2716.51;1064.21
1129;30101T5;3To1Ri1Re5Ta;3To;1Ri;1Re;5Ta;5.533333333;37;44;34;688.78;1749.10;9644.22;773.37;3102.76;4093.10;885.55;1968.99;13939.83;2282.47;2680.88;1111.95;1517.81;929.91;1090.33;3446.98;1400.50;1153.29
1130;30101T5;3To1Ri1Re5Ta;3To;1Ri;1Re;5Ta;5.533333333;37;44;34;644.86;1472.26;4238.27;1218.12;2605.75;2954.56;703.75;1364.51;17171.34;3112.15;3424.44;1018.08;1856.98;1215.42;1881.30;5524.14;2139.83;964.59
1131;30101T5;3To1Ri1Re5Ta;3To;1Ri;1Re;5Ta;5.533333333;37;44;34;1804.48;4625.86;4043.17;1521.79;1996.23;6776.95;1063.75;1841.87;7049.65;5524.34;2173.03;674.66;910.07;539.92;1437.54;1431.48;3206.58;926.27
1132;30101T5;3To1Ri1Re5Ta;3To;1Ri;1Re;5Ta;5.533333333;37;44;34;1425.53;2875.80;7893.17;2114.51;2982.80;6470.28;699.53;1495.38;9389.28;2707.84;4484.65;810.49;1332.11;851.75;2626.03;2797.94;1713.13;1216.51
1133;30101T5;3To1Ri1Re5Ta;3To;1Ri;1Re;5Ta;5.533333333;37;44;34;767.66;1367.72;2320.96;2140.32;1913.52;2382.82;822.34;1856.35;13403.33;4620.75;3802.80;984.24;1491.72;988.13;1880.49;4032.13;2488.37;1296.98
1134;30101T5;3To1Ri1Re5Ta;3To;1Ri;1Re;5Ta;5.533333333;37;44;34;1288.92;3424.63;5634.69;1380.71;3039.43;5094.87;985.49;1832.75;8352.73;3433.75;3457.83;908.42;997.55;571.82;1766.10;1401.21;2020.83;1039.30
1135;30101T5;3To1Ri1Re5Ta;3To;1Ri;1Re;5Ta;5.533333333;37;44;34;761.96;2661.88;10535.12;1382.43;3040.17;3530.53;1792.18;3286.29;15417.19;2192.90;2045.56;1608.35;1257.68;664.34;1144.68;2682.48;1438.52;1420.54
1136;30101T5;3To1Ri1Re5Ta;3To;1Ri;1Re;5Ta;5.533333333;37;44;34;730.25;1866.22;3652.98;2136.88;3044.64;2258.04;640.54;1301.22;12423.74;2436.66;5730.00;758.60;1377.38;934.70;3134.69;4449.13;1737.78;1125.51
1137;30101T5;3To1Ri1Re5Ta;3To;1Ri;1Re;5Ta;5.533333333;37;44;34;1368.61;2246.63;2152.77;1481.36;1664.64;5446.66;984.89;1743.72;9347.13;3773.45;5291.95;1133.16;1223.92;697.03;2850.75;1617.56;2277.84;1190.65
1138;30101T5;3To1Ri1Re5Ta;3To;1Ri;1Re;5Ta;5.533333333;37;44;34;1156.36;2836.11;13242.42;1551.04;3844.18;3376.14;1771.71;3971.77;16584.72;1472.38;2976.28;1846.63;1303.72;665.93;1107.36;2267.72;873.11;1590.09
1139;30101T5;3To1Ri1Re5Ta;3To;1Ri;1Re;5Ta;5.533333333;37;44;34;1124.65;1906.87;5374.24;1028.01;1587.15;4470.26;1626.63;3567.89;16535.74;3285.92;4916.63;1652.13;1520.88;873.29;1989.20;3285.56;1757.49;1376.48
1140;30101T5;3To1Ri1Re5Ta;3To;1Ri;1Re;5Ta;5.533333333;37;44;34;715.61;1433.54;2025.91;1416.84;1454.51;2528.75;921.07;1934.66;14687.05;4145.46;6045.63;1255.00;1560.78;1020.83;3472.98;4375.14;2472.18;1279.73
1141;30101T5;3To1Ri1Re5Ta;3To;1Ri;1Re;5Ta;5.533333333;37;44;34;1042.52;2489.58;6763.93;1321.35;4247.30;2803.70;621.87;967.60;10159.28;2923.21;3256.51;452.18;1339.78;955.43;1611.15;3925.63;1704.68;853.48
1142;30101T5;3To1Ri1Re5Ta;3To;1Ri;1Re;5Ta;5.533333333;37;43;34;251.28;1028.94;5936.46;1074.46;3227.20;1699.00;468.36;956.33;9785.67;2778.32;3766.38;680.07;1078.89;718.57;1973.78;4374.02;1594.13;1182.99
1143;30101T5;3To1Ri1Re5Ta;3To;1Ri;1Re;5Ta;5.533333333;37;44;34;1157.99;3077.13;2579.48;1655.99;1397.14;5226.00;1523.08;2794.99;14050.31;4934.02;3426.47;1375.94;1311.39;724.15;1857.77;2428.02;2798.89;1319.01
1144;30101T5;3To1Ri1Re5Ta;3To;1Ri;1Re;5Ta;5.533333333;37;44;34;452.14;823.73;2014.38;823.26;2087.88;1582.67;641.74;1161.23;16588.14;4013.30;5638.95;729.26;1808.63;1303.95;3280.72;7029.60;2943.23;768.22
1145;30101T5;3To1Ri1Re5Ta;3To;1Ri;1Re;5Ta;5.533333333;37;44;34;1057.16;2456.67;1721.26;1255.11;1624.41;4327.86;528.56;973.50;17992.60;4409.29;3956.57;866.00;2031.93;1347.81;2174.98;6123.86;2410.21;788.34
1146;30101T5;3To1Ri1Re5Ta;3To;1Ri;1Re;5Ta;5.533333333;37;44;34;523.70;843.09;1638.60;1009.94;1321.13;3347.23;574.92;1105.44;17966.40;2481.70;6689.04;1091.64;1963.64;1146.84;3835.61;4787.66;1815.23;1012.48
1147;30101T5;3To1Ri1Re5Ta;3To;1Ri;1Re;5Ta;5.533333333;37;44;34;1326.32;2809.01;3877.87;1773.85;1985.80;5197.80;815.72;1468.03;9104.51;2991.74;4549.40;896.69;1256.91;757.65;2197.69;2191.49;1738.48;1077.62
1148;30101T5;3To1Ri1Re5Ta;3To;1Ri;1Re;5Ta;5.533333333;37;44;34;1161.24;3458.51;9861.42;1297.27;3167.59;4933.43;1031.24;1983.47;6175.99;2455.26;1699.58;908.87;848.68;515.20;1020.56;983.09;1740.59;1073.79
1149;30101T5;3To1Ri1Re5Ta;3To;1Ri;1Re;5Ta;5.533333333;37;44;34;736.76;1694.89;4158.50;874.88;3865.79;3792.78;1042.68;2226.44;7698.91;3882.12;4319.75;996.87;988.34;634.03;2755.83;1700.51;2709.47;1077.62
1150;30101T5;3To1Ri1Re5Ta;3To;1Ri;1Re;5Ta;5.533333333;37;44;34;712.36;1417.09;7481.84;1021.12;2356.13;3985.94;760.94;1298.53;12572.95;3614.37;2270.15;725.20;1724.22;1179.53;916.72;4167.76;1887.05;832.40
1151;30101T5;3To1Ri1Re5Ta;3To;1Ri;1Re;5Ta;5.533333333;37;45;34;883.13;2117.89;7418.41;1874.50;2057.33;3510.79;977.06;2280.61;7542.86;3815.55;2198.32;1294.26;866.33;481.70;1226.62;1342.92;2147.58;1728.02
1152;30101T5;3To1Ri1Re5Ta;3To;1Ri;1Re;5Ta;5.533333333;37;45;34;964.45;2627.03;3626.07;1582.01;2464.92;3883.02;848.83;1640.73;18746.66;2162.55;4994.53;1257.26;1764.13;1050.34;2352.64;3995.13;1567.38;1183.95
1153;30101T5;3To1Ri1Re5Ta;3To;1Ri;1Re;5Ta;5.533333333;37;44;34;1153.11;2235.98;4943.68;855.09;2504.42;4880.56;1215.45;2409.34;9256.01;5272.75;2982.35;1027.56;1108.05;713.78;1990.82;2033.44;3056.60;1042.18
1159;40101T5;4To1Ri1Re5Ta;4To;1Ri;1Re;5Ta;7.4;34;39;33;296.82;1795.56;3128.25;4524.95;12069.78;5844.26;351.57;694.05;13520.65;2546.31;2986.40;853.82;1204.73;582.19;2982.99;3790.00;2534.84;1079.54
1160;40101T5;4To1Ri1Re5Ta;4To;1Ri;1Re;5Ta;7.4;34;40;33;182.97;854.70;3157.08;565.19;1713.08;1894.98;505.08;1020.70;3369.34;3364.73;1193.75;454.89;492.64;373.24;803.95;1468.47;2198.27;1057.50
1161;40101T5;4To1Ri1Re5Ta;4To;1Ri;1Re;5Ta;7.4;34;40;32;197.61;893.42;1258.03;621.10;614.00;1591.84;411.77;775.58;2888.66;2801.33;764.81;369.60;434.32;319.81;1128.46;1035.78;2591.88;913.82
1162;40101T5;4To1Ri1Re5Ta;4To;1Ri;1Re;5Ta;7.4;35;41;32;589.57;1457.74;3862.49;1252.53;2153.45;2138.90;840.40;1983.47;6822.97;3562.48;3090.60;845.24;754.30;478.51;1741.76;1574.96;1948.31;1308.47
1163;40101T5;4To1Ri1Re5Ta;4To;1Ri;1Re;5Ta;7.4;35;42;32;964.45;2786.74;1468.50;1245.65;1351.68;2947.51;661.00;946.68;7259.23;1962.35;4542.32;489.18;886.28;568.63;2497.04;1998.69;1078.01;806.54
1164;40101T5;4To1Ri1Re5Ta;4To;1Ri;1Re;5Ta;7.4;35;42;33;715.61;2235.98;2107.60;1461.57;1633.35;2819.21;839.20;1645.02;9028.20;1555.10;5403.23;907.97;808.01;474.53;2828.04;1935.91;1004.08;1175.32
1165;40101T5;4To1Ri1Re5Ta;4To;1Ri;1Re;5Ta;7.4;35;42;32;664.38;2000.76;3535.73;1008.22;1316.66;2181.91;1539.94;3025.62;10652.50;2340.72;3255.50;1307.80;804.18;464.96;1599.80;1740.87;1335.72;1134.14
1166;40101T5;4To1Ri1Re5Ta;4To;1Ri;1Re;5Ta;7.4;35;42;33;611.52;1759.74;9086.81;941.12;2083.41;1958.43;735.65;1383.28;19406.18;781.22;1840.19;1106.53;1571.52;1015.25;712.28;5425.49;478.10;764.39
1167;40101T5;4To1Ri1Re5Ta;4To;1Ri;1Re;5Ta;7.4;35;42;33;465.15;1163.48;2031.68;1146.72;1432.90;1457.19;668.23;1319.99;15009.40;3031.39;4025.36;855.62;1504.76;1043.16;2229.33;5201.30;1498.37;831.44
1168;40101T5;4To1Ri1Re5Ta;4To;1Ri;1Re;5Ta;7.4;35;42;33;545.65;1371.59;2160.46;1251.67;1327.09;1405.73;788.63;1449.79;13959.19;1415.11;5619.73;876.38;1171.74;779.18;2898.61;3682.38;837.20;901.37
1169;40101T5;4To1Ri1Re5Ta;4To;1Ri;1Re;5Ta;7.4;35;42;33;605.83;1600.03;2539.12;1481.36;1873.28;1833.65;677.86;1330.18;11748.27;1946.69;5489.22;728.81;1153.32;783.17;2792.34;3482.85;1156.17;929.15
1170;40101T5;4To1Ri1Re5Ta;4To;1Ri;1Re;5Ta;7.4;35;42;33;496.05;1243.82;3600.12;758.75;1678.06;2529.46;1090.84;2150.28;7031.42;1345.60;3806.85;855.17;827.97;574.22;2376.98;1516.67;1173.77;959.80
1171;40101T5;4To1Ri1Re5Ta;4To;1Ri;1Re;5Ta;7.4;35;42;33;452.95;1464.52;6219.97;925.64;1800.26;2232.66;1032.44;1805.40;16285.15;1668.66;2010.15;1130.90;1560.01;1006.47;1032.73;4620.64;1116.74;831.44
1172;40101T5;4To1Ri1Re5Ta;4To;1Ri;1Re;5Ta;7.4;35;43;33;635.92;1285.45;2445.89;1275.76;1432.16;2815.68;769.97;1496.45;12207.31;1722.01;4225.67;896.24;1405.78;879.67;2224.46;3074.82;977.32;982.79
1173;40101T5;4To1Ri1Re5Ta;4To;1Ri;1Re;5Ta;7.4;36;43;33;819.70;2061.75;2610.23;1365.23;3122.14;3346.53;956.59;2302.07;7467.68;2161.57;4401.70;930.53;881.68;539.12;2226.08;1387.76;1591.32;1159.04
1174;40101T5;4To1Ri1Re5Ta;4To;1Ri;1Re;5Ta;7.4;36;43;33;509.06;1018.29;4614.04;670.14;1707.86;2576.69;942.14;1610.70;9899.58;4823.89;1900.89;698.58;1213.94;838.20;1097.63;2614.10;2247.56;744.28
1175;40101T5;4To1Ri1Re5Ta;4To;1Ri;1Re;5Ta;7.4;35;43;33;365.13;984.41;2036.48;661.54;926.21;1410.66;576.12;1233.10;13719.99;1114.56;5699.65;829.45;1463.33;979.36;2599.26;4210.36;749.89;859.22
1176;40101T5;4To1Ri1Re5Ta;4To;1Ri;1Re;5Ta;7.4;35;42;33;158.57;605.94;2685.20;557.45;1152.73;987.67;426.82;636.13;3684.86;1435.66;1315.15;243.24;653.01;574.22;925.64;2842.78;1007.60;589.10
1177;40101T5;4To1Ri1Re5Ta;4To;1Ri;1Re;5Ta;7.4;36;42;33;187.85;923.43;1797.18;452.49;683.29;1634.84;497.86;1075.94;2510.49;504.17;2465.40;418.33;346.84;274.35;2096.28;986.45;711.87;980.87
1178;40101T5;4To1Ri1Re5Ta;4To;1Ri;1Re;5Ta;7.4;35;42;33;326.90;800.50;3457.89;571.21;1529.03;2575.99;603.21;1061.46;7055.34;4503.27;2752.71;559.58;900.10;629.24;1724.73;2072.67;2079.98;707.88
1179;40101T5;4To1Ri1Re5Ta;4To;1Ri;1Re;5Ta;7.4;35;42;33;87.83;360.08;2526.62;235.71;556.62;939.74;253.45;474.14;9408.64;665.21;1486.12;443.61;1009.06;715.38;1163.34;6100.31;769.61;810.37
1180;40101T5;4To1Ri1Re5Ta;4To;1Ri;1Re;5Ta;7.4;35;42;33;113.03;693.06;964.90;560.03;576.74;917.18;363.01;618.96;8433.61;1181.13;1913.03;504.08;777.32;578.20;1706.88;4942.35;1286.43;719.37
1181;40101T5;4To1Ri1Re5Ta;4To;1Ri;1Re;5Ta;7.4;35;42;33;167.52;632.08;1183.06;554.86;567.05;721.19;292.58;462.34;3561.84;559.48;2103.22;184.57;534.07;481.70;1951.07;3638.67;770.31;659.98
1182;40101T5;4To1Ri1Re5Ta;4To;1Ri;1Re;5Ta;7.4;35;42;33;204.93;1018.29;1017.76;448.19;1075.24;2375.77;235.39;321.82;2160.80;1584.96;1380.91;213.00;455.80;303.86;1391.30;827.28;2243.34;846.77
1183;40101T5;4To1Ri1Re5Ta;4To;1Ri;1Re;5Ta;7.4;35;42;33;144.75;472.36;1521.36;306.25;640.82;1683.49;270.30;397.44;4781.78;2032.35;790.10;266.70;690.61;523.17;700.11;3157.77;2253.90;608.26
1184;40101T5;4To1Ri1Re5Ta;4To;1Ri;1Re;5Ta;7.4;35;42;33;233.39;722.09;1161.92;540.24;777.18;839.63;299.20;518.13;2947.89;987.29;1807.82;250.46;395.95;326.19;1640.36;2175.80;1232.22;880.30
1185;40101T5;4To1Ri1Re5Ta;4To;1Ri;1Re;5Ta;7.4;35;42;33;243.96;934.08;954.33;313.13;646.78;1560.82;290.17;362.04;3261.13;1105.75;1151.26;174.64;488.03;413.91;917.53;2834.93;1146.31;525.88
1186;40101T5;4To1Ri1Re5Ta;4To;1Ri;1Re;5Ta;7.4;35;43;33;333.41;1084.11;2800.52;755.30;1257.80;1667.98;1712.11;3146.30;11486.29;1173.30;4508.93;1273.05;979.13;636.42;1870.75;3125.26;770.31;1131.26
1187;40101T5;4To1Ri1Re5Ta;4To;1Ri;1Re;5Ta;7.4;35;42;33;88.64;413.32;810.17;273.56;543.95;1012.35;639.93;906.45;4761.27;1339.23;2715.27;439.09;494.94;401.95;2329.93;2805.79;1480.07;743.32
1188;40101T5;4To1Ri1Re5Ta;4To;1Ri;1Re;5Ta;7.4;35;42;33;113.03;513.98;715.99;503.25;571.52;882.63;274.52;474.68;5812.63;1516.43;1029.86;314.09;704.42;574.22;1069.23;5222.60;1568.08;673.39
1189;40101T5;4To1Ri1Re5Ta;4To;1Ri;1Re;5Ta;7.4;35;42;33;156.13;827.60;1011.03;612.50;699.69;817.77;385.89;629.15;6894.73;803.74;1686.42;448.12;627.69;461.77;1753.12;3747.40;1095.62;752.90
1190;40101T5;4To1Ri1Re5Ta;4To;1Ri;1Re;5Ta;7.4;35;42;33;175.65;415.25;913.97;543.68;620.70;534.37;308.83;559.96;4225.92;819.89;2168.98;315.44;461.17;366.06;2213.10;2977.29;1196.31;872.63
1191;40101T5;4To1Ri1Re5Ta;4To;1Ri;1Re;5Ta;7.4;35;42;33;167.52;382.34;614.12;847.35;587.92;573.85;378.66;822.78;4211.11;799.82;2298.47;535.67;433.55;253.61;2428.09;1073.89;1230.10;1400.43
1192;40101T5;4To1Ri1Re5Ta;4To;1Ri;1Re;5Ta;7.4;35;42;33;126.05;531.41;1004.31;449.05;810.71;759.26;468.96;1007.83;4591.55;876.18;1529.62;486.93;465.78;330.97;1498.39;2150.02;1258.27;1130.30
1193;40101T5;4To1Ri1Re5Ta;4To;1Ri;1Re;5Ta;7.4;35;42;33;107.34;410.41;2272.90;352.70;643.06;642.94;419.60;945.61;2868.16;992.68;755.70;399.38;379.84;326.19;593.03;2294.62;1309.67;1140.84
1194;40101T5;4To1Ri1Re5Ta;4To;1Ri;1Re;5Ta;7.4;35;42;33;156.13;534.31;1077.35;679.60;891.93;912.24;274.52;541.73;4399.05;883.03;1563.00;301.00;548.65;433.05;1749.07;3607.28;1352.62;926.27
1195;40101T5;4To1Ri1Re5Ta;4To;1Ri;1Re;5Ta;7.4;35;42;33;223.63;678.54;694.85;676.16;628.90;748.69;281.74;438.21;2119.79;842.90;2222.60;162.46;328.42;291.89;2381.03;1877.62;1425.85;801.75
1196;40101T5;4To1Ri1Re5Ta;4To;1Ri;1Re;5Ta;7.4;35;42;33;270.79;947.63;1044.67;891.22;614.74;1299.27;312.44;609.84;2390.89;653.46;2024.32;277.54;359.12;263.98;2001.37;1289.11;875.93;1092.95
1197;40101T5;4To1Ri1Re5Ta;4To;1Ri;1Re;5Ta;7.4;35;42;33;146.38;536.25;989.89;555.73;808.48;768.43;413.58;853.89;6671.48;2305.97;859.90;477.90;653.78;487.29;729.32;3636.42;2013.79;942.56
1198;40101T5;4To1Ri1Re5Ta;4To;1Ri;1Re;5Ta;7.4;35;42;33;126.05;634.98;1600.16;417.22;1278.66;1506.54;266.09;369.55;5650.88;1277.56;1230.17;187.28;791.90;649.18;1044.90;4590.37;1464.58;458.83
1199;40101T5;4To1Ri1Re5Ta;4To;1Ri;1Re;5Ta;7.4;35;42;33;89.45;403.64;1144.62;354.43;491.05;757.85;624.28;1156.40;5224.87;953.52;2227.66;497.76;582.42;460.17;1758.80;3304.62;1118.85;901.37
1200;40101T5;4To1Ri1Re5Ta;4To;1Ri;1Re;5Ta;7.4;35;42;33;169.96;658.21;1256.10;714.87;764.51;805.79;456.32;961.70;5224.87;1028.90;2021.28;531.15;501.84;341.34;1655.77;2235.21;1311.08;1200.23
1201;40101T5;4To1Ri1Re5Ta;4To;1Ri;1Re;5Ta;7.4;35;42;33;110.59;471.39;1112.91;443.89;561.09;960.88;317.26;553.53;4337.54;1506.15;1182.62;341.62;513.35;405.14;954.85;2842.78;1748.34;792.17
1202;40101T5;4To1Ri1Re5Ta;4To;1Ri;1Re;5Ta;7.4;35;42;33;147.19;453.00;786.15;373.35;488.81;789.57;332.31;647.93;1465.97;658.36;2212.48;261.74;293.89;259.19;2476.76;837.36;1203.35;985.66
1203;40101T5;4To1Ri1Re5Ta;4To;1Ri;1Re;5Ta;7.4;35;42;33;217.94;884.71;4117.17;437.01;2181.02;1970.41;252.24;354.00;3359.09;1602.58;1897.86;219.32;581.65;449.80;963.77;2193.74;1508.23;676.27
1204;40101T5;4To1Ri1Re5Ta;4To;1Ri;1Re;5Ta;7.4;35;42;33;115.47;563.35;1210.93;430.13;699.69;736.00;288.96;459.13;6276.22;1298.12;683.88;367.34;653.78;517.59;666.04;4745.06;1604.70;659.02
1205;40101T5;4To1Ri1Re5Ta;4To;1Ri;1Re;5Ta;7.4;35;42;33;114.66;423.96;1031.22;299.37;435.16;1025.04;423.21;736.96;2274.70;1102.32;1213.98;296.94;379.07;334.96;1125.21;1383.28;1392.76;754.81
1206;40101T5;4To1Ri1Re5Ta;4To;1Ri;1Re;5Ta;7.4;35;42;33;221.19;753.07;1465.61;601.32;582.70;790.28;276.92;464.49;2835.12;937.86;1286.82;232.86;369.86;306.25;1222.56;2106.30;1417.40;810.37
1207;40101T5;4To1Ri1Re5Ta;4To;1Ri;1Re;5Ta;7.4;35;42;33;278.93;1233.18;933.19;658.96;612.51;1346.51;924.68;2349.27;3171.15;2088.64;482.56;1004.09;306.94;222.51;412.93;598.60;2895.35;1611.16
1208;50102T5;5To1Ri1Re5Ta;5To;1Ri;1Re;5Ta;7.033333333;35;40;33;414.73;1545.83;2764.96;834.45;1391.18;1532.62;2896.26;4121.95;14158.53;5669.72;1238.26;1936.43;694.45;368.46;1569.78;1734.14;2864.37;1270.15
1209;50102T5;5To1Ri1Re5Ta;5To;1Ri;1Re;5Ta;7.033333333;35;41;32;396.84;1525.50;2900.47;836.17;1441.10;1517.11;2869.77;4086.01;14026.39;5879.22;1274.68;1927.86;693.68;366.86;1554.36;1710.60;2859.44;1273.03
1210;50102T5;5To1Ri1Re5Ta;5To;1Ri;1Re;5Ta;7.033333333;35;42;33;696.10;1780.07;1256.10;1264.58;874.79;2926.36;1066.16;1901.41;5957.29;1369.58;7045.14;811.40;792.67;501.64;3808.84;860.90;1091.39;962.67
1211;50102T5;5To1Ri1Re5Ta;5To;1Ri;1Re;5Ta;7.033333333;35;42;33;490.36;1248.66;2270.98;769.93;1227.99;2834.71;916.26;1978.64;12055.82;2002.49;3983.89;1054.63;1197.06;729.73;1600.61;2542.36;1047.74;1071.87
1212;50102T5;5To1Ri1Re5Ta;5To;1Ri;1Re;5Ta;7.033333333;35;42;33;447.26;833.41;2727.48;620.24;1490.28;2489.28;631.51;827.07;9072.62;5500.36;1944.40;287.01;1342.09;1056.72;1634.68;3614.01;2881.98;452.12
1213;50102T5;5To1Ri1Re5Ta;5To;1Ri;1Re;5Ta;7.033333333;35;41;33;351.30;1370.63;1928.84;634.01;1046.92;1448.73;302.81;411.39;1945.52;3410.25;4528.15;198.56;341.47;255.21;2514.08;907.99;1840.58;745.23
1214;50102T5;5To1Ri1Re5Ta;5To;1Ri;1Re;5Ta;7.033333333;35;41;33;124.42;436.55;1728.94;374.21;1423.96;729.65;508.09;997.63;10239.02;1460.14;1097.64;789.28;849.45;492.87;832.35;2616.34;1178.00;1100.61
1215;50102T5;5To1Ri1Re5Ta;5To;1Ri;1Re;5Ta;7.033333333;35;41;33;215.50;649.50;1129.24;872.30;658.70;907.31;516.52;1027.67;7366.31;1520.83;1231.18;620.05;680.64;472.13;1163.34;3708.17;1166.73;939.68
1216;50102T5;5To1Ri1Re5Ta;5To;1Ri;1Re;5Ta;7.033333333;34;41;33;197.61;723.06;1361.82;597.02;648.27;709.21;419.00;645.78;4277.17;764.09;1444.64;377.72;381.37;285.51;1427.81;2204.95;1030.84;874.55
1217;50102T5;5To1Ri1Re5Ta;5To;1Ri;1Re;5Ta;7.033333333;35;41;33;223.63;908.91;658.33;606.48;491.79;1130.08;401.54;584.10;3013.95;673.53;2380.42;297.84;343.77;263.98;2656.05;1663.52;1461.76;885.09
1218;50102T5;5To1Ri1Re5Ta;5To;1Ri;1Re;5Ta;7.033333333;35;41;32;215.50;655.31;1313.77;667.56;831.58;828.35;274.52;503.11;3064.07;1299.59;1342.46;275.73;415.13;320.60;1773.40;2046.89;1972.95;1008.65
1219;50102T5;5To1Ri1Re5Ta;5To;1Ri;1Re;5Ta;7.033333333;35;41;33;175.65;672.73;729.44;421.53;652.00;891.80;260.67;473.07;3051.54;1071.49;1227.13;246.40;464.24;366.06;1317.48;2478.46;1609.63;875.51
1220;50102T5;5To1Ri1Re5Ta;5To;1Ri;1Re;5Ta;7.033333333;35;41;33;121.98;419.12;1308.96;298.51;587.17;987.67;278.73;445.72;2388.61;1769.98;887.22;170.58;465.01;432.26;1200.66;2573.75;2392.61;663.81
1221;50102T5;5To1Ri1Re5Ta;5To;1Ri;1Re;5Ta;7.033333333;35;42;33;184.60;845.03;3551.11;384.53;1396.39;1943.62;418.40;563.72;2906.88;3948.20;927.68;263.09;419.74;338.15;649.00;1479.68;2527.10;610.17
1222;50102T5;5To1Ri1Re5Ta;5To;1Ri;1Re;5Ta;7.033333333;35;42;33;862.80;1774.26;3192.64;898.97;1667.62;2604.89;990.30;1888.53;5953.87;4756.83;1983.85;711.21;719.77;479.31;1356.42;1100.79;2154.62;857.31
1223;50102T5;5To1Ri1Re5Ta;5To;1Ri;1Re;5Ta;7.033333333;35;42;33;302.51;1190.59;1703.00;738.10;639.33;977.80;295.59;418.90;1421.55;1044.56;1899.88;180.06;318.45;230.48;1328.02;631.11;1246.30;756.73
1224;50102T5;5To1Ri1Re5Ta;5To;1Ri;1Re;5Ta;7.033333333;35;42;33;185.41;716.29;863.99;441.31;526.81;981.33;307.02;469.32;4553.96;628.99;2350.07;301.90;514.12;394.77;2423.22;2729.56;881.56;759.60
1225;50102T5;5To1Ri1Re5Ta;5To;1Ri;1Re;5Ta;7.033333333;35;42;33;168.33;654.34;1530.00;498.09;591.64;636.59;309.43;496.14;5277.27;431.24;1979.80;324.47;540.98;431.46;2001.37;3967.11;749.89;742.36
1226;50102T5;5To1Ri1Re5Ta;5To;1Ri;1Re;5Ta;7.033333333;34;41;33;97.58;368.79;1525.20;313.99;559.60;756.44;381.67;765.93;3649.55;1156.66;900.37;396.67;461.17;357.29;627.91;2176.92;1451.90;1010.57
1227;50102T5;5To1Ri1Re5Ta;5To;1Ri;1Re;5Ta;7.033333333;35;42;33;171.58;599.16;1695.31;390.56;783.89;727.54;266.69;400.13;4420.69;796.88;1233.20;260.39;519.49;423.48;1040.84;3590.46;1268.83;687.76
1228;50102T5;5To1Ri1Re5Ta;5To;1Ri;1Re;5Ta;7.033333333;35;42;33;121.98;353.30;768.85;365.61;560.35;518.86;304.62;614.67;4227.05;1480.70;1197.80;321.31;481.13;405.94;1161.72;3656.60;1913.10;933.94
1229;50102T5;5To1Ri1Re5Ta;5To;1Ri;1Re;5Ta;7.033333333;35;42;33;74.00;319.43;1757.78;289.05;1026.80;550.59;310.03;570.15;5188.42;830.66;781.00;339.36;617.71;519.98;731.75;4740.58;1216.02;748.11
1230;50102T5;5To1Ri1Re5Ta;5To;1Ri;1Re;5Ta;7.033333333;35;42;33;82.95;420.09;662.17;400.02;431.44;611.22;320.27;542.26;7931.28;1417.55;1118.89;447.67;700.59;526.36;1213.64;5006.25;1704.68;728.95
1231;50102T5;5To1Ri1Re5Ta;5To;1Ri;1Re;5Ta;7.033333333;34;42;33;85.39;350.40;933.19;384.53;527.56;560.46;282.34;490.77;6944.85;905.55;1405.18;410.21;685.24;521.58;1437.54;4778.69;1223.77;732.78
1232;50102T5;5To1Ri1Re5Ta;5To;1Ri;1Re;5Ta;7.033333333;34;42;33;149.63;565.29;1234.00;410.34;664.66;743.05;472.58;1085.60;1730.23;558.50;1353.59;401.64;251.69;207.36;1649.28;707.33;1154.76;1287.40
1233;50102T5;5To1Ri1Re5Ta;5To;1Ri;1Re;5Ta;7.033333333;34;42;33;109.78;451.07;962.98;384.53;467.20;1016.58;491.24;1045.91;3499.19;1286.37;1024.80;471.58;403.62;293.49;838.03;1664.64;1702.57;1222.26
1234;50102T5;5To1Ri1Re5Ta;5To;1Ri;1Re;5Ta;7.033333333;34;42;33;135.80;463.65;940.88;461.10;581.95;677.48;266.09;504.72;3405.79;957.44;1414.29;237.82;464.24;426.67;1573.84;3834.84;1532.17;860.18
1235;50102T5;5To1Ri1Re5Ta;5To;1Ri;1Re;5Ta;7.033333333;35;42;33;168.33;458.81;855.34;588.41;739.18;533.67;280.54;515.44;3850.03;763.11;1808.83;265.35;438.15;369.25;1844.79;3397.66;1300.52;891.79
1236;50102T5;5To1Ri1Re5Ta;5To;1Ri;1Re;5Ta;7.033333333;35;42;33;165.89;477.20;867.84;490.35;617.72;671.14;264.88;483.26;2833.98;522.28;2026.34;196.31;410.53;373.24;2152.26;2894.34;867.48;852.52
1237;50102T5;5To1Ri1Re5Ta;5To;1Ri;1Re;5Ta;7.033333333;35;42;33;125.23;386.21;780.38;449.05;543.21;554.11;380.47;872.13;3550.45;952.05;2073.89;384.94;395.18;315.82;2407.81;2433.62;1727.21;1177.24
1238;50102T5;5To1Ri1Re5Ta;5To;1Ri;1Re;5Ta;7.033333333;35;42;33;224.44;529.47;669.86;627.99;414.30;827.64;297.99;564.79;2092.45;928.07;2081.98;259.03;311.54;243.24;2287.74;1248.76;1651.87;1069.96
1239;50102T5;5To1Ri1Re5Ta;5To;1Ri;1Re;5Ta;7.033333333;34;42;33;228.51;1026.03;620.84;357.87;599.09;1344.39;243.81;310.02;2523.02;819.40;1718.80;163.81;395.95;322.20;1813.16;1851.84;1251.93;639.87
1240;50102T5;5To1Ri1Re5Ta;5To;1Ri;1Re;5Ta;7.033333333;35;42;32;87.01;440.42;1871.18;302.81;643.80;788.16;562.28;1211.64;4638.26;1254.55;832.59;517.61;521.79;406.74;928.89;2919.00;1615.26;968.42
1241;50102T5;5To1Ri1Re5Ta;5To;1Ri;1Re;5Ta;7.033333333;35;42;33;278.93;1045.39;1988.43;831.01;620.70;2050.78;1040.87;1966.84;16146.19;813.04;760.76;1171.97;1342.85;798.32;539.48;3950.30;1151.24;1044.09
1242;50102T5;5To1Ri1Re5Ta;5To;1Ri;1Re;5Ta;7.033333333;35;43;33;699.35;1647.46;6558.26;1083.06;2896.36;2070.52;2197.93;3102.86;24203.90;2395.06;2661.66;1858.36;1637.51;920.34;1446.47;4136.38;1422.33;1025.89
1243;50102T5;5To1Ri1Re5Ta;5To;1Ri;1Re;5Ta;7.033333333;36;43;33;452.14;1328.04;4975.40;801.76;1186.26;1886.52;2043.82;3205.30;13421.55;836.04;3129.04;1486.51;905.47;552.68;1367.78;2404.48;568.23;1041.22
1244;50102T5;5To1Ri1Re5Ta;5To;1Ri;1Re;5Ta;7.033333333;36;43;33;521.26;1479.04;1577.10;1001.34;946.33;2127.62;1724.75;2739.74;12119.61;2256.53;4599.98;1271.25;936.16;598.94;1955.94;2328.25;1301.92;964.59
1245;50102T5;5To1Ri1Re5Ta;5To;1Ri;1Re;5Ta;7.033333333;35;43;33;722.12;2560.24;2282.51;1332.54;1927.68;2802.29;588.76;847.99;12795.07;2349.05;3943.42;592.53;1273.03;881.26;1878.06;4119.56;1317.41;622.62
1246;50102T5;5To1Ri1Re5Ta;5To;1Ri;1Re;5Ta;7.033333333;35;43;33;584.69;1495.49;2388.23;998.76;2003.68;3050.44;482.81;671.53;12331.47;3664.29;1372.81;351.54;1543.90;1124.51;785.30;5086.96;1813.82;496.18
1247;50102T5;5To1Ri1Re5Ta;5To;1Ri;1Re;5Ta;7.033333333;36;43;33;709.92;1234.14;2472.80;868.00;1263.76;2759.99;912.04;1512.01;8013.29;3876.73;3406.23;594.33;1189.39;859.73;1826.14;2006.54;1608.92;687.76
1248;50102T5;5To1Ri1Re5Ta;5To;1Ri;1Re;5Ta;7.033333333;36;43;33;903.46;1942.69;2531.43;1859.87;1772.69;2354.63;857.86;1671.84;9267.40;2715.18;4166.99;778.90;1002.92;649.18;1638.74;2185.89;1097.02;1085.28
1249;50102T5;5To1Ri1Re5Ta;5To;1Ri;1Re;5Ta;7.033333333;36;44;33;1075.86;2429.57;2449.74;1918.37;1590.13;3247.83;779.00;1306.04;8998.58;2536.03;4637.41;614.64;1003.69;594.95;1832.63;1744.23;959.02;1011.53
1250;50102T5;5To1Ri1Re5Ta;5To;1Ri;1Re;5Ta;7.033333333;36;44;33;559.48;1946.56;4389.15;1445.23;2103.53;2693.72;1594.72;2808.93;9233.23;1869.35;4942.93;1179.64;857.12;476.12;2723.38;1516.67;1285.02;1220.34
1251;50102T5;5To1Ri1Re5Ta;5To;1Ri;1Re;5Ta;7.033333333;36;44;33;660.32;1556.47;4442.97;946.28;1424.71;2425.12;2321.34;3622.06;11188.99;3145.93;1887.74;1487.86;980.67;604.52;777.99;1823.82;1523.02;1082.41
1252;50102T5;5To1Ri1Re5Ta;5To;1Ri;1Re;5Ta;7.033333333;36;44;33;1126.28;1659.08;2393.04;797.46;1676.56;1994.38;621.87;910.74;16707.74;3951.13;2450.22;651.19;1686.62;1240.15;1439.17;5731.52;2026.47;482.77
1253;50102T5;5To1Ri1Re5Ta;5To;1Ri;1Re;5Ta;7.033333333;36;43;33;436.69;1302.87;4128.71;900.69;1525.30;2132.56;821.74;1592.46;6559.85;1632.44;2833.64;624.12;936.93;699.43;1371.02;2350.67;933.67;909.03
1254;50102T5;5To1Ri1Re5Ta;5To;1Ri;1Re;5Ta;7.033333333;36;43;33;456.20;1423.86;2536.23;840.47;1416.51;2220.68;1753.05;3552.33;8562.32;4915.42;2155.83;1303.29;800.34;519.19;1224.18;1604.11;2359.52;1149.46
1255;50102T5;5To1Ri1Re5Ta;5To;1Ri;1Re;5Ta;7.033333333;36;44;33;635.11;1807.17;3589.55;1158.76;1383.72;3247.13;1675.39;3226.22;10399.63;3535.56;2004.08;1329.01;949.21;542.31;1088.70;1771.13;1642.02;1262.49
1256;50102T5;5To1Ri1Re5Ta;5To;1Ri;1Re;5Ta;7.033333333;36;44;33;509.06;1606.81;3353.13;1189.73;1365.84;2659.88;1878.27;3594.17;11171.91;3582.55;2305.55;1493.28;968.39;559.06;1016.50;1980.75;1791.99;1335.29
1257;50102T5;5To1Ri1Re5Ta;5To;1Ri;1Re;5Ta;7.033333333;37;44;34;1030.32;2496.36;1961.52;1120.05;1567.03;2715.57;659.80;939.17;6375.32;3650.59;3367.79;368.69;821.83;564.65;1412.40;1879.87;1853.25;816.12
1258;50102T5;5To1Ri1Re5Ta;5To;1Ri;1Re;5Ta;7.033333333;36;44;33;706.67;1807.17;2637.14;1912.35;1727.98;3051.14;877.73;2090.74;9936.03;2748.96;2922.66;1270.35;989.11;525.57;1445.66;1573.84;1361.07;1394.68
1000;10201T5;1To2Ri1Re5Ta;1To;2Ri;1Re;5Ta;6.7;31;36;29;2395.68;3165.21;3436.74;5047.98;10638.36;13099.89;508.70;1115.10;31876.62;3424.45;10607.17;1259.06;3803.73;2061.59;4838.33;7019.51;2229.25;1252.91
1001;10201T5;1To2Ri1Re5Ta;1To;2Ri;1Re;5Ta;6.7;31;37;29;2937.26;5344.08;5343.48;3505.54;3138.53;8721.98;1060.14;2107.37;18355.96;7101.47;8771.02;1432.81;2053.42;1188.31;4639.57;3664.45;3459.36;1273.99
1002;10201T5;1To2Ri1Re5Ta;1To;2Ri;1Re;5Ta;6.7;31;38;29;943.31;2262.11;11511.56;1750.62;6394.05;2931.30;1724.75;4223.32;29358.15;3776.88;5378.95;2725.71;1985.12;996.10;2576.55;4304.52;2141.94;1910.98
1003;10201T5;1To2Ri1Re5Ta;1To;2Ri;1Re;5Ta;6.7;31;38;29;869.31;1577.77;9417.41;1091.66;3363.56;4198.85;1724.75;3485.82;24058.10;3006.91;8134.69;2037.52;2188.47;1292.78;3285.58;4998.40;1631.45;1349.66
1004;10201T5;1To2Ri1Re5Ta;1To;2Ri;1Re;5Ta;6.7;32;38;29;1698.77;3262.98;5560.68;1888.26;3015.58;5361.35;1412.31;3362.46;23586.53;5705.45;6149.83;1912.06;2073.37;1153.22;3219.06;3916.67;2815.79;1542.19
1005;10201T5;1To2Ri1Re5Ta;1To;2Ri;1Re;5Ta;6.7;32;39;29;2641.26;3471.09;2479.53;1631.04;2512.61;8602.84;1685.62;3029.91;21130.71;5959.99;10503.98;1572.25;2186.93;1324.68;4565.74;4403.17;3303.04;1144.67
1006;10201T5;1To2Ri1Re5Ta;1To;2Ri;1Re;5Ta;6.7;32;39;29;2799.02;7255.79;15683.51;3595.01;8722.61;11101.28;904.82;1510.93;12001.14;1495.38;3650.04;912.03;1641.35;960.22;1083.03;2587.20;906.91;1129.35
1007;10201T5;1To2Ri1Re5Ta;1To;2Ri;1Re;5Ta;6.7;32;39;30;3414.61;6985.74;3563.60;3356.72;3037.94;10404.06;1353.92;2624.96;11895.21;3216.41;7996.10;1237.85;1533.16;818.26;4091.16;1722.93;1875.08;1349.66
1008;10201T5;1To2Ri1Re5Ta;1To;2Ri;1Re;5Ta;6.7;32;39;30;4431.11;7596.52;8682.20;1575.13;4710.77;12338.52;1199.20;1732.99;14263.32;5719.16;5365.80;879.54;1690.46;1028.80;2791.53;2611.86;2736.22;816.12
1009;10201T5;1To2Ri1Re5Ta;1To;2Ri;1Re;5Ta;6.7;33;39;30;2220.84;3696.62;12605.24;1749.76;3936.57;6298.27;1489.37;3470.80;22388.24;2672.11;8053.76;1967.57;1929.87;1088.62;2907.54;3581.50;1395.57;1532.62
1010;10201T5;1To2Ri1Re5Ta;1To;2Ri;1Re;5Ta;6.7;33;40;30;1230.37;2159.51;8254.53;1760.94;3387.41;6994.08;1132.98;2711.85;31122.56;2863.01;9145.33;1965.31;2687.24;1441.92;3827.50;5894.06;1565.97;1400.43
1011;10201T5;1To2Ri1Re5Ta;1To;2Ri;1Re;5Ta;6.7;33;40;30;1240.94;2075.30;7344.41;1404.80;3647.46;5836.51;1222.08;2695.22;20851.65;3159.63;8327.92;1506.36;2087.95;1269.65;3505.43;4639.69;1742.70;1221.30
1012;10201T5;1To2Ri1Re5Ta;1To;2Ri;1Re;5Ta;6.7;33;40;30;1951.67;2919.35;3769.27;1163.07;2619.91;5851.31;2450.17;4707.66;25996.78;5965.37;4973.28;2062.79;2275.18;1396.46;2746.91;5442.31;3081.95;1326.67
1013;10201T5;1To2Ri1Re5Ta;1To;2Ri;1Re;5Ta;6.7;33;40;30;1814.24;2754.80;6509.25;1677.50;2812.16;6940.50;1161.88;2332.64;17778.46;4632.50;5896.92;1433.26;1952.89;1217.02;2876.71;3913.30;2340.51;1283.57
1014;10201T5;1To2Ri1Re5Ta;1To;2Ri;1Re;5Ta;6.7;33;40;30;3370.70;6684.70;4075.85;1542.44;3572.95;8803.05;1717.53;3228.90;16337.55;6269.83;8007.23;1495.53;1408.85;807.89;3623.07;2728.44;3430.49;1190.65
1015;10201T5;1To2Ri1Re5Ta;1To;2Ri;1Re;5Ta;6.7;33;40;31;1719.91;3033.57;4835.08;2154.08;2337.50;6422.35;1245.55;2672.16;19696.64;5713.77;5514.52;1774.87;1903.02;1071.87;2694.99;3470.52;2810.86;1489.51
1016;10201T5;1To2Ri1Re5Ta;1To;2Ri;1Re;5Ta;6.7;34;41;31;2133.01;2860.31;2998.50;1277.48;3678.01;8616.24;848.83;1516.30;23128.63;6285.49;7768.48;889.92;2693.38;1760.93;4638.76;6554.31;3381.90;805.58
1017;10201T5;1To2Ri1Re5Ta;1To;2Ri;1Re;5Ta;6.7;34;40;31;1757.32;2847.73;8658.17;1765.24;3208.57;5981.03;1371.98;3162.93;21193.36;5929.15;5442.69;1786.16;1945.99;1118.13;2742.85;3720.50;2778.47;1450.24
1018;10201T5;1To2Ri1Re5Ta;1To;2Ri;1Re;5Ta;6.7;34;41;31;2449.35;3361.71;3916.31;1147.58;4298.71;8440.70;1093.25;2026.92;18912.96;5379.94;7810.96;1169.26;2044.98;1303.95;4391.32;4162.16;3044.63;1005.78
1019;10201T5;1To2Ri1Re5Ta;1To;2Ri;1Re;5Ta;6.7;34;41;31;1519.86;2628.97;10935.88;2068.05;4076.66;5928.86;1096.26;2266.67;19870.91;4961.92;3816.96;1515.84;2006.61;1155.61;1862.64;4046.70;2419.37;1341.04
1020;10201T5;1To2Ri1Re5Ta;1To;2Ri;1Re;5Ta;6.7;34;41;31;3174.72;5510.57;3500.17;1784.17;3172.81;10792.50;1095.05;2100.40;13315.62;5647.69;8313.76;1032.07;1651.33;1004.08;4586.84;2475.10;2988.30;1068.04
1021;10201T5;1To2Ri1Re5Ta;1To;2Ri;1Re;5Ta;6.7;35;41;31;1654.04;3091.65;2838.01;2149.78;2432.14;7284.53;803.68;1432.09;21840.35;5157.72;4766.90;1154.82;2401.79;1485.78;2691.74;5641.84;2800.30;922.44
1022;10201T5;1To2Ri1Re5Ta;1To;2Ri;1Re;5Ta;6.7;34;41;31;1092.94;2199.20;8023.88;1337.70;3675.03;5348.67;963.82;1891.75;19035.98;5499.87;2859.94;1202.65;2054.18;1303.95;1842.36;5257.35;2946.05;1109.23
1023;10201T5;1To2Ri1Re5Ta;1To;2Ri;1Re;5Ta;6.7;34;41;31;2855.95;5646.08;2634.26;1575.99;2427.67;9993.76;989.70;1768.92;14491.13;3944.28;6364.30;980.17;1673.58;1014.45;3814.52;2875.29;2425.00;987.58
1024;10201T5;1To2Ri1Re5Ta;1To;2Ri;1Re;5Ta;6.7;34;41;31;1408.46;2051.10;8661.06;1434.05;3113.19;5414.23;1032.44;1888.53;24500.06;4543.41;4765.89;1539.31;2520.73;1517.68;2286.93;5741.60;2448.94;1023.02
1025;10201T5;1To2Ri1Re5Ta;1To;2Ri;1Re;5Ta;6.7;34;41;31;2136.27;4700.39;12355.37;1656.85;10186.06;7318.37;1374.99;2645.88;17462.94;5376.03;1453.74;1543.82;1471.77;769.61;743.11;2673.51;2286.29;1346.79
1026;10201T5;1To2Ri1Re5Ta;1To;2Ri;1Re;5Ta;6.7;34;41;31;1127.09;2501.20;3425.21;1579.43;4620.61;4768.47;1067.96;2200.16;16820.51;5201.28;3354.64;1277.11;1775.64;1099.78;1953.50;4075.84;2796.78;1248.12
1027;10201T5;1To2Ri1Re5Ta;1To;2Ri;1Re;5Ta;6.7;34;41;31;1248.26;3116.82;12457.24;3996.75;3574.44;4492.82;821.14;1899.26;27757.77;2570.78;5359.73;1845.27;2331.96;1120.52;2336.42;4915.45;1489.22;1667.68
1028;10201T5;1To2Ri1Re5Ta;1To;2Ri;1Re;5Ta;6.7;34;41;31;1425.53;2629.94;6343.95;1730.83;2870.28;5426.92;1166.09;2455.47;12845.19;5572.80;2887.25;1384.07;1355.90;782.37;1914.56;2292.38;3105.89;1483.76
1029;10201T5;1To2Ri1Re5Ta;1To;2Ri;1Re;5Ta;6.7;35;41;31;1295.42;2422.79;3223.39;767.35;2378.49;6491.43;901.81;1738.89;20040.63;4295.24;5061.29;1001.38;2158.54;1383.70;3542.75;5437.82;2546.81;935.85
1030;10201T5;1To2Ri1Re5Ta;1To;2Ri;1Re;5Ta;6.7;34;41;31;1421.47;2618.32;9510.63;1348.02;3143.75;7193.59;748.90;1422.43;20722.93;4078.40;2690.99;1028.46;2216.09;1354.99;1434.30;5658.65;2379.23;947.35
1031;10201T5;1To2Ri1Re5Ta;1To;2Ri;1Re;5Ta;6.7;34;41;32;1514.98;2554.43;7340.56;1283.50;2333.78;5797.74;1052.31;2185.68;13594.69;4209.09;4740.60;1235.60;1445.68;878.87;2576.55;2838.29;2322.90;1429.16
1032;10201T5;1To2Ri1Re5Ta;1To;2Ri;1Re;5Ta;6.7;34;41;31;1982.57;4921.09;4363.21;1722.23;3416.47;8633.86;902.41;1512.01;10790.32;5152.33;3599.46;855.17;1389.66;826.23;2895.37;2045.77;3345.29;1072.83
1033;10201T5;1To2Ri1Re5Ta;1To;2Ri;1Re;5Ta;6.7;35;42;31;643.24;1637.78;7874.91;1594.05;3131.82;2344.76;1398.46;3006.31;26194.98;3285.92;4435.08;1903.94;1975.91;1126.90;2122.24;5354.87;1950.42;1494.30
1034;10201T5;1To2Ri1Re5Ta;1To;2Ri;1Re;5Ta;6.7;35;41;31;796.12;1878.80;4173.88;1021.98;2817.37;4058.56;1084.82;2422.75;15985.58;4872.84;4004.12;1366.92;1530.85;949.85;2898.61;3722.74;3307.27;1387.97
1035;10201T5;1To2Ri1Re5Ta;1To;2Ri;1Re;5Ta;6.7;35;41;31;1120.58;2641.55;3006.19;1058.11;1973.13;6688.83;877.73;1746.40;11068.25;4022.60;4686.98;891.27;1296.05;842.18;3266.92;2771.04;2841.14;1056.55
1036;10201T5;1To2Ri1Re5Ta;1To;2Ri;1Re;5Ta;6.7;34;41;31;452.14;1042.49;8637.99;688.20;2183.26;4384.96;716.39;1266.35;21994.12;2572.74;3624.75;1120.97;2023.49;1232.17;1619.27;6749.36;1829.31;955.01
1037;10201T5;1To2Ri1Re5Ta;1To;2Ri;1Re;5Ta;6.7;34;41;32;788.80;2150.80;3587.63;1666.32;2218.28;4083.94;866.29;1777.51;11642.34;3578.15;4543.33;1144.44;1191.69;705.01;2849.13;2532.27;2524.28;1424.37
1038;10201T5;1To2Ri1Re5Ta;1To;2Ri;1Re;5Ta;6.7;34;41;32;1467.82;4679.10;3000.42;1695.56;3806.92;8059.30;1035.45;1689.01;12715.33;4131.75;5891.86;836.67;1450.28;925.92;3745.57;3433.53;3043.92;887.96
1039;10201T5;1To2Ri1Re5Ta;1To;2Ri;1Re;5Ta;6.7;35;41;32;495.24;1221.56;7812.44;724.34;3450.00;3704.66;775.99;1738.89;25462.56;2808.67;3963.65;1320.44;2147.03;1250.51;2217.16;6964.58;2028.58;1270.15
1040;10201T5;1To2Ri1Re5Ta;1To;2Ri;1Re;5Ta;6.7;35;41;32;571.68;1917.52;6917.70;1045.21;2431.39;4199.55;877.13;1975.42;12790.51;3779.81;2753.72;1095.70;1243.87;768.81;1831.81;3340.49;2641.17;1363.07
1041;10201T5;1To2Ri1Re5Ta;1To;2Ri;1Re;5Ta;6.7;35;42;32;1803.67;4123.49;2673.66;1420.28;3165.35;8021.23;1098.66;2247.36;10105.75;4651.59;4130.58;1170.61;1149.48;650.78;2780.98;1596.26;2860.15;1378.40
1042;10201T5;1To2Ri1Re5Ta;1To;2Ri;1Re;5Ta;6.7;35;42;32;1160.43;1892.35;11208.82;1885.68;3960.42;3424.78;1108.90;2451.18;29634.94;2945.73;3288.88;2041.58;2231.44;1008.07;1801.80;4595.97;1794.11;1502.92
1043;10201T5;1To2Ri1Re5Ta;1To;2Ri;1Re;5Ta;6.7;35;42;32;1608.50;3018.09;7505.87;1790.19;3368.78;6255.27;1343.08;3237.49;15510.59;5512.11;2696.05;1696.35;1412.68;757.65;1686.60;2378.70;2867.89;1651.39
1044;10201T5;1To2Ri1Re5Ta;1To;2Ri;1Re;5Ta;6.7;35;42;32;1721.54;3281.37;6971.52;1563.08;4534.92;7175.26;819.33;1359.68;11302.90;3105.30;6212.55;779.81;1467.16;904.39;3842.92;2413.45;2256.71;920.53
1045;10201T5;1To2Ri1Re5Ta;1To;2Ri;1Re;5Ta;6.7;35;42;32;1998.02;3452.70;7340.56;1789.33;3383.68;8020.53;895.19;1589.24;13786.05;4575.72;2752.71;1016.73;1553.87;907.58;1942.15;2676.87;2841.84;1067.08
1046;10201T5;1To2Ri1Re5Ta;1To;2Ri;1Re;5Ta;6.7;35;42;32;1477.58;2768.35;10372.70;1183.71;3493.96;6675.43;977.06;1971.67;14103.85;2479.74;4566.60;1095.70;1515.51;936.29;2169.30;3284.44;1577.24;1130.30
1047;10201T5;1To2Ri1Re5Ta;1To;2Ri;1Re;5Ta;6.7;35;42;32;717.24;1509.04;6698.58;1305.87;3606.48;2984.88;998.13;2187.29;20476.89;2795.46;5706.73;1513.58;1972.08;1157.20;3134.69;4971.50;1873.67;1361.15
1048;10201T5;1To2Ri1Re5Ta;1To;2Ri;1Re;5Ta;6.7;35;42;32;1714.22;4376.13;6201.71;1490.82;2818.12;7062.47;1056.52;2071.43;10889.42;4169.93;3865.52;1083.07;1210.10;695.44;2020.84;1770.01;2401.76;1174.37
1049;10201T5;1To2Ri1Re5Ta;1To;2Ri;1Re;5Ta;6.7;35;42;32;1092.94;2709.31;5574.14;1154.46;3082.64;6205.21;1097.46;2226.98;14709.83;4587.96;2997.52;1282.08;1321.37;779.98;1504.07;3091.63;2712.28;1241.42
1050;10201T5;1To2Ri1Re5Ta;1To;2Ri;1Re;5Ta;6.7;35;42;32;1258.83;3663.71;6918.66;1792.77;2033.49;6300.38;706.76;1513.62;13812.25;2895.80;4683.95;1039.74;1580.73;920.34;2360.75;3270.99;1753.27;1188.73
1051;10201T5;1To2Ri1Re5Ta;1To;2Ri;1Re;5Ta;6.7;35;42;32;370.00;1209.94;7040.71;996.18;10483.37;5912.65;610.44;1042.69;10891.70;3623.18;3227.17;879.09;1172.50;609.31;2567.62;1514.43;3009.42;659.02
1052;20201T5;2To2Ri1Re5Ta;2To;2Ri;1Re;5Ta;6.366666667;34;39;32;1645.10;4953.03;15456.70;2043.97;13924.43;20454.92;1080.00;1914.28;34586.44;3051.95;5124.02;1715.30;2799.28;1301.56;4375.10;5343.66;2723.55;1111.15
1053;20201T5;2To2Ri1Re5Ta;2To;2Ri;1Re;5Ta;6.366666667;34;40;32;1292.98;2284.38;2452.62;933.38;1786.10;7571.46;907.83;1783.94;10438.35;3952.11;4697.10;846.14;1358.20;804.70;3282.34;2192.62;2903.80;1101.57
1054;20201T5;2To2Ri1Re5Ta;2To;2Ri;1Re;5Ta;6.366666667;34;41;32;1104.32;4376.13;3554.95;1883.96;2157.18;7725.14;1047.49;2023.16;8108.97;5236.53;5481.13;905.71;956.11;538.33;4164.98;1497.61;3622.71;1318.05
1055;20201T5;2To2Ri1Re5Ta;2To;2Ri;1Re;5Ta;6.366666667;34;41;32;882.32;2242.75;7733.64;1565.67;3686.95;6162.91;880.14;1654.14;21055.54;3844.92;1949.45;1209.42;2001.24;1177.94;1568.16;5026.43;2699.61;1055.59
1056;20201T5;2To2Ri1Re5Ta;2To;2Ri;1Re;5Ta;6.366666667;34;41;32;962.01;3667.58;4999.43;1562.22;3414.23;5637.71;1215.45;2622.81;17566.59;4226.71;4509.94;1366.92;1421.12;803.90;2722.57;3427.92;3012.94;1511.54
1057;20201T5;2To2Ri1Re5Ta;2To;2Ri;1Re;5Ta;6.366666667;34;41;32;1099.44;3926.03;6622.65;1423.72;3660.87;6052.23;1382.21;2852.91;14974.09;4016.73;4263.10;1283.88;1379.69;835.80;2875.09;3503.03;3199.54;1407.13
1058;20201T5;2To2Ri1Re5Ta;2To;2Ri;1Re;5Ta;6.366666667;35;42;32;340.73;1139.28;7704.81;806.92;2509.63;1953.49;1187.16;2934.98;30827.54;3432.77;5697.62;1874.15;2333.50;1280.82;3124.14;7195.50;2464.43;1923.43
1059;20201T5;2To2Ri1Re5Ta;2To;2Ri;1Re;5Ta;6.366666667;35;42;32;818.08;3249.43;5600.09;1259.41;3119.16;4831.92;1282.88;2737.06;17622.41;4216.92;5181.68;1359.25;1418.05;823.84;3213.38;3968.23;3181.23;1509.63
1060;20201T5;2To2Ri1Re5Ta;2To;2Ri;1Re;5Ta;6.366666667;34;41;32;681.46;2721.89;3855.77;956.60;2230.95;4406.81;1329.23;2635.15;21511.16;4663.83;4909.55;1441.83;1821.68;1121.32;3472.17;5621.66;3756.50;1345.83
1061;20201T5;2To2Ri1Re5Ta;2To;2Ri;1Re;5Ta;6.366666667;34;42;32;879.07;2748.03;2614.08;1020.26;1476.87;5355.71;955.39;1950.75;10745.90;5273.73;5890.85;1035.23;1117.25;713.78;3877.80;2500.88;4087.43;1418.63
1062;20201T5;2To2Ri1Re5Ta;2To;2Ri;1Re;5Ta;6.366666667;35;42;32;890.45;1796.53;2679.43;1053.81;3820.33;4049.39;905.42;1826.85;18199.91;3951.13;4186.22;1044.26;1889.97;1224.99;3134.69;5045.48;3606.52;1240.46
1063;20201T5;2To2Ri1Re5Ta;2To;2Ri;1Re;5Ta;6.366666667;35;42;32;387.89;1085.08;5158.00;1118.33;2335.27;3855.52;1042.68;2428.11;20712.68;2871.82;4144.74;1639.04;1509.37;795.13;2529.49;4472.67;2438.38;1743.35
1064;20201T5;2To2Ri1Re5Ta;2To;2Ri;1Re;5Ta;6.366666667;35;42;32;718.87;1815.88;2142.20;1902.03;1996.98;3902.05;827.76;1664.33;9988.42;2349.05;4669.79;898.94;1152.55;748.87;3557.35;3319.19;2385.57;1346.79
1065;20201T5;2To2Ri1Re5Ta;2To;2Ri;1Re;5Ta;6.366666667;35;42;32;483.85;1906.87;8464.04;1218.12;3129.59;3388.83;1209.43;3008.46;16605.23;2657.42;2980.33;1446.34;1275.33;740.90;1805.85;4245.11;2070.83;1700.24
1066;20201T5;2To2Ri1Re5Ta;2To;2Ri;1Re;5Ta;6.366666667;35;42;32;371.63;875.03;4283.44;1146.72;2800.98;3063.83;818.13;1793.06;14532.14;2471.42;6409.83;1218.90;1339.02;802.31;3780.45;4663.23;2051.81;1493.34
1067;20201T5;2To2Ri1Re5Ta;2To;2Ri;1Re;5Ta;6.366666667;35;42;32;722.12;1469.36;4212.32;1145.00;2283.85;4722.64;766.96;1395.08;17882.12;3576.19;4381.46;883.60;1880.76;1245.73;2857.24;6158.61;2757.35;1013.44
1068;20201T5;2To2Ri1Re5Ta;2To;2Ri;1Re;5Ta;6.366666667;35;42;32;785.55;2045.29;8313.16;1330.82;2945.54;4401.17;910.84;2004.92;20006.46;2679.45;5877.70;1106.53;1858.51;1173.95;2856.43;5915.35;2010.27;1192.57
1069;20201T5;2To2Ri1Re5Ta;2To;2Ri;1Re;5Ta;6.366666667;35;42;32;669.26;1565.18;2340.18;1182.85;2321.11;4328.56;641.74;1160.15;19431.24;5407.85;4853.91;815.01;2063.39;1343.03;3535.45;6882.75;4301.49;903.29
1070;20201T5;2To2Ri1Re5Ta;2To;2Ri;1Re;5Ta;6.366666667;35;42;32;1270.21;2779.00;3833.66;1248.23;2550.61;7059.65;734.45;1241.14;14868.16;4577.68;2404.70;732.87;1719.62;1187.51;1821.27;4726.01;3350.92;850.60
1071;20201T5;2To2Ri1Re5Ta;2To;2Ri;1Re;5Ta;6.366666667;35;43;32;1420.65;2469.25;6306.46;1315.33;2657.17;4527.37;1202.21;2612.09;16863.79;1705.86;7638.98;1435.51;1532.39;891.63;3839.67;3225.03;1415.29;1560.39
1072;20201T5;2To2Ri1Re5Ta;2To;2Ri;1Re;5Ta;6.366666667;35;42;32;666.82;1473.23;4491.99;1409.10;2555.08;6070.56;844.02;1868.69;18474.43;2165.49;5937.39;1342.10;1760.29;971.38;3533.02;4538.80;1834.94;1495.26
1073;20201T5;2To2Ri1Re5Ta;2To;2Ri;1Re;5Ta;6.366666667;35;42;32;569.24;1490.65;2901.44;1030.59;1681.78;4002.86;956.59;2180.85;19387.95;5544.41;2852.86;1230.63;1714.25;1062.30;2412.67;5473.69;4122.64;1466.52
1074;20201T5;2To2Ri1Re5Ta;2To;2Ri;1Re;5Ta;6.366666667;36;42;33;626.97;1283.51;7139.70;1063.28;3091.59;5593.29;783.81;1772.14;20300.34;2557.57;5699.65;1139.47;1926.04;1180.33;3318.03;6239.31;2122.93;1376.48
1075;20201T5;2To2Ri1Re5Ta;2To;2Ri;1Re;5Ta;6.366666667;35;43;33;914.03;2806.10;2298.85;1846.11;1812.18;5640.53;900.00;1993.66;15478.70;3237.46;3838.21;1156.17;1507.07;913.16;2484.87;4097.14;2596.81;1352.53
1076;20201T5;2To2Ri1Re5Ta;2To;2Ri;1Re;5Ta;6.366666667;35;42;32;848.16;2342.45;5768.27;1175.11;2198.16;5533.37;907.23;1963.62;15704.23;3878.20;6147.81;1046.06;1550.04;966.60;3817.77;4258.56;2991.82;1350.62
1077;20201T5;2To2Ri1Re5Ta;2To;2Ri;1Re;5Ta;6.366666667;36;42;32;597.70;1638.75;2596.78;1921.81;2872.51;3350.76;942.14;1892.29;16213.39;4335.38;2394.58;1231.99;1697.37;1063.89;1586.82;5174.39;3107.30;1318.05
1078;20201T5;2To2Ri1Re5Ta;2To;2Ri;1Re;5Ta;6.366666667;35;43;33;622.10;1388.05;8800.41;895.53;2883.69;3573.53;1223.88;2548.80;23998.87;1758.23;6549.44;1454.02;1929.11;1181.93;3142.80;6352.53;1558.93;1387.97
1079;20201T5;2To2Ri1Re5Ta;2To;2Ri;1Re;5Ta;6.366666667;36;42;33;851.42;1436.45;9055.09;1322.21;3223.48;6143.17;769.97;1813.98;23621.84;2575.68;6227.73;1339.84;2119.41;1210.64;3434.04;6424.27;2217.99;1508.67
1080;20201T5;2To2Ri1Re5Ta;2To;2Ri;1Re;5Ta;6.366666667;35;42;33;761.96;2507.97;7466.46;1231.89;2303.97;4568.96;1181.74;2652.31;21164.89;3294.73;4482.63;1393.09;1817.07;1098.99;2451.61;5295.46;2577.79;1537.40
1081;20201T5;2To2Ri1Re5Ta;2To;2Ri;1Re;5Ta;6.366666667;35;43;33;373.26;983.44;11394.31;1360.06;4382.17;4176.29;686.29;1664.87;25415.86;1798.37;3869.57;1333.07;2261.37;1256.10;1998.12;7574.39;1531.47;1593.92
1082;20201T5;2To2Ri1Re5Ta;2To;2Ri;1Re;5Ta;6.366666667;36;43;33;988.03;2544.76;1927.88;2197.09;1664.64;4207.31;1048.10;2295.63;13035.41;4098.47;3912.06;1270.80;1408.08;856.54;2830.47;3448.10;3117.86;1552.73
1083;20201T5;2To2Ri1Re5Ta;2To;2Ri;1Re;5Ta;6.366666667;36;43;33;1125.46;2283.41;7313.65;1289.52;2449.28;6235.53;1188.97;2548.26;19536.03;4536.56;3067.33;1180.09;1970.54;1284.81;1959.99;5818.95;3173.48;1241.42
1084;20201T5;2To2Ri1Re5Ta;2To;2Ri;1Re;5Ta;6.366666667;36;43;33;957.95;3035.51;7975.82;1406.52;2088.63;6148.81;1055.92;2158.86;28195.17;3595.77;4753.75;1477.03;2284.39;1431.55;2591.96;7202.23;2519.35;1303.68
1085;20201T5;2To2Ri1Re5Ta;2To;2Ri;1Re;5Ta;6.366666667;36;43;33;615.59;1014.42;1791.41;1993.21;2409.04;2242.53;1232.31;2389.50;16497.02;5026.05;2748.66;1395.35;1665.14;1094.20;1975.41;5433.34;3682.56;1355.41
1086;20201T5;2To2Ri1Re5Ta;2To;2Ri;1Re;5Ta;6.366666667;35;43;33;1083.99;2175.00;8046.94;991.01;3384.43;5371.22;1143.82;2125.61;19197.73;3057.82;5927.27;1107.43;1846.23;1178.74;2991.91;5167.67;2325.01;1060.38
1087;20201T5;2To2Ri1Re5Ta;2To;2Ri;1Re;5Ta;6.366666667;36;43;33;1285.66;3641.45;7125.29;1760.94;2537.95;7087.84;831.37;1612.31;14974.09;4685.85;4287.38;795.15;1642.89;1055.12;2742.04;3825.87;3159.40;994.28
1088;20201T5;2To2Ri1Re5Ta;2To;2Ri;1Re;5Ta;6.366666667;36;43;33;743.26;2056.91;2727.48;2250.43;2984.29;2630.27;918.66;1923.93;16567.64;3352.49;5358.72;1139.93;1698.90;1097.39;3580.07;5145.25;2715.80;1296.02
1089;20201T5;2To2Ri1Re5Ta;2To;2Ri;1Re;5Ta;6.366666667;36;43;33;1159.62;1912.68;3573.22;881.76;3698.87;5226.00;1289.50;3060.49;18902.71;2930.55;6678.93;1329.01;1789.45;1148.43;4340.22;5144.13;2429.22;1382.23
1090;20201T5;2To2Ri1Re5Ta;2To;2Ri;1Re;5Ta;6.366666667;36;43;33;1615.82;3978.30;7065.70;1642.23;2245.11;8516.83;650.77;955.80;12792.79;3483.67;4542.32;541.08;1705.81;1130.09;2540.04;3754.13;2469.36;789.30
1091;20201T5;2To2Ri1Re5Ta;2To;2Ri;1Re;5Ta;6.366666667;35;43;33;987.22;3617.25;1826.97;3434.14;1944.82;4458.98;1099.87;2469.95;10586.43;2972.65;4858.96;1268.99;1155.62;646.79;3381.31;2541.24;2293.33;1671.51
1092;20201T5;2To2Ri1Re5Ta;2To;2Ri;1Re;5Ta;6.366666667;36;43;33;943.31;2467.32;2405.53;1748.90;2979.07;3580.58;1006.56;1943.24;19342.39;3631.99;4727.45;1296.07;2059.55;1313.52;3046.26;5866.03;2685.53;1114.02
1093;20201T5;2To2Ri1Re5Ta;2To;2Ri;1Re;5Ta;6.366666667;36;43;33;762.78;2084.01;6038.33;1121.77;2880.71;3392.35;1284.08;2935.51;25178.94;2834.13;6339.01;1598.88;2058.02;1227.39;3291.26;6090.23;2032.80;1556.56
1094;20201T5;2To2Ri1Re5Ta;2To;2Ri;1Re;5Ta;6.366666667;36;43;33;884.76;1497.43;8429.44;1412.54;2733.92;7081.50;838.00;1664.33;15095.97;2376.46;6591.92;1108.79;1607.59;965.00;3261.25;4625.12;1929.30;1342.95
1095;20201T5;2To2Ri1Re5Ta;2To;2Ri;1Re;5Ta;6.366666667;37;43;33;845.72;2562.18;1817.36;2847.45;2161.65;3452.28;1244.95;2638.37;14333.94;4650.12;4377.42;1445.89;1496.32;905.19;2599.26;3639.79;2910.84;1585.30
1096;20201T5;2To2Ri1Re5Ta;2To;2Ri;1Re;5Ta;6.366666667;36;43;33;1244.19;3996.69;3596.28;2378.61;2998.44;5811.83;1246.16;3073.90;20597.63;2269.75;5957.62;1575.86;1729.60;965.80;3947.57;4309.01;1970.84;1627.45
1097;20201T5;2To2Ri1Re5Ta;2To;2Ri;1Re;5Ta;6.366666667;36;44;33;1882.55;3592.08;9066.63;1263.72;3318.11;7602.48;1243.15;2443.13;17966.40;3888.97;6640.48;1111.04;1851.60;1198.68;3344.81;4445.76;2531.32;1137.97
1098;20201T5;2To2Ri1Re5Ta;2To;2Ri;1Re;5Ta;6.366666667;36;44;33;1073.42;3052.93;4937.92;1736.00;4984.99;6381.46;1037.86;2176.56;19490.47;3700.03;5101.76;1319.99;2048.04;1165.18;2703.91;3759.73;2335.58;1506.75
1099;20201T5;2To2Ri1Re5Ta;2To;2Ri;1Re;5Ta;6.366666667;36;43;33;207.37;716.29;3304.12;494.65;3639.26;2420.89;469.57;1084.53;13439.78;4177.77;6374.42;732.87;1537.76;973.77;4135.78;5775.23;3507.24;1477.06
1100;20201T5;2To2Ri1Re5Ta;2To;2Ri;1Re;5Ta;6.366666667;36;43;33;695.28;1132.51;6048.90;499.81;1991.01;3699.02;586.36;1053.95;10087.52;1111.13;2245.87;527.99;1192.45;842.98;1552.74;4989.43;1561.74;1203.10
1101;20201T5;2To2Ri1Re5Ta;2To;2Ri;1Re;5Ta;6.366666667;36;44;33;507.43;1647.46;3362.74;963.49;1582.68;1816.73;1459.87;3576.47;31546.29;7543.96;3706.69;2320.47;1710.41;846.97;3447.83;4428.95;4794.37;1897.57
1102;30201T5;3To2Ri1Re5Ta;3To;2Ri;1Re;5Ta;7.2;36;42;33;639.17;1168.32;2087.42;600.46;1105.79;1721.56;1688.03;3558.23;41350.18;6842.04;11974.92;2398.54;4584.89;2695.62;5797.23;9116.84;4059.97;1751.97
1103;30201T5;3To2Ri1Re5Ta;3To;2Ri;1Re;5Ta;7.2;36;43;33;2894.98;4855.27;5414.60;1556.20;5660.83;12010.00;1104.68;2343.37;26684.78;5429.87;10807.48;1522.61;2716.40;1595.84;5387.55;6305.45;4026.88;1638.94
1104;30201T5;3To2Ri1Re5Ta;3To;2Ri;1Re;5Ta;7.2;36;43;33;1671.12;2205.00;5925.89;2280.54;4188.43;7248.58;955.39;2029.06;26873.86;4162.10;7808.94;1562.32;2602.84;1506.52;4753.96;6443.33;3429.08;1568.06
1105;30201T5;3To2Ri1Re5Ta;3To;2Ri;1Re;5Ta;7.2;36;43;33;1174.26;1744.26;10302.55;1526.09;4939.53;5683.53;1045.69;2324.60;33328.92;3255.57;10435.19;1716.21;2918.98;1709.89;5258.56;8783.92;2617.23;1650.43
1106;30201T5;3To2Ri1Re5Ta;3To;2Ri;1Re;5Ta;7.2;36;43;33;1583.29;1760.71;6201.71;1452.97;3830.02;10129.12;1036.66;2006.53;31908.51;4127.35;6507.96;1772.62;3029.48;1678.78;4023.01;7597.93;3425.56;1410.96
1107;30201T5;3To2Ri1Re5Ta;3To;2Ri;1Re;5Ta;7.2;37;44;33;1621.51;2701.56;3156.12;3106.38;3160.14;7522.11;1121.54;2460.83;24831.52;4878.22;7145.30;1935.53;2278.25;1213.83;4766.94;4849.31;3909.29;1929.18
1108;30201T5;3To2Ri1Re5Ta;3To;2Ri;1Re;5Ta;7.2;37;44;33;1531.25;5931.63;2601.58;4060.41;3333.76;13180.97;961.41;2070.36;25705.18;4477.82;10706.31;1469.81;3132.30;1799.21;6282.36;5727.03;3769.88;1618.82
1109;30201T5;3To2Ri1Re5Ta;3To;2Ri;1Re;5Ta;7.2;37;43;33;1375.93;3118.75;12265.99;2597.11;6802.38;8201.00;1291.31;2715.60;30934.61;5434.28;4475.55;1800.14;3298.82;1839.88;2551.40;5833.52;3867.75;1669.59
1110;30201T5;3To2Ri1Re5Ta;3To;2Ri;1Re;5Ta;7.2;36;43;33;1763.82;2305.67;10349.64;1487.38;5068.44;8034.63;803.68;1682.57;29701.01;4565.44;8034.54;1366.02;2883.68;1695.53;4248.54;7531.79;3625.53;1286.44
1111;30201T5;3To2Ri1Re5Ta;3To;2Ri;1Re;5Ta;7.2;36;44;34;1792.28;6492.08;6221.89;4074.17;5659.34;11779.47;1078.20;2180.85;25600.39;5309.46;8670.87;1474.32;2954.28;1690.75;5083.33;5257.35;4294.45;1602.54
1112;30201T5;3To2Ri1Re5Ta;3To;2Ri;1Re;5Ta;7.2;36;44;33;1618.26;3352.03;7075.31;3151.98;5611.65;6127.67;1129.97;2424.90;25008.08;3757.30;6461.42;1750.50;2476.22;1362.17;3757.73;5296.58;3006.61;1883.20
1113;30201T5;3To2Ri1Re5Ta;3To;2Ri;1Re;5Ta;7.2;37;44;34;1298.67;4338.38;4365.13;2413.02;6519.97;8506.96;1194.38;2408.81;29131.48;5376.03;4621.23;1806.01;3185.25;1772.89;2897.80;6348.05;4054.34;1542.19
1114;30201T5;3To2Ri1Re5Ta;3To;2Ri;1Re;5Ta;7.2;36;44;34;1703.65;10292.27;6671.67;5975.34;8052.73;14155.25;1316.59;2991.83;15454.78;4739.70;5051.18;1690.94;1866.18;925.92;2925.39;2764.31;3693.83;2055.62
1115;30201T5;3To2Ri1Re5Ta;3To;2Ri;1Re;5Ta;7.2;37;44;34;1560.52;5850.32;12576.41;4046.64;8160.77;7614.46;1166.09;2429.72;25120.85;4548.80;4507.92;1659.80;2673.43;1540.01;2462.97;5192.33;3151.65;1686.83
1116;30201T5;3To2Ri1Re5Ta;3To;2Ri;1Re;5Ta;7.2;37;44;34;1915.89;2949.36;6650.52;2383.77;6110.15;8191.84;1123.95;2407.20;24841.78;3960.92;6150.84;1697.70;2419.44;1347.81;3974.34;5424.37;3359.37;1717.49
1117;30201T5;3To2Ri1Re5Ta;3To;2Ri;1Re;5Ta;7.2;37;44;34;2741.28;6360.44;21069.28;3524.47;6618.33;12906.73;797.06;1572.08;23471.49;2980.48;6155.90;1283.88;2640.44;1484.19;3723.66;5316.76;2496.12;1348.70
1118;30201T5;3To2Ri1Re5Ta;3To;2Ri;1Re;5Ta;7.2;37;44;34;1662.99;6800.86;6101.76;3957.18;5004.36;9369.15;943.35;2043.54;22274.33;3792.05;6872.15;1382.26;2552.19;1465.05;4280.99;5627.27;3188.97;1499.09
1119;30201T5;3To2Ri1Re5Ta;3To;2Ri;1Re;5Ta;7.2;37;44;34;1676.00;3794.39;7193.52;1624.16;9633.17;8158.71;775.99;1536.68;22489.62;5870.90;2400.65;1263.12;2541.45;1477.81;2053.29;6073.41;4688.76;1326.67
1120;30201T5;3To2Ri1Re5Ta;3To;2Ri;1Re;5Ta;7.2;37;44;34;1781.71;3900.86;5033.06;2360.54;3659.38;9615.19;1008.36;2181.92;23425.92;5265.89;5552.96;1566.83;2347.31;1275.24;3924.85;4787.66;4233.19;1699.29
1121;30201T5;3To2Ri1Re5Ta;3To;2Ri;1Re;5Ta;7.2;37;44;34;1218.17;4114.78;9956.56;3035.84;7373.90;7747.00;825.96;1713.14;24415.77;4731.38;4481.62;1268.99;2734.82;1626.94;2837.77;6654.07;3800.86;1363.07
1122;30201T5;3To2Ri1Re5Ta;3To;2Ri;1Re;5Ta;7.2;37;44;34;1910.20;6723.42;8119.02;3830.72;6151.13;9730.81;1155.25;2606.72;16916.19;4294.26;4722.39;1683.72;1900.71;974.57;3079.52;3388.69;3516.39;1960.79
1123;30201T5;3To2Ri1Re5Ta;3To;2Ri;1Re;5Ta;7.2;36;44;34;1377.55;2313.41;10243.92;983.27;5222.69;7099.12;981.27;2242.00;31793.46;4872.84;3762.33;1552.39;2943.54;1623.75;2419.16;7377.10;3881.13;1682.05
1124;30201T5;3To2Ri1Re5Ta;3To;2Ri;1Re;5Ta;7.2;37;44;34;816.45;3775.99;8620.69;4678.07;3746.56;6807.26;515.92;1097.93;22603.52;2476.80;4119.45;1125.03;2244.48;1255.30;2737.99;7751.50;2460.91;1591.05
1125;30201T5;3To2Ri1Re5Ta;3To;2Ri;1Re;5Ta;7.2;37;43;34;592.01;3367.52;5743.28;1509.75;5388.85;5787.16;641.14;1381.13;13480.78;3084.25;2294.43;944.52;1591.47;953.84;2000.56;5314.52;3767.76;1521.12
1126;30201T5;3To2Ri1Re5Ta;3To;2Ri;1Re;5Ta;7.2;36;43;34;572.49;3544.65;3943.22;1430.61;2445.55;7421.30;740.47;1524.34;12972.76;3058.80;5168.53;924.22;1340.55;809.48;3635.23;4184.58;3682.56;1681.09
1127;30201T5;3To2Ri1Re5Ta;3To;2Ri;1Re;5Ta;7.2;36;44;34;514.75;1569.06;4955.22;788.85;1888.93;6244.69;554.45;1169.81;24980.74;2558.55;5882.76;964.38;2474.69;1622.16;4354.82;10184.01;3206.58;1403.30
1128;30201T5;3To2Ri1Re5Ta;3To;2Ri;1Re;5Ta;7.2;36;43;34;365.94;1034.74;5759.62;935.96;5183.94;5410.70;599.00;1425.65;21724.17;2713.22;4843.79;1069.53;2188.47;1336.65;3342.37;8064.25;3497.38;1780.71
1129;30201T5;3To2Ri1Re5Ta;3To;2Ri;1Re;5Ta;7.2;36;43;34;422.05;1944.62;7360.75;802.62;3271.91;5637.71;669.43;1448.18;14882.97;1834.11;5713.81;910.23;1461.79;937.89;3829.12;5768.51;2535.55;1630.32
1130;30201T5;3To2Ri1Re5Ta;3To;2Ri;1Re;5Ta;7.2;36;44;34;696.91;2085.94;6548.65;866.28;3566.24;8420.96;449.10;814.74;20164.79;2683.85;3515.49;630.43;2142.43;1480.20;2800.45;8995.78;3654.40;975.13
1131;30201T5;3To2Ri1Re5Ta;3To;2Ri;1Re;5Ta;7.2;36;43;34;403.35;1168.32;2134.51;1660.29;2176.55;3119.53;689.90;1307.65;17542.67;2756.30;4784.10;1137.67;1741.11;1082.24;3980.83;6178.78;3376.97;1393.72
1132;30201T5;3To2Ri1Re5Ta;3To;2Ri;1Re;5Ta;7.2;36;43;34;639.17;3497.22;4391.08;2682.28;4714.50;5723.01;1042.08;2076.26;16345.52;2857.13;3590.35;1328.56;1883.83;1112.54;2758.27;5436.70;3165.74;1602.54
1133;30201T5;3To2Ri1Re5Ta;3To;2Ri;1Re;5Ta;7.2;36;44;34;507.43;1467.42;4731.29;1283.50;7159.30;4710.66;721.21;1656.82;18972.20;3561.50;1610.55;1194.08;1678.18;991.32;1732.03;6235.95;4437.38;1862.13
1134;30201T5;3To2Ri1Re5Ta;3To;2Ri;1Re;5Ta;7.2;36;43;34;531.02;2722.86;11422.18;1637.07;6600.45;10167.89;509.30;1125.29;20185.29;1701.45;5150.32;937.30;2289.76;1483.39;2930.25;7321.05;2019.43;1604.46
1135;30201T5;3To2Ri1Re5Ta;3To;2Ri;1Re;5Ta;7.2;36;44;34;893.70;3600.79;9658.64;2442.27;6098.23;7471.35;786.22;1669.70;13486.48;2836.08;3237.29;1102.02;1602.98;905.19;2080.06;3781.03;2863.67;1712.70
1136;30201T5;3To2Ri1Re5Ta;3To;2Ri;1Re;5Ta;7.2;37;43;34;662.75;1173.16;9559.65;709.71;6358.28;5338.09;730.24;1562.96;24901.01;2471.91;3935.33;1045.61;2427.88;1559.95;2690.93;9061.92;2772.13;1375.52
1137;30201T5;3To2Ri1Re5Ta;3To;2Ri;1Re;5Ta;7.2;36;44;34;594.45;1705.54;6218.05;784.55;2019.33;5247.15;818.13;1781.80;25194.88;3602.13;5280.82;1169.71;2389.51;1466.64;3567.90;8109.09;3813.53;1542.19
1138;30201T5;3To2Ri1Re5Ta;3To;2Ri;1Re;5Ta;7.2;37;43;34;544.84;2175.00;5587.59;838.75;3054.33;5521.38;865.09;1892.29;20283.25;2359.32;7332.45;1172.42;1774.87;1049.54;4581.16;6145.15;2724.96;1722.28
1139;30201T5;3To2Ri1Re5Ta;3To;2Ri;1Re;5Ta;7.2;37;43;34;843.28;4182.54;9351.10;1224.14;5165.31;9342.36;671.24;1331.25;15992.41;2218.35;6718.38;833.96;1751.08;1106.96;3881.86;5424.37;2522.17;1372.65
1140;30201T5;3To2Ri1Re5Ta;3To;2Ri;1Re;5Ta;7.2;36;43;34;689.59;2079.17;7321.34;778.53;2713.05;8100.19;546.62;1004.07;16882.02;2573.23;5756.30;659.77;1901.48;1286.40;3602.78;7513.86;2992.52;1063.25
1141;30201T5;3To2Ri1Re5Ta;3To;2Ri;1Re;5Ta;7.2;36;44;34;421.24;2590.25;6252.65;978.97;3804.68;5216.13;975.86;2025.84;19026.87;3225.72;3868.56;1276.21;1916.06;1102.97;2515.70;5260.71;3182.64;1688.75
1142;30201T5;3To2Ri1Re5Ta;3To;2Ri;1Re;5Ta;7.2;37;44;34;597.70;2688.01;4700.54;1932.13;2920.95;5905.60;864.48;1898.72;13979.69;1854.17;4122.48;1273.50;1272.26;657.96;3635.23;3491.82;2571.46;1910.98
1143;30201T5;3To2Ri1Re5Ta;3To;2Ri;1Re;5Ta;7.2;37;43;34;724.56;4227.06;10642.76;1305.87;3625.11;9709.66;730.24;1598.90;17249.94;2555.61;3415.34;1046.06;1735.73;1047.15;2763.95;5841.37;3088.99;1505.79
1144;30201T5;3To2Ri1Re5Ta;3To;2Ri;1Re;5Ta;7.2;36;44;34;592.01;2427.63;3017.72;2367.42;3210.06;4363.81;777.19;1682.57;14305.46;3183.62;3109.82;1078.10;1593.01;956.23;2757.46;4611.67;3856.48;1635.11
1145;30201T5;3To2Ri1Re5Ta;3To;2Ri;1Re;5Ta;7.2;36;43;34;649.74;2328.90;4616.92;1333.40;2275.66;8690.26;541.21;1054.49;14363.56;2654.48;2980.33;786.12;1624.47;1001.69;2453.24;5273.04;3357.96;1295.06
1146;30201T5;3To2Ri1Re5Ta;3To;2Ri;1Re;5Ta;7.2;36;43;34;702.60;2044.32;9635.57;1663.73;3341.21;7328.95;479.80;947.75;16669.02;2885.03;2710.22;854.72;1827.82;1079.84;2537.61;6517.32;3288.96;1386.06
1147;30201T5;3To2Ri1Re5Ta;3To;2Ri;1Re;5Ta;7.2;36;43;34;451.32;2369.56;8096.92;1162.21;3739.11;3600.32;753.11;1579.05;14710.97;1798.86;3217.05;1116.46;1313.70;721.76;2836.15;4307.88;2544.70;1619.78
1148;30201T5;3To2Ri1Re5Ta;3To;2Ri;1Re;5Ta;7.2;36;43;34;638.36;3993.78;4340.14;1408.24;1737.67;10600.75;453.31;839.41;9760.61;2998.59;2962.12;524.84;1414.22;894.02;2854.81;3667.81;3731.85;1243.33
1149;30201T5;3To2Ri1Re5Ta;3To;2Ri;1Re;5Ta;7.2;36;43;34;337.48;1249.63;7908.55;775.95;3774.88;4072.66;665.82;1485.19;20266.17;2737.70;3022.82;1100.21;1653.63;950.65;2750.97;6323.39;3203.76;1567.10
1150;30201T5;3To2Ri1Re5Ta;3To;2Ri;1Re;5Ta;7.2;36;43;34;398.47;2057.87;7044.56;2196.23;4172.78;4362.40;1101.07;2354.10;13905.65;3769.04;3282.81;1220.70;1619.10;978.56;2684.44;5126.19;3748.05;2045.08
1151;30201T5;3To2Ri1Re5Ta;3To;2Ri;1Re;5Ta;7.2;36;43;34;349.67;1872.99;9358.79;1064.14;3662.36;5374.75;576.12;1301.75;16731.66;2182.62;3724.90;969.34;1625.24;945.86;2884.01;5842.49;2577.79;1702.16
1152;30201T5;3To2Ri1Re5Ta;3To;2Ri;1Re;5Ta;7.2;36;44;34;280.55;1072.49;6207.48;539.38;10057.90;2544.26;441.87;434.45;2751.97;2752.38;5734.04;182.77;460.41;340.54;3356.16;846.33;2557.38;395.61
1153;40202T5;4To2Ri1Re5Ta;4To;2Ri;1Re;5Ta;6.666666667;36;42;34;374.88;1516.79;2534.31;781.97;1210.85;1507.95;1198.00;3711.09;20532.71;6412.76;2191.24;2194.11;1180.18;589.37;2431.33;3245.21;4177.56;2015.39
1154;40202T5;4To2Ri1Re5Ta;4To;2Ri;1Re;5Ta;6.666666667;36;43;34;434.25;1622.29;2719.80;831.87;1286.11;1593.95;1256.39;3896.68;21669.49;6812.18;2328.82;2329.49;1250.01;616.48;2423.22;3225.03;4172.63;2048.91
1155;40202T5;4To2Ri1Re5Ta;4To;2Ri;1Re;5Ta;6.666666667;36;43;34;874.19;3493.35;6857.15;1286.94;2575.95;4647.92;1090.84;2266.13;9334.60;4034.35;1775.45;1078.55;933.09;519.19;1305.31;1527.88;2240.52;1331.46
1156;40202T5;4To2Ri1Re5Ta;4To;2Ri;1Re;5Ta;6.666666667;36;43;33;284.62;954.40;1949.99;861.12;1032.02;2260.16;724.22;1510.40;8072.52;4553.69;2847.80;790.64;976.06;658.75;2563.57;3331.52;3546.67;1215.56
1157;40202T5;4To2Ri1Re5Ta;4To;2Ri;1Re;5Ta;6.666666667;36;43;33;341.54;1349.33;4530.43;631.43;2169.10;3304.23;1189.57;2043.54;10110.30;2747.49;1815.92;912.48;925.42;575.81;1506.50;2726.20;2129.27;1144.67
1158;40202T5;4To2Ri1Re5Ta;4To;2Ri;1Re;5Ta;6.666666667;36;43;33;323.65;1362.88;3524.20;566.05;1222.77;2786.07;1068.56;1683.11;11768.78;3358.37;2232.72;948.13;959.18;598.94;2338.85;3444.74;2639.05;1036.43
1159;40202T5;4To2Ri1Re5Ta;4To;2Ri;1Re;5Ta;6.666666667;36;43;33;302.51;1234.14;3439.63;589.28;2178.04;3063.83;1324.42;1964.16;9689.99;2556.10;2679.87;899.85;965.32;630.04;2198.50;2957.12;2458.80;1081.45
1160;40202T5;4To2Ri1Re5Ta;4To;2Ri;1Re;5Ta;6.666666667;36;43;33;302.51;1153.80;4413.18;551.42;1435.88;2786.07;759.13;1427.26;9704.80;2122.41;2492.71;764.01;1005.22;657.16;1929.98;3616.25;1955.35;978.00
1161;40202T5;4To2Ri1Re5Ta;4To;2Ri;1Re;5Ta;6.666666667;36;43;33;215.50;859.54;4219.05;694.23;1143.04;2315.85;751.91;1443.35;14151.69;2885.03;1582.22;939.11;1289.14;796.72;1399.42;5247.26;2314.45;1161.91
1162;40202T5;4To2Ri1Re5Ta;4To;2Ri;1Re;5Ta;6.666666667;36;43;33;369.19;1838.15;3722.18;634.87;1423.96;3383.19;762.14;1374.70;6663.51;2777.35;1709.69;690.91;746.63;477.72;1439.98;1802.52;2405.28;1009.61
1163;40202T5;4To2Ri1Re5Ta;4To;2Ri;1Re;5Ta;6.666666667;36;43;33;368.38;2338.58;5426.14;742.40;2300.99;3397.99;853.65;1355.93;9754.92;2153.25;1570.08;778.90;852.52;509.62;1256.63;2746.37;1795.51;1057.50
1164;40202T5;4To2Ri1Re5Ta;4To;2Ri;1Re;5Ta;6.666666667;36;43;33;365.94;1933.98;3361.78;607.34;1327.09;2565.41;1293.72;1906.77;10469.11;2097.45;3526.62;840.28;893.19;557.47;2644.69;3183.55;2005.34;1126.47
1165;40202T5;4To2Ri1Re5Ta;4To;2Ri;1Re;5Ta;6.666666667;36;43;34;261.85;1049.26;4352.63;716.59;1605.78;2585.15;797.66;1359.14;14763.37;2427.85;2425.94;955.35;1228.52;718.57;2078.44;4704.71;2150.39;1203.10
1166;40202T5;4To2Ri1Re5Ta;4To;2Ri;1Re;5Ta;6.666666667;36;43;33;300.07;1241.89;4552.53;529.92;1491.03;2677.50;695.92;1160.69;12511.44;2469.46;2399.64;778.90;1203.96;838.20;1986.76;4752.91;2044.77;779.72
1167;40202T5;4To2Ri1Re5Ta;4To;2Ri;1Re;5Ta;6.666666667;36;43;33;351.30;1792.65;3621.27;630.57;1330.82;3087.10;986.69;1749.62;7916.47;2807.69;2088.05;796.05;702.89;429.86;1832.63;2041.29;2319.38;1116.89
1168;40202T5;4To2Ri1Re5Ta;4To;2Ri;1Re;5Ta;6.666666667;36;43;33;354.55;2123.69;4279.59;656.38;1748.84;3372.61;1213.05;1947.53;8897.20;2146.40;2355.13;875.48;741.26;444.22;1826.14;2293.50;1910.99;1136.05
1169;40202T5;4To2Ri1Re5Ta;4To;2Ri;1Re;5Ta;6.666666667;36;43;33;335.04;1032.81;1902.90;769.93;918.01;2994.74;759.73;1510.93;9866.54;4299.16;1823.00;809.14;1012.90;614.89;2262.59;2810.27;3241.08;1177.24
1170;40202T5;4To2Ri1Re5Ta;4To;2Ri;1Re;5Ta;6.666666667;36;43;33;451.32;2595.09;5311.77;969.51;1954.50;3720.17;1050.50;1747.47;7557.67;2762.66;1700.59;749.57;706.72;424.28;1511.37;1951.61;2160.95;1127.43
1171;40202T5;4To2Ri1Re5Ta;4To;2Ri;1Re;5Ta;6.666666667;36;43;33;317.15;1456.77;4197.90;738.96;1464.20;2757.17;1425.56;2120.78;9273.09;2184.58;1925.17;899.40;813.39;523.17;1480.54;2554.69;1806.78;1053.67
1172;40202T5;4To2Ri1Re5Ta;4To;2Ri;1Re;5Ta;6.666666667;36;43;33;304.95;1821.69;3171.49;851.65;1024.57;2692.31;1123.95;2261.84;10449.74;2939.86;2336.92;1062.31;837.17;477.72;2176.60;2503.12;2377.82;1460.77
1173;40202T5;4To2Ri1Re5Ta;4To;2Ri;1Re;5Ta;6.666666667;36;44;34;537.52;955.37;5355.02;1410.82;1763.75;3364.86;775.99;1541.51;17215.76;1376.44;3950.50;1365.11;1751.08;1002.48;2544.10;3896.49;1316.01;1195.44
1174;40202T5;4To2Ri1Re5Ta;4To;2Ri;1Re;5Ta;6.666666667;36;43;33;443.19;2077.23;6361.25;714.01;1886.69;3674.34;575.52;895.19;8638.64;2776.86;2794.18;529.80;948.44;628.45;1868.32;2957.12;1880.01;791.21
1175;40202T5;4To2Ri1Re5Ta;4To;2Ri;1Re;5Ta;6.666666667;36;43;33;261.04;1318.36;3609.74;893.81;1196.69;2205.17;610.44;1177.32;10728.81;2350.02;2891.30;721.14;1190.92;804.70;2040.31;4737.22;2058.15;971.29
1176;40202T5;4To2Ri1Re5Ta;4To;2Ri;1Re;5Ta;6.666666667;36;43;33;391.15;1963.01;3094.61;700.25;1839.75;3653.19;1110.10;1730.84;8372.10;2959.43;1830.08;715.73;783.46;477.72;1592.49;2305.83;2501.75;1039.30
1177;40202T5;4To2Ri1Re5Ta;4To;2Ri;1Re;5Ta;6.666666667;36;43;33;128.49;926.33;5562.61;560.89;1692.21;989.08;1966.16;2858.28;17372.96;2042.63;1695.53;1538.40;870.94;494.46;1371.02;3917.79;1785.66;1411.92
1178;40202T5;4To2Ri1Re5Ta;4To;2Ri;1Re;5Ta;6.666666667;36;43;33;303.32;946.66;1980.74;927.36;1395.65;2082.50;540.60;1106.52;6205.60;2745.04;2315.67;522.58;867.10;640.41;1965.67;3401.02;2568.64;1088.16
1179;40202T5;4To2Ri1Re5Ta;4To;2Ri;1Re;5Ta;6.666666667;36;43;33;385.45;2429.57;2898.55;746.70;1230.23;3368.38;1053.51;1513.62;8082.77;3077.89;3299.00;736.94;648.41;402.75;2808.57;2170.20;2651.02;976.08
1180;40202T5;4To2Ri1Re5Ta;4To;2Ri;1Re;5Ta;6.666666667;36;43;34;217.94;863.42;6112.33;821.54;1832.30;2318.67;576.72;1237.39;11900.91;2206.11;1618.64;794.25;1185.55;756.85;1462.69;4830.26;1887.05;1160.96
1181;40202T5;4To2Ri1Re5Ta;4To;2Ri;1Re;5Ta;6.666666667;36;43;33;445.63;2324.06;3172.45;1156.18;1978.35;5439.61;381.67;482.19;7619.18;2835.10;3145.23;310.48;1148.72;789.55;2438.63;3443.62;2721.44;636.99
1182;40202T5;4To2Ri1Re5Ta;4To;2Ri;1Re;5Ta;6.666666667;35;43;33;228.51;1275.77;2603.51;587.55;1423.22;2285.54;738.66;1310.33;14683.63;3047.05;2288.36;885.86;1247.70;822.25;2089.79;5113.86;2818.60;988.54
1183;40202T5;4To2Ri1Re5Ta;4To;2Ri;1Re;5Ta;6.666666667;36;43;33;197.61;923.43;4871.60;558.31;1739.16;2174.15;910.84;1543.12;13106.03;2251.64;2456.29;858.78;1167.13;790.34;1840.74;5114.98;2129.27;960.76
1184;40202T5;4To2Ri1Re5Ta;4To;2Ri;1Re;5Ta;6.666666667;36;43;33;383.83;2586.38;4645.76;950.58;2037.21;3273.92;948.76;1590.32;9639.87;1881.59;2391.55;778.00;882.45;551.89;1875.62;3041.19;1813.82;1104.44
1185;40202T5;4To2Ri1Re5Ta;4To;2Ri;1Re;5Ta;6.666666667;36;43;33;358.62;2211.78;5200.29;687.34;2401.59;3716.64;610.44;954.73;8400.57;1954.03;1764.32;523.48;917.74;642.80;1293.14;3438.01;1766.64;829.53
1186;40202T5;4To2Ri1Re5Ta;4To;2Ri;1Re;5Ta;6.666666667;36;43;33;287.06;1489.68;5992.20;589.28;2143.77;2889.00;844.02;1306.58;8259.33;1157.64;2582.75;634.50;871.70;618.88;1545.44;3130.87;1166.73;877.42
1187;40202T5;4To2Ri1Re5Ta;4To;2Ri;1Re;5Ta;6.666666667;36;43;33;347.23;1074.43;2746.70;1065.86;1609.50;1794.17;712.78;1698.66;4880.88;1127.29;4834.69;776.65;573.21;382.01;3477.04;1452.78;1520.91;1491.43
1188;40202T5;4To2Ri1Re5Ta;4To;2Ri;1Re;5Ta;6.666666667;36;43;33;191.10;775.33;4442.97;656.38;1406.82;1659.52;745.89;1627.86;8430.19;1684.32;2685.94;789.74;911.61;630.04;1920.24;3763.09;1723.69;1155.21
1189;40202T5;4To2Ri1Re5Ta;4To;2Ri;1Re;5Ta;6.666666667;36;43;33;208.18;1236.08;3952.83;732.08;1889.67;2235.48;1037.26;2164.76;12353.11;2084.23;1605.49;1152.56;932.32;521.58;1379.13;3114.05;2295.44;1492.38
1190;40202T5;4To2Ri1Re5Ta;4To;2Ri;1Re;5Ta;6.666666667;36;43;33;245.59;1318.36;4331.49;804.34;1267.48;2805.11;1073.38;1944.85;11739.16;2339.26;2061.75;1034.78;936.93;547.10;1762.05;3193.64;2012.38;1340.08
1191;40202T5;4To2Ri1Re5Ta;4To;2Ri;1Re;5Ta;6.666666667;36;43;33;235.83;907.94;2018.22;609.92;1281.64;2827.67;532.18;997.63;9450.79;2694.13;2385.48;570.41;1153.32;807.09;1779.08;4493.97;2189.82;892.75
1192;40202T5;4To2Ri1Re5Ta;4To;2Ri;1Re;5Ta;6.666666667;36;43;33;358.62;1946.56;2665.01;793.16;1728.72;2582.33;511.10;799.18;8814.05;2310.87;2704.15;605.61;1024.41;707.40;1950.26;4025.40;1829.31;854.43
1193;40202T5;4To2Ri1Re5Ta;4To;2Ri;1Re;5Ta;6.666666667;36;43;34;450.51;2358.91;5691.39;631.43;1740.65;5006.05;576.12;872.66;6250.03;1961.86;1485.11;458.95;757.37;492.87;1242.03;1989.72;1610.33;836.23
1194;40202T5;4To2Ri1Re5Ta;4To;2Ri;1Re;5Ta;6.666666667;36;43;33;261.85;901.17;3227.23;808.64;2554.34;1812.50;708.56;1551.16;7700.05;2697.56;2582.75;850.21;837.17;547.90;2068.70;3000.83;2585.54;1398.51
1195;40202T5;4To2Ri1Re5Ta;4To;2Ri;1Re;5Ta;6.666666667;36;43;33;387.08;1291.25;1334.91;1151.88;1217.56;3135.04;543.01;980.47;5039.20;1734.74;3384.99;461.21;813.39;595.75;2446.75;2245.30;1615.26;967.46
1196;40202T5;4To2Ri1Re5Ta;4To;2Ri;1Re;5Ta;6.666666667;36;43;33;409.85;2411.18;6061.40;949.72;2202.63;3170.99;844.02;1412.78;9658.10;2045.56;1721.83;813.20;769.65;456.98;1395.36;2539.00;1935.63;1085.28
1197;40202T5;4To2Ri1Re5Ta;4To;2Ri;1Re;5Ta;6.666666667;36;43;34;225.26;714.35;3311.81;755.30;1869.56;1400.79;654.98;1385.43;8450.69;1865.43;3308.10;724.30;958.41;673.91;2690.93;4044.46;1900.43;1176.28
1198;40202T5;4To2Ri1Re5Ta;4To;2Ri;1Re;5Ta;6.666666667;36;43;33;429.37;2023.03;3930.73;794.02;2498.45;2499.15;459.33;803.47;7042.81;2326.04;2634.34;548.75;895.49;610.90;2198.50;3001.96;2003.93;1055.59
1199;40202T5;4To2Ri1Re5Ta;4To;2Ri;1Re;5Ta;6.666666667;36;43;33;391.96;1752.00;5728.87;564.33;1927.68;3930.25;718.80;1152.64;9826.68;2286.88;1559.97;698.58;956.11;601.33;1291.52;2899.95;1725.10;909.99
1200;40202T5;4To2Ri1Re5Ta;4To;2Ri;1Re;5Ta;6.666666667;36;44;34;703.41;1552.60;3796.18;1338.56;2164.63;2919.31;717.59;1402.05;13993.36;2116.54;4570.64;821.78;1632.14;1103.77;3206.89;4971.50;2108.14;1019.19
1201;40202T5;4To2Ri1Re5Ta;4To;2Ri;1Re;5Ta;6.666666667;36;44;33;1126.28;4687.81;2049.94;2093.00;1419.49;3761.06;804.88;1311.94;8552.07;3664.78;4534.22;708.05;897.03;528.76;2349.40;1799.16;2237.00;1161.91
1202;40202T5;4To2Ri1Re5Ta;4To;2Ri;1Re;5Ta;6.666666667;36;44;34;729.44;2143.05;5388.65;1105.43;2190.71;2424.42;1065.55;2630.32;26134.61;2840.00;6309.67;1801.05;1840.86;952.24;3144.43;4254.08;1968.73;1587.21
1203;40202T5;4To2Ri1Re5Ta;4To;2Ri;1Re;5Ta;6.666666667;36;43;33;67.50;420.09;2898.55;424.11;1315.17;578.08;490.64;607.16;3001.43;6158.23;5253.51;231.51;296.96;227.29;3814.52;995.42;3862.11;407.10
1204;50202T5;5To2Ri1Re5Ta;5To;2Ri;1Re;5Ta;7.133333333;35;41;33;323.65;443.32;1137.89;301.95;636.35;1301.39;341.94;517.59;19905.09;930.02;8316.79;711.66;2160.08;1488.97;5257.75;9057.43;1120.96;524.92
1205;50202T5;5To2Ri1Re5Ta;5To;2Ri;1Re;5Ta;7.133333333;35;41;33;349.67;1792.65;1958.64;960.05;1017.12;2740.95;475.59;915.57;7784.34;2195.35;1543.78;617.35;803.41;497.65;1978.65;3028.86;3177.71;1248.12
1206;50202T5;5To2Ri1Re5Ta;5To;2Ri;1Re;5Ta;7.133333333;35;42;33;251.28;1135.41;5380.97;837.03;2305.46;2803.70;456.92;905.92;9895.02;1881.59;1100.68;689.10;1055.10;653.97;1173.89;4464.82;2502.45;1184.90
1207;50202T5;5To2Ri1Re5Ta;5To;2Ri;1Re;5Ta;7.133333333;35;42;33;219.56;1016.35;4538.12;660.68;2274.17;2449.80;619.47;1304.97;7547.42;2840.49;1631.79;751.38;738.19;455.39;1770.16;2817.00;3281.92;1505.79
1208;50202T5;5To2Ri1Re5Ta;5To;2Ri;1Re;5Ta;7.133333333;35;42;33;225.26;1007.64;4603.47;495.51;2556.58;2693.72;748.30;1359.68;7690.94;1763.13;2932.78;662.93;666.82;432.26;3250.70;3112.93;2343.32;1225.13
1209;50202T5;5To2Ri1Re5Ta;5To;2Ri;1Re;5Ta;7.133333333;35;42;33;287.06;1737.48;4874.49;644.33;1525.30;3413.50;797.06;1304.97;8406.27;1490.00;1640.90;618.25;828.73;530.35;1514.61;3302.38;1831.42;1083.37
1210;50202T5;5To2Ri1Re5Ta;5To;2Ri;1Re;5Ta;7.133333333;35;42;33;231.76;1247.69;4099.88;505.83;1660.92;2409.61;783.21;1623.03;6648.70;1155.19;1793.66;656.16;662.22;437.84;1540.57;2797.94;1700.46;1299.85
1211;50202T5;5To2Ri1Re5Ta;5To;2Ri;1Re;5Ta;7.133333333;36;43;33;853.04;2857.40;11169.42;993.60;3359.09;4351.12;1069.17;2229.12;21708.22;2057.80;2655.59;1356.99;1515.51;802.31;1676.86;4595.97;1428.67;1348.70
1212;50202T5;5To2Ri1Re5Ta;5To;2Ri;1Re;5Ta;7.133333333;35;43;33;1236.06;4574.56;4618.85;2967.88;3689.93;5711.02;711.57;1479.83;11774.47;4131.75;4607.06;826.74;1385.83;882.06;2964.33;4243.99;2829.17;1145.63
1213;50202T5;5To2Ri1Re5Ta;5To;2Ri;1Re;5Ta;7.133333333;36;43;33;548.09;3001.63;10836.89;1495.98;5341.16;3057.49;1040.87;2358.39;15346.57;2272.20;3487.16;1333.52;1240.03;687.46;1955.13;3227.27;1902.54;1659.06
1214;50202T5;5To2Ri1Re5Ta;5To;2Ri;1Re;5Ta;7.133333333;36;43;33;326.90;1263.18;8605.32;653.79;3631.81;3154.77;828.97;1648.24;18674.90;2278.07;4902.47;1036.13;1692.76;1076.65;2914.03;6344.69;1898.32;1125.51
1215;50202T5;5To2Ri1Re5Ta;5To;2Ri;1Re;5Ta;7.133333333;35;42;33;310.64;1767.49;3895.17;597.88;1433.65;4717.71;423.21;681.18;7916.47;1694.60;2518.00;449.02;977.60;697.83;2113.32;3961.51;1991.26;890.83
1216;50202T5;5To2Ri1Re5Ta;5To;2Ri;1Re;5Ta;7.133333333;35;42;33;229.32;1389.98;5695.23;586.69;1808.45;2778.32;579.73;1196.63;6923.21;974.57;2838.70;679.62;695.21;452.19;1955.94;2547.96;1473.03;1455.98
1217;50202T5;5To2Ri1Re5Ta;5To;2Ri;1Re;5Ta;7.133333333;36;42;33;201.67;592.39;4745.71;454.22;2072.98;2030.34;543.61;1175.17;13913.63;1423.92;2672.78;815.01;1282.23;828.63;2561.13;6543.10;1910.99;1246.21
1218;50202T5;5To2Ri1Re5Ta;5To;2Ri;1Re;5Ta;7.133333333;35;42;33;213.87;919.56;4750.51;732.94;2077.45;2493.51;497.26;1044.30;8046.33;1681.39;1713.74;672.85;820.29;543.91;1629.81;3675.66;2365.85;1428.21
1219;50202T5;5To2Ri1Re5Ta;5To;2Ri;1Re;5Ta;7.133333333;35;42;33;254.53;1249.63;5698.12;1300.71;1508.16;3719.46;390.70;762.71;12355.39;896.25;3642.96;570.87;1234.66;836.60;2598.45;5955.71;1289.95;1169.58
1220;50202T5;5To2Ri1Re5Ta;5To;2Ri;1Re;5Ta;7.133333333;35;42;33;203.30;783.08;5990.28;861.98;2502.93;1380.35;628.50;1462.66;9322.07;1337.28;2392.56;935.50;761.21;428.27;1873.19;2747.50;1898.32;1815.19
1221;50202T5;5To2Ri1Re5Ta;5To;2Ri;1Re;5Ta;7.133333333;35;43;33;235.83;600.13;6319.92;1052.09;2117.69;2622.52;328.70;674.74;13672.15;932.96;3055.19;608.32;1411.15;924.33;2171.73;7128.24;1427.26;1162.87
1222;50202T5;5To2Ri1Re5Ta;5To;2Ri;1Re;5Ta;7.133333333;35;42;33;384.64;2350.20;1476.19;1370.39;1199.68;2940.46;409.37;872.13;4893.40;1829.21;2450.22;450.83;651.48;457.78;2613.05;2760.95;2612.30;1243.33
1223;50202T5;5To2Ri1Re5Ta;5To;2Ri;1Re;5Ta;7.133333333;35;43;33;262.66;1364.82;1357.01;534.22;914.29;3869.62;464.15;822.78;6379.88;1073.44;3821.01;460.75;833.34;617.28;3709.87;3307.98;1850.44;997.16
1224;50202T5;5To2Ri1Re5Ta;5To;2Ri;1Re;5Ta;7.133333333;35;42;33;301.70;2003.67;4892.75;737.24;1420.98;4025.42;494.85;891.43;6109.92;908.00;3005.62;522.13;742.79;513.60;2168.49;2267.72;1271.65;1146.59
1225;50202T5;5To2Ri1Re5Ta;5To;2Ri;1Re;5Ta;7.133333333;35;42;33;221.19;541.09;2917.77;965.21;1765.24;1366.25;559.87;1145.13;7083.82;1160.08;3567.08;644.42;788.06;567.04;3783.69;4413.26;2009.57;1410.01
1226;50202T5;5To2Ri1Re5Ta;5To;2Ri;1Re;5Ta;7.133333333;35;43;33;325.28;1995.92;1597.28;1374.69;1744.37;3898.53;460.54;913.96;8347.04;1961.37;1831.09;674.66;885.52;559.86;1861.02;3506.39;2529.21;1259.62
1227;50202T5;5To2Ri1Re5Ta;5To;2Ri;1Re;5Ta;7.133333333;35;42;33;194.35;1079.27;2911.05;509.27;1745.86;2415.25;594.18;1291.56;8861.89;2254.57;1797.71;695.87;846.38;577.41;1960.80;4330.30;3179.12;1315.18
1228;50202T5;5To2Ri1Re5Ta;5To;2Ri;1Re;5Ta;7.133333333;36;43;33;1699.58;2907.74;2628.49;1024.56;1716.80;7761.80;699.53;1108.66;11084.20;2609.94;3893.85;615.54;1534.69;1071.87;2819.92;3720.50;2561.60;893.71
1229;50202T5;5To2Ri1Re5Ta;5To;2Ri;1Re;5Ta;7.133333333;36;43;33;456.20;1533.24;3808.67;826.71;1595.34;4448.41;652.58;1170.88;16293.13;2340.23;3094.64;802.37;1665.91;1094.20;2503.53;5510.69;2644.69;838.15
1230;50202T5;5To2Ri1Re5Ta;5To;2Ri;1Re;5Ta;7.133333333;36;44;33;1540.19;3639.51;7127.21;1270.60;3258.50;4443.47;974.05;1690.08;17564.32;3514.51;3988.94;1175.58;1948.29;1219.41;2599.26;5016.34;2018.02;1086.24
1231;50202T5;5To2Ri1Re5Ta;5To;2Ri;1Re;5Ta;7.133333333;35;43;33;477.35;3203.93;2927.38;1919.23;3001.42;4026.13;420.80;890.36;4470.81;3292.29;1737.01;490.99;612.34;413.12;1435.11;2174.68;2491.19;1251.95
1232;50202T5;5To2Ri1Re5Ta;5To;2Ri;1Re;5Ta;7.133333333;35;43;33;252.09;1198.33;3183.03;609.06;2023.05;2829.07;503.28;975.11;11828.01;2193.88;1488.14;683.68;1009.83;606.91;1619.27;4461.46;2733.41;1164.79
1233;50202T5;5To2Ri1Re5Ta;5To;2Ri;1Re;5Ta;7.133333333;36;43;33;251.28;733.71;1255.14;919.61;993.27;1772.31;450.90;876.42;8037.21;1760.19;2275.21;554.62;949.21;669.12;2349.40;4859.40;2401.06;1046.97
1234;50202T5;5To2Ri1Re5Ta;5To;2Ri;1Re;5Ta;7.133333333;35;43;33;1310.87;4439.04;8862.88;1483.08;5960.37;8493.57;534.58;1170.88;5065.40;2115.07;664.66;723.85;761.97;388.39;425.10;1023.44;2262.35;1351.57
1235;50202T5;5To2Ri1Re5Ta;5To;2Ri;1Re;5Ta;7.133333333;36;44;33;1359.66;4367.42;10060.36;1409.96;4369.50;8492.87;777.79;1334.47;10335.84;3039.22;3099.70;808.24;1295.28;745.68;1895.09;2222.88;2271.50;1066.13
1236;50202T5;5To2Ri1Re5Ta;5To;2Ri;1Re;5Ta;7.133333333;36;43;33;1142.54;3749.86;5748.09;1846.11;2255.54;4594.34;806.69;1565.64;15133.56;3859.11;6050.69;1022.14;1567.69;977.76;3602.78;4074.72;2522.87;1216.51
1237;50202T5;5To2Ri1Re5Ta;5To;2Ri;1Re;5Ta;7.133333333;36;44;33;683.08;2305.67;5135.90;1446.09;2806.94;2958.09;856.06;1500.21;18278.51;2605.05;4745.66;1191.37;1963.64;1379.71;3082.77;7773.92;1752.56;952.14
1238;50202T5;5To2Ri1Re5Ta;5To;2Ri;1Re;5Ta;7.133333333;36;44;33;609.08;2148.86;6043.14;1775.57;4063.25;2246.06;1263.61;2502.67;18836.65;4062.25;3044.06;1453.56;1870.02;1164.38;1933.22;5168.79;2495.41;1351.57
1239;50202T5;5To2Ri1Re5Ta;5To;2Ri;1Re;5Ta;7.133333333;36;44;34;1367.80;4931.73;1508.86;2427.64;2175.81;5959.18;796.46;1605.87;9150.08;4052.46;3870.58;885.41;1144.88;669.92;2518.95;2476.22;2832.69;1301.76
1240;50202T5;5To2Ri1Re5Ta;5To;2Ri;1Re;5Ta;7.133333333;36;44;34;1242.56;2670.59;5825.94;1392.75;2570.73;5336.68;1393.65;3062.10;23340.49;4767.11;2228.67;1691.39;1950.59;1138.06;1292.33;5114.98;3614.97;1455.98
1241;50202T5;5To2Ri1Re5Ta;5To;2Ri;1Re;5Ta;7.133333333;36;44;33;801.81;2870.96;10799.41;1907.19;3093.82;5834.39;611.04;1133.87;20225.16;1961.86;6430.06;845.24;2019.65;1293.58;2778.55;6006.15;1496.26;1059.42
1242;50202T5;5To2Ri1Re5Ta;5To;2Ri;1Re;5Ta;7.133333333;36;44;34;1282.41;4174.79;5706.76;2120.53;7145.89;5101.92;1108.30;2324.06;16351.22;5824.40;2984.37;1355.64;1760.29;1052.73;1933.22;4038.85;3541.03;1427.25
1243;50202T5;5To2Ri1Re5Ta;5To;2Ri;1Re;5Ta;7.133333333;36;44;34;1090.50;3620.15;4377.62;2178.17;2576.69;4000.04;762.74;1660.58;13247.28;2600.64;5052.19;973.40;1494.79;984.94;3330.20;4387.47;2007.45;1161.91
1244;50202T5;5To2Ri1Re5Ta;5To;2Ri;1Re;5Ta;7.133333333;37;44;34;1430.41;3530.13;7920.08;3124.45;6385.10;4681.05;2125.69;4176.12;30720.47;5519.94;4181.16;2293.84;2763.98;1581.49;2278.82;5284.25;2508.09;1560.39
1245;50202T5;5To2Ri1Re5Ta;5To;2Ri;1Re;5Ta;7.133333333;37;45;34;3261.73;4124.46;11519.25;1639.65;4636.26;8607.07;1500.20;3015.43;13255.25;6304.58;3212.00;1677.40;1400.41;727.34;2424.84;1680.33;3125.60;1497.17
1246;50202T5;5To2Ri1Re5Ta;5To;2Ri;1Re;5Ta;7.133333333;37;45;34;4757.20;4422.59;3823.09;1429.74;2228.71;11086.48;1080.60;1713.14;11397.44;7707.45;3566.07;913.84;1554.64;893.22;2962.70;1987.48;4062.09;987.58
1247;50202T5;5To2Ri1Re5Ta;5To;2Ri;1Re;5Ta;7.133333333;37;45;34;1635.34;3267.82;2558.34;2885.30;2412.02;3621.47;959.00;2025.84;23605.89;3105.79;6697.14;1373.69;2188.47;1338.24;3639.29;4537.68;1999.01;1228.97
1248;50202T5;5To2Ri1Re5Ta;5To;2Ri;1Re;5Ta;7.133333333;37;44;34;1379.18;4086.71;8571.68;1588.03;3449.25;7533.39;1270.84;2569.71;13522.93;2489.04;5685.48;1431.00;1370.48;711.39;2729.06;2198.22;1699.75;1340.08
1249;50202T5;5To2Ri1Re5Ta;5To;2Ri;1Re;5Ta;7.133333333;37;44;34;657.88;2342.45;8895.56;1334.26;2610.23;3486.11;1323.21;2909.23;22030.57;2283.45;3087.56;1903.04;1596.08;823.04;1792.06;4051.18;1787.06;1598.71
1250;50202T5;5To2Ri1Re5Ta;5To;2Ri;1Re;5Ta;7.133333333;37;44;34;1220.61;2267.92;13575.91;1201.78;5757.70;4248.19;1204.62;2729.01;33109.08;2155.21;2786.09;1838.50;2780.09;1615.78;1561.67;6573.36;1521.61;1356.36
1251;50202T5;5To2Ri1Re5Ta;5To;2Ri;1Re;5Ta;7.133333333;37;44;34;1513.36;2912.58;3390.61;1230.17;6885.09;6291.92;1090.24;2014.04;21040.73;6511.64;3336.43;1430.55;2115.57;1242.54;2005.42;4426.71;3478.37;1167.66
1252;50202T5;5To2Ri1Re5Ta;5To;2Ri;1Re;5Ta;7.133333333;37;44;34;2575.39;4737.17;5870.14;1686.96;2420.21;11902.84;608.03;789.53;9058.95;5281.07;4445.20;486.03;1516.27;919.54;2905.10;2124.24;3155.18;763.43
1253;50202T5;5To2Ri1Re5Ta;5To;2Ri;1Re;5Ta;7.133333333;37;44;34;962.01;2031.74;7052.25;1420.28;2993.23;4523.84;1376.19;3139.87;13270.06;4261.47;2793.17;1454.92;1411.15;835.01;2026.52;3176.83;2630.60;1253.87
1001;10301T5;1To3Ri2Re5Ta;1To;3Ri;2Re;5Ta;6.166666667;32;37;30;2711.20;8807.43;5972.98;4965.40;6067.67;4934.84;1471.91;3213.35;25604.95;6728.48;3008.65;2288.43;2400.26;1010.46;2910.78;2799.06;4885.21;2309.46
1002;10301T5;1To3Ri2Re5Ta;1To;3Ri;2Re;5Ta;6.166666667;32;38;30;4052.16;5245.35;6230.54;2401.83;5084.83;12281.41;1104.08;2148.13;36643.58;5063.25;7720.93;1594.81;3718.56;2199.57;4560.07;9098.91;3705.10;1429.16
1003;10301T5;1To3Ri2Re5Ta;1To;3Ri;2Re;5Ta;6.166666667;32;39;30;852.23;4340.31;17342.30;3030.68;9838.83;5859.77;1325.02;2951.07;42771.73;4254.62;7862.56;2125.06;3662.54;1942.76;4588.46;9161.68;3247.42;2043.17
1004;10301T5;1To3Ri2Re5Ta;1To;3Ri;2Re;5Ta;6.166666667;32;39;30;1610.13;3558.20;10875.34;2277.96;4824.04;8060.01;792.84;1447.64;30066.65;3788.62;8275.31;1333.07;3308.79;2025.71;5146.60;9231.18;3388.24;1307.51
1005;10301T5;1To3Ri2Re5Ta;1To;3Ri;2Re;5Ta;6.166666667;32;39;30;5165.42;4863.01;6860.03;1184.57;6414.91;16552.87;1045.69;2199.62;14710.97;4501.32;6530.21;1680.56;1850.84;811.88;4080.61;1694.91;4193.76;1888.95
1006;10301T5;1To3Ri2Re5Ta;1To;3Ri;2Re;5Ta;6.166666667;33;39;30;2744.54;3235.88;8230.50;2506.79;2601.28;9299.36;831.98;1606.41;26401.15;1966.27;8470.56;1350.22;2841.48;1685.96;4628.21;7717.87;2030.69;1489.51
1007;10301T5;1To3Ri2Re5Ta;1To;3Ri;2Re;5Ta;6.166666667;33;39;30;2097.23;8408.63;9125.25;3362.74;5725.66;11751.27;637.53;1193.94;24907.84;4585.51;5341.52;1020.34;2957.35;1719.46;4014.90;7166.36;4692.28;1309.43
1008;10301T5;1To3Ri2Re5Ta;1To;3Ri;2Re;5Ta;6.166666667;33;40;30;1212.48;8534.46;9419.33;6642.89;4707.05;10851.72;860.27;1787.16;20680.79;4771.51;8336.01;1349.77;2255.23;1235.36;4956.77;4652.02;3968.44;1847.76
1009;10301T5;1To3Ri2Re5Ta;1To;3Ri;2Re;5Ta;6.166666667;33;40;30;2327.37;4704.26;4234.42;2939.49;3866.53;13224.67;560.47;1072.73;26251.93;6010.89;7223.20;1014.47;3024.11;1878.16;4461.90;8796.25;4824.65;1364.99
1010;10301T5;1To3Ri2Re5Ta;1To;3Ri;2Re;5Ta;6.166666667;33;40;30;1895.56;3737.28;7274.25;3928.79;4540.14;8087.50;1048.10;2133.11;20665.98;4948.22;4113.38;1551.04;2207.65;1261.68;3175.25;5618.30;4785.92;1845.84
1011;10301T5;1To3Ri2Re5Ta;1To;3Ri;2Re;5Ta;6.166666667;32;40;31;1659.73;4551.33;3198.40;2740.77;3365.05;8764.99;971.64;2049.44;24395.26;3933.02;6715.35;1624.15;2325.82;1235.36;4936.49;5622.78;3791.00;1842.01
1012;10301T5;1To3Ri2Re5Ta;1To;3Ri;2Re;5Ta;6.166666667;33;40;31;1393.82;5736.10;16084.27;3560.60;3505.14;9392.42;971.04;1999.02;21340.30;938.83;4914.61;1489.21;2173.12;1156.41;3649.84;4681.17;1663.14;2009.64
1013;10301T5;1To3Ri2Re5Ta;1To;3Ri;2Re;5Ta;6.166666667;33;40;31;393.59;1366.75;16179.42;700.25;10261.32;1781.48;1873.45;4119.27;56005.34;3209.56;6538.31;2362.89;4087.65;2390.97;3746.38;11765.69;2484.15;2080.52
1014;10301T5;1To3Ri2Re5Ta;1To;3Ri;2Re;5Ta;6.166666667;33;40;31;1623.14;2828.37;8953.22;1103.71;5096.76;10920.81;916.26;1915.35;23805.23;4185.11;6275.28;1367.37;2453.97;1450.69;4018.15;6652.95;3821.98;1742.39
1015;10301T5;1To3Ri2Re5Ta;1To;3Ri;2Re;5Ta;6.166666667;33;40;31;1330.39;4171.89;5278.13;2837.98;3786.06;5187.93;954.78;1982.93;17734.04;5280.58;5365.80;1434.61;1858.51;1025.61;4104.95;4847.07;4771.84;1879.37
1016;10301T5;1To3Ri2Re5Ta;1To;3Ri;2Re;5Ta;6.166666667;33;40;31;1524.74;3674.36;14284.21;4502.58;3652.68;6135.42;1107.69;2281.15;21310.69;1191.41;9160.51;1619.63;2235.28;1249.72;5339.68;5676.59;1640.61;1901.40
1017;10301T5;1To3Ri2Re5Ta;1To;3Ri;2Re;5Ta;6.166666667;33;41;31;1314.94;9104.59;7689.43;5207.13;7559.44;20833.50;1323.21;3146.84;13456.86;4775.43;5177.63;1814.59;1708.11;794.33;3610.09;2017.74;4414.15;2676.33
1018;10301T5;1To3Ri2Re5Ta;1To;3Ri;2Re;5Ta;6.166666667;34;41;31;3836.66;4385.81;9082.96;2588.51;3061.03;12147.47;624.28;1086.13;25216.53;3636.39;7330.43;987.39;3101.61;1911.66;4612.80;7819.88;3331.91;1134.14
1019;10301T5;1To3Ri2Re5Ta;1To;3Ri;2Re;5Ta;6.166666667;34;41;31;1841.08;4220.29;7219.47;3164.02;5055.77;11209.85;845.22;1588.17;24344.01;4392.16;5306.11;1267.19;2732.52;1614.98;4094.41;7109.19;4324.02;1444.49
1020;10301T5;1To3Ri2Re5Ta;1To;3Ri;2Re;5Ta;6.166666667;34;41;31;2497.33;5419.58;18500.37;1718.79;8231.56;8801.64;709.77;1383.28;26313.44;3192.92;6213.57;1322.69;2854.52;1698.72;3765.85;7791.86;3145.32;1427.25
1021;10301T5;1To3Ri2Re5Ta;1To;3Ri;2Re;5Ta;6.166666667;34;41;31;2188.31;7765.91;11216.51;3124.45;6509.54;7171.74;1093.25;2482.29;16640.54;4434.26;4964.18;1666.57;1789.45;903.59;3238.53;3366.27;4026.18;2037.42
1022;10301T5;1To3Ri2Re5Ta;1To;3Ri;2Re;5Ta;6.166666667;34;41;31;3416.24;9923.48;4178.68;2727.01;3661.62;13520.06;613.45;1115.63;24981.88;3914.42;7191.83;1037.04;2826.13;1658.85;4789.65;7034.08;3369.23;1216.51
1023;10301T5;1To3Ri2Re5Ta;1To;3Ri;2Re;5Ta;6.166666667;34;41;31;5337.82;3668.55;2450.70;1920.95;1441.85;11122.43;915.05;1704.02;26344.20;9059.90;10134.73;1225.22;3061.71;1809.58;6266.14;6321.15;6552.57;1410.96
1024;10301T5;1To3Ri2Re5Ta;1To;3Ri;2Re;5Ta;6.166666667;34;41;31;921.35;5432.17;16335.11;3980.40;18480.96;12605.00;1429.17;2853.99;29042.63;4457.26;4366.29;1874.15;3380.92;2011.35;2669.03;7671.91;3572.02;1831.47
1025;10301T5;1To3Ri2Re5Ta;1To;3Ri;2Re;5Ta;6.166666667;35;42;32;1852.46;7566.51;26988.44;5063.47;33716.09;15266.29;1583.88;3266.45;38359.01;10642.41;1602.46;2547.91;4203.52;2212.33;773.13;6541.98;4894.36;1887.99
1026;10301T5;1To3Ri2Re5Ta;1To;3Ri;2Re;5Ta;6.166666667;35;42;32;3760.22;2471.19;6093.11;1409.96;6894.78;15305.77;881.34;1721.72;53751.14;5202.75;11358.83;2024.88;5329.21;3020.22;6455.16;12854.16;3983.93;1457.90
1027;10301T5;1To3Ri2Re5Ta;1To;3Ri;2Re;5Ta;6.166666667;35;42;32;4903.57;3788.58;11917.12;2680.56;8268.82;12329.35;1296.73;2752.08;39018.53;6584.08;8072.98;2205.39;3631.08;1992.21;4587.65;7154.03;3830.43;1868.83
1028;10301T5;1To3Ri2Re5Ta;1To;3Ri;2Re;5Ta;6.166666667;34;42;32;2078.53;3180.70;4438.17;3968.36;8809.79;10187.63;1199.80;2282.76;26179.03;5748.04;9547.97;1940.49;2584.42;1356.58;5899.45;5136.28;4869.72;1707.91
1029;10301T5;1To3Ri2Re5Ta;1To;3Ri;2Re;5Ta;6.166666667;35;42;32;1075.86;3814.71;2760.16;2663.35;3923.16;8978.59;816.92;1400.98;28746.48;4075.95;5216.08;1383.16;3075.52;1865.40;4091.97;8897.13;3907.88;1199.27
1030;10301T5;1To3Ri2Re5Ta;1To;3Ri;2Re;5Ta;6.166666667;35;42;32;1178.32;5130.16;8819.63;4019.11;8602.64;10644.46;1599.54;3314.72;23425.92;5263.45;3317.21;2139.05;2651.18;1477.81;2368.05;5437.82;5173.19;2232.83
1031;10301T5;1To3Ri2Re5Ta;1To;3Ri;2Re;5Ta;6.166666667;35;42;32;2035.43;3810.84;11710.50;1971.71;3744.33;10049.46;1055.32;2214.11;27904.71;5675.59;8103.33;1699.96;2679.57;1481.00;4839.14;6314.42;4145.17;1929.18
1032;10301T5;1To3Ri2Re5Ta;1To;3Ri;2Re;5Ta;6.166666667;35;42;32;1438.54;1471.29;18451.36;1019.40;10949.83;7269.73;1221.47;2629.25;32089.62;1691.66;5687.51;1747.35;3091.63;1708.29;3145.24;7168.60;1725.81;1988.57
1033;10301T5;1To3Ri2Re5Ta;1To;3Ri;2Re;5Ta;6.166666667;35;42;32;1379.18;4703.30;12027.65;4093.10;3030.48;7634.20;1077.59;2254.33;21631.90;4182.17;6251.00;1717.56;2170.82;1116.53;4247.73;4569.07;3788.18;1994.32
1034;10301T5;1To3Ri2Re5Ta;1To;3Ri;2Re;5Ta;6.166666667;35;42;32;2137.89;4285.14;4864.88;2873.25;3014.09;13406.56;801.27;1540.43;20951.88;3981.97;5779.57;1167.45;2519.96;1467.44;4143.89;5140.77;3855.78;1540.28
1035;10301T5;1To3Ri2Re5Ta;1To;3Ri;2Re;5Ta;6.166666667;35;42;32;2021.61;3728.56;7261.76;1636.21;4341.93;12447.08;625.49;1089.35;18522.27;5605.60;7338.52;887.21;2288.22;1384.50;4721.51;5270.80;4740.16;1214.60
1036;10301T5;1To3Ri2Re5Ta;1To;3Ri;2Re;5Ta;6.166666667;35;42;32;2119.19;2982.27;3120.56;1852.13;3509.61;11519.33;949.37;1847.23;26523.03;6066.69;9079.58;1372.79;2602.07;1476.21;5831.30;5761.78;4455.69;1578.59
1037;10301T5;1To3Ri2Re5Ta;1To;3Ri;2Re;5Ta;6.166666667;35;42;32;2455.85;3561.11;7409.76;1929.55;5401.52;14157.36;576.72;1081.31;24165.17;5485.67;8573.75;880.44;2901.33;1811.97;5205.01;8711.05;5073.91;1368.82
1038;10301T5;1To3Ri2Re5Ta;1To;3Ri;2Re;5Ta;6.166666667;35;42;32;945.75;3703.40;7341.52;4004.49;6662.30;9427.67;1323.21;2523.05;29222.60;6024.11;7663.26;1894.46;3070.15;1770.50;5091.44;7574.39;4545.11;1966.54
1039;10301T5;1To3Ri2Re5Ta;1To;3Ri;2Re;5Ta;6.166666667;35;42;32;3959.45;3101.33;4413.18;1918.37;5621.34;11912.01;1122.14;2312.26;30458.48;3129.78;8629.39;1730.20;2922.82;1614.98;5647.96;6294.24;3255.87;2009.64
1040;10301T5;1To3Ri2Re5Ta;1To;3Ri;2Re;5Ta;6.166666667;35;42;32;1476.76;7851.09;12703.27;3719.75;6851.56;16734.76;891.57;1740.50;24185.68;3464.09;7184.75;1251.39;2559.86;1475.42;3634.42;5234.93;2904.51;1654.27
1041;10301T5;1To3Ri2Re5Ta;1To;3Ri;2Re;5Ta;6.166666667;35;42;32;1121.40;5452.49;2742.86;4891.41;5888.84;10474.56;1465.89;2944.10;20086.20;4212.52;6593.95;1918.83;2190.00;1173.95;4446.49;4705.83;4140.24;2392.80
1042;10301T5;1To3Ri2Re5Ta;1To;3Ri;2Re;5Ta;6.166666667;35;42;32;931.11;3101.33;7117.60;2523.99;7100.44;7173.85;1180.54;2140.62;29014.15;4996.68;5962.68;1744.64;3047.90;1785.65;4070.07;7686.49;4427.53;1557.52
1043;10301T5;1To3Ri2Re5Ta;1To;3Ri;2Re;5Ta;6.166666667;35;43;32;814.01;2080.14;5567.41;3681.03;7385.08;5569.32;1665.15;3203.70;28836.46;5922.30;5520.58;2282.11;3084.73;1771.30;3546.00;7338.99;4540.19;1895.65
1044;10301T5;1To3Ri2Re5Ta;1To;3Ri;2Re;5Ta;6.166666667;35;42;32;1723.16;2760.61;9450.09;1537.28;4801.68;9180.92;1178.13;2604.04;45290.20;3483.19;7633.93;1852.04;3862.05;2333.55;4200.68;11309.46;3300.93;1943.55
1045;10301T5;1To3Ri2Re5Ta;1To;3Ri;2Re;5Ta;6.166666667;36;43;32;1858.97;2052.07;12927.20;2282.26;8876.85;10431.55;840.40;1601.58;43831.06;2933.49;8314.77;1669.73;4096.86;2234.66;4399.44;11094.23;2836.91;1365.94
1046;10301T5;1To3Ri2Re5Ta;1To;3Ri;2Re;5Ta;6.166666667;36;43;32;1441.80;3717.92;6450.62;5356.81;9608.58;8863.68;1981.21;3984.10;24813.30;5543.92;7352.69;2571.83;2595.16;1352.60;4421.34;4598.22;4452.17;2418.66
1047;10301T5;1To3Ri2Re5Ta;1To;3Ri;2Re;5Ta;6.166666667;36;43;33;1566.22;3978.30;2318.07;2642.71;3505.88;9732.22;1556.79;2863.64;32775.33;4119.03;10137.76;2227.50;3540.53;2019.33;5540.87;7704.42;3506.53;1623.61
1048;10301T5;1To3Ri2Re5Ta;1To;3Ri;2Re;5Ta;6.166666667;36;43;33;4085.50;2942.58;10682.16;1559.64;4813.60;14939.18;720.00;1289.42;34242.45;5543.43;11151.44;1097.05;3872.02;2423.67;6104.70;10028.19;4223.33;1252.91
1049;10301T5;1To3Ri2Re5Ta;1To;3Ri;2Re;5Ta;6.166666667;36;43;33;2486.75;6917.98;5670.24;3597.59;3401.56;14825.68;1076.99;2269.35;21175.14;5260.02;15648.23;1658.44;2575.98;1415.60;7839.16;4526.47;3881.83;1890.86
1050;10301T5;1To3Ri2Re5Ta;1To;3Ri;2Re;5Ta;6.166666667;36;43;33;1745.12;4833.97;3716.41;2797.55;5305.40;10256.72;1030.04;2082.16;31635.13;4101.41;9638.01;1690.48;3652.56;2139.75;5569.27;8334.41;3384.72;1656.18
1051;10301T5;1To3Ri2Re5Ta;1To;3Ri;2Re;5Ta;6.166666667;36;43;33;5992.44;14644.20;27645.80;3010.90;10958.03;16783.40;606.82;1101.15;29797.83;2123.88;8618.26;1510.42;3185.25;1772.09;4585.21;6528.53;2468.66;1201.19
1052;10301T5;1To3Ri2Re5Ta;1To;3Ri;2Re;5Ta;6.166666667;37;43;33;1191.33;2299.86;3772.15;1341.14;1953.01;2081.80;978.26;1223.98;2630.09;789.54;785.04;204.43;297.73;238.46;385.35;530.22;318.97;388.90
1053;10301T5;1To3Ri2Re5Ta;1To;3Ri;2Re;5Ta;6.166666667;36;44;33;5953.41;2518.62;4013.38;1175.97;1099.08;8583.10;1255.79;2730.62;19131.66;1603.07;718.27;1973.89;2537.61;1185.92;377.23;1968.42;787.21;1874.58
1054;20301T5;2To3Ri2Re5Ta;2To;3Ri;2Re;5Ta;6.5;35;40;33;5084.10;2243.72;9516.40;1095.97;2686.97;7933.82;1229.30;2643.73;19250.13;5780.34;3420.40;1906.65;2479.29;1180.33;2224.46;2117.51;3867.04;1821.90
1055;20301T5;2To3Ri2Re5Ta;2To;3Ri;2Re;5Ta;6.5;35;41;33;4415.66;9849.92;6931.15;3798.03;5996.89;17132.37;704.35;1271.72;26844.24;5547.84;5177.63;1254.10;3233.59;1853.44;3667.68;6345.81;4571.87;1485.68
1056;20301T5;2To3Ri2Re5Ta;2To;3Ri;2Re;5Ta;6.5;36;42;32;3656.94;6615.98;4933.11;2504.20;4909.73;13035.74;1314.79;2813.76;22636.55;5855.24;7676.42;1918.38;2675.73;1389.28;5070.35;4415.50;4542.30;2046.04
1057;20301T5;2To3Ri2Re5Ta;2To;3Ri;2Re;5Ta;6.5;35;42;33;2657.53;7219.01;8149.77;5017.87;4873.96;11506.64;1199.20;2349.81;27951.41;4824.87;9186.81;2041.13;2981.14;1532.04;5170.13;5084.72;3878.31;1858.30
1058;20301T5;2To3Ri2Re5Ta;2To;3Ri;2Re;5Ta;6.5;35;42;33;4228.62;4236.74;15750.79;2024.18;7379.12;14962.44;1065.55;2209.81;34308.51;5064.23;6659.71;1666.57;3485.28;2032.88;3241.78;8375.88;3643.84;1821.90
1059;20301T5;2To3Ri2Re5Ta;2To;3Ri;2Re;5Ta;6.5;35;42;32;989.66;1867.19;7241.57;4421.71;5019.26;6095.94;1211.24;2526.27;20137.46;2373.03;10768.02;2042.93;1868.49;880.46;6383.77;3462.67;2667.22;2297.96
1060;20301T5;2To3Ri2Re5Ta;2To;3Ri;2Re;5Ta;6.5;36;42;33;3032.41;2507.00;8119.02;2064.61;4906.00;11775.24;838.60;1690.62;39863.71;3491.02;11909.17;1570.44;3958.73;2332.75;6701.78;11162.61;3587.51;1568.06
1061;20301T5;2To3Ri2Re5Ta;2To;3Ri;2Re;5Ta;6.5;36;42;33;1559.71;7690.41;6200.75;6317.72;4708.54;13195.77;1567.03;3236.41;23166.22;2317.23;10707.32;2226.15;2450.90;1208.25;6644.18;4054.55;2592.58;2334.36
1062;20301T5;2To3Ri2Re5Ta;2To;3Ri;2Re;5Ta;6.5;36;43;33;1414.96;4472.92;3678.93;3386.83;7507.29;11001.17;1291.31;2457.08;27994.70;5166.53;8725.50;2009.99;3028.71;1684.37;5319.40;6353.65;4483.86;1737.60
1063;20301T5;2To3Ri2Re5Ta;2To;3Ri;2Re;5Ta;6.5;36;43;33;1671.93;1728.77;12501.45;1526.95;8711.43;8197.48;1107.09;2403.44;35749.42;3264.87;10510.05;1855.65;3170.67;1798.41;5134.43;9263.69;2836.21;1985.69
1064;20301T5;2To3Ri2Re5Ta;2To;3Ri;2Re;5Ta;6.5;36;43;33;1018.93;1923.33;9315.54;4428.60;5307.63;6323.65;1346.69;2761.73;34437.22;3226.69;10877.28;2432.84;2784.70;1337.44;6248.29;5635.11;2822.83;2100.64
1065;20301T5;2To3Ri2Re5Ta;2To;3Ri;2Re;5Ta;6.5;36;43;33;1639.40;5531.87;5907.63;3752.44;7347.83;11094.23;1254.58;2378.23;28032.29;4732.84;8586.90;1896.72;3009.53;1737.00;5239.90;6780.74;3906.47;1634.15
1066;20301T5;2To3Ri2Re5Ta;2To;3Ri;2Re;5Ta;6.5;36;43;33;2873.02;2397.63;6808.14;1493.40;4955.18;11222.54;949.37;2015.12;34489.62;3363.75;9829.21;1626.40;3381.69;1957.12;5543.31;9147.11;2973.51;1825.73
1067;20301T5;2To3Ri2Re5Ta;2To;3Ri;2Re;5Ta;6.5;36;43;33;465.15;1355.14;6619.77;1114.03;3414.98;2260.16;1438.80;3368.90;33664.94;3459.69;10470.60;2286.62;2780.86;1439.53;6170.41;7669.67;3278.40;2766.37
1068;20301T5;2To3Ri2Re5Ta;2To;3Ri;2Re;5Ta;6.5;36;43;33;1131.97;3584.34;3257.03;4592.91;4429.11;10270.11;1275.66;2495.16;22873.48;4323.63;6875.19;2063.24;2035.00;945.86;5336.44;4247.35;4138.13;1896.61
1069;20301T5;2To3Ri2Re5Ta;2To;3Ri;2Re;5Ta;6.5;36;43;33;1534.50;2162.41;4244.03;2015.58;6637.71;8912.33;999.33;2186.75;30771.73;4938.92;4803.32;1789.77;2690.31;1471.43;3374.82;7379.34;4159.25;1984.74
1070;20301T5;2To3Ri2Re5Ta;2To;3Ri;2Re;5Ta;6.5;36;43;33;1085.62;1608.74;7014.77;2288.28;3809.16;9033.58;686.29;1435.84;37494.46;2085.21;9987.03;1545.17;3504.47;1926.02;6108.75;10916.00;2353.88;1720.36
1071;20301T5;2To3Ri2Re5Ta;2To;3Ri;2Re;5Ta;6.5;36;43;33;677.39;2493.45;2130.67;2084.40;3765.94;7146.36;1069.17;1901.94;28432.10;3831.21;6342.05;1697.70;2949.68;1685.16;4507.33;8220.07;4288.11;1544.11
1072;20301T5;2To3Ri2Re5Ta;2To;3Ri;2Re;5Ta;6.5;36;43;33;1937.03;5946.15;12462.04;3638.02;9164.48;14551.44;1161.27;2401.30;20366.41;6264.94;2846.79;1683.26;2185.40;1154.81;2007.86;5064.54;4989.42;2109.26
1073;20301T5;2To3Ri2Re5Ta;2To;3Ri;2Re;5Ta;6.5;36;43;33;1972.00;1832.34;4211.36;1380.71;3732.41;11285.28;781.41;1361.83;43522.37;4625.65;8407.84;1500.05;4020.89;2367.04;5643.90;11627.81;4283.18;1250.04
1074;20301T5;2To3Ri2Re5Ta;2To;3Ri;2Re;5Ta;6.5;36;43;33;1313.31;1698.76;2007.65;2130.85;2848.67;10571.14;765.75;1587.63;34855.26;5105.34;6583.83;1609.71;3231.29;1811.97;4676.08;9844.35;5147.14;1639.90
1075;20301T5;2To3Ri2Re5Ta;2To;3Ri;2Re;5Ta;6.5;36;43;33;888.82;4246.42;20210.10;2620.34;5573.65;11211.96;931.91;1934.66;20261.61;1397.97;9046.19;1345.26;2641.20;1595.04;3378.88;6220.26;1452.61;1817.11
1076;20301T5;2To3Ri2Re5Ta;2To;3Ri;2Re;5Ta;6.5;37;44;33;2586.78;2816.75;13055.98;1916.65;5736.09;9472.78;1217.86;2708.10;33087.44;4390.69;12034.61;1967.57;3020.27;1631.73;5018.42;7169.72;2946.76;2184.93
1077;20301T5;2To3Ri2Re5Ta;2To;3Ri;2Re;5Ta;6.5;37;44;33;3475.60;3961.84;9870.07;2158.38;8429.02;18162.34;768.16;1404.20;36793.94;5498.40;8959.19;1500.95;3842.10;2205.95;4930.81;9667.24;4188.83;1374.56
1078;20301T5;2To3Ri2Re5Ta;2To;3Ri;2Re;5Ta;6.5;36;44;34;1126.28;2807.07;2914.89;2560.98;5568.43;6972.93;1584.49;2904.94;34061.33;5067.16;6742.66;2315.05;3544.37;1972.27;4683.38;7594.57;4281.07;1677.26
1079;20301T5;2To3Ri2Re5Ta;2To;3Ri;2Re;5Ta;6.5;37;44;33;2781.13;4185.44;11528.86;4058.69;9094.43;12049.48;1116.72;2225.91;31791.19;5873.35;6029.45;1796.53;3263.52;1935.59;3987.32;9112.36;4502.87;1717.49
1080;20301T5;2To3Ri2Re5Ta;2To;3Ri;2Re;5Ta;6.5;37;44;34;5246.74;4436.14;8207.44;3552.86;4950.71;18857.45;609.83;1120.46;35237.98;4909.55;9655.21;1261.32;4001.71;2381.40;5510.86;9263.69;3910.00;1352.53
1081;20301T5;2To3Ri2Re5Ta;2To;3Ri;2Re;5Ta;6.5;37;44;34;2123.26;7423.25;24903.91;3546.83;9211.42;16311.07;1275.05;2736.52;22171.82;4404.89;5716.85;1779.39;2793.90;1569.52;2283.68;4490.60;2634.83;1970.37
1082;20301T5;2To3Ri2Re5Ta;2To;3Ri;2Re;5Ta;6.5;37;44;34;2690.87;4599.73;3644.33;3041.86;3302.46;10076.24;729.63;1332.33;35944.20;5972.22;6125.55;1354.73;3843.63;2297.66;3971.09;9404.93;4188.12;1152.33
1083;20301T5;2To3Ri2Re5Ta;2To;3Ri;2Re;5Ta;6.5;37;44;34;5199.58;6619.85;5051.32;4277.19;4041.64;15728.05;710.37;1331.79;31970.02;7677.59;3802.80;1420.17;3560.48;2075.15;2769.63;8002.60;5097.15;1404.26
1084;20301T5;2To3Ri2Re5Ta;2To;3Ri;2Re;5Ta;6.5;37;44;34;3991.17;5652.86;8983.97;4099.12;5928.33;13295.88;860.27;1744.79;32013.30;3964.84;8416.94;1667.47;3255.85;1774.49;4676.89;7027.36;3059.41;1607.33
1085;20301T5;2To3Ri2Re5Ta;2To;3Ri;2Re;5Ta;6.5;37;44;34;5171.11;11933.92;11310.70;3886.64;4101.25;19197.24;824.75;1701.88;30002.86;5564.48;10803.43;1527.57;3437.71;1937.98;5540.87;6808.77;4109.26;1574.76
1086;20301T5;2To3Ri2Re5Ta;2To;3Ri;2Re;5Ta;6.5;37;44;34;2059.83;5768.05;8222.82;3279.29;8177.91;14941.29;1352.11;2925.32;26669.97;7122.52;7330.43;2125.97;3233.59;1751.36;3548.43;4910.97;4642.28;2009.64
1087;20301T5;2To3Ri2Re5Ta;2To;3Ri;2Re;5Ta;6.5;37;44;34;4415.66;3950.23;12508.17;2805.29;10035.54;12856.68;877.13;1730.84;29944.77;5882.65;5426.50;1477.93;3286.54;1887.73;3411.33;7052.02;4526.81;1571.89
1088;20301T5;2To3Ri2Re5Ta;2To;3Ri;2Re;5Ta;6.5;38;44;34;1176.69;2751.90;11030.07;7189.16;9272.52;4204.49;1351.51;3142.55;32785.59;5146.46;8767.99;2600.26;2897.50;1337.44;4898.36;5039.88;4185.31;2729.97
1089;20301T5;2To3Ri2Re5Ta;2To;3Ri;2Re;5Ta;6.5;37;44;34;1458.87;3923.12;8118.06;2484.42;6166.78;8404.04;952.38;1810.22;27221.27;3161.59;7675.40;1630.92;3029.48;1725.84;4951.09;6860.33;3141.09;1521.12
1090;20301T5;2To3Ri2Re5Ta;2To;3Ri;2Re;5Ta;6.5;37;44;34;3866.75;6662.44;19062.59;2183.33;9393.98;11957.13;909.03;1928.22;38061.71;3822.40;7055.26;1806.46;3593.48;1988.22;3655.52;8266.03;3084.76;1606.37
1091;20301T5;2To3Ri2Re5Ta;2To;3Ri;2Re;5Ta;6.5;38;45;34;3090.96;7331.30;11220.36;6677.30;8358.24;10037.47;1417.13;2973.06;27789.66;4337.83;8972.34;2361.98;2760.91;1351.00;5195.28;4384.11;3281.21;2135.12
1092;20301T5;2To3Ri2Re5Ta;2To;3Ri;2Re;5Ta;6.5;38;45;34;2083.41;2979.37;13099.23;1947.62;9084.00;9201.37;1466.49;2772.46;37459.15;5718.18;6262.13;2317.31;4170.52;2226.68;3573.58;7059.86;4152.92;1636.07
1093;20301T5;2To3Ri2Re5Ta;2To;3Ri;2Re;5Ta;6.5;38;45;34;4154.62;10007.69;13976.67;6851.08;7566.90;15552.51;939.73;1910.52;33704.81;4300.14;10041.66;1794.73;3445.38;1902.09;5162.02;6926.47;3277.69;1645.65
1094;20301T5;2To3Ri2Re5Ta;2To;3Ri;2Re;5Ta;6.5;38;45;34;4012.31;5035.31;18159.20;5343.05;11457.27;10707.20;1071.57;2160.47;27216.72;3537.03;8249.01;1769.91;3009.53;1689.15;4384.83;6124.98;3050.97;1686.83
1095;20301T5;2To3Ri2Re5Ta;2To;3Ri;2Re;5Ta;6.5;38;45;35;3915.54;8673.85;5431.90;3852.23;7244.25;13132.32;1432.78;3016.50;25836.18;5512.11;7634.94;2167.48;2854.52;1488.18;4403.49;4709.19;4340.21;2003.89
1096;20301T5;2To3Ri2Re5Ta;2To;3Ri;2Re;5Ta;6.5;38;45;34;4487.22;7303.23;27123.95;7738.00;6046.07;10293.38;1297.33;2799.28;30177.14;2502.25;9628.90;2332.65;2896.73;1410.82;4920.26;4796.63;2273.61;2139.91
1097;20301T5;2To3Ri2Re5Ta;2To;3Ri;2Re;5Ta;6.5;38;45;34;7670.07;5479.60;16909.82;2968.74;6988.67;15211.30;641.74;1012.65;29798.97;4421.04;9250.55;977.47;3953.36;2439.62;4784.78;7864.72;3362.89;1083.37
1098;20301T5;2To3Ri2Re5Ta;2To;3Ri;2Re;5Ta;6.5;38;45;34;4963.75;5142.75;7734.60;3247.47;7970.76;11073.79;921.67;1759.81;29769.35;6078.44;5974.82;1498.69;3362.51;1922.03;3818.58;6846.88;4384.57;1533.57
1099;20301T5;2To3Ri2Re5Ta;2To;3Ri;2Re;5Ta;6.5;38;45;35;2720.95;6270.42;23759.29;4487.09;12529.53;8246.83;1382.81;2827.70;33164.89;3363.75;9970.84;2269.47;3399.34;1748.17;5063.04;5876.12;3005.90;1925.35
1100;20301T5;2To3Ri2Re5Ta;2To;3Ri;2Re;5Ta;6.5;38;45;35;4446.56;3780.83;19743.98;1140.70;8376.86;8938.41;1324.42;2426.51;37768.98;6727.50;4226.68;2160.26;4213.49;2254.59;2252.04;7219.04;4240.23;1512.50
1101;20301T5;2To3Ri2Re5Ta;2To;3Ri;2Re;5Ta;6.5;38;45;34;3422.74;4848.49;4390.11;3731.79;4256.24;10581.71;886.76;1721.19;35986.35;4595.79;7268.72;1732.00;3672.51;2032.88;4350.76;7809.79;3553.01;1577.64
1102;20301T5;2To3Ri2Re5Ta;2To;3Ri;2Re;5Ta;6.5;38;45;34;1199.46;3352.03;7082.04;3598.45;7999.08;6724.78;1075.19;2099.32;24886.20;4263.43;7440.70;1634.98;2695.68;1567.93;4600.63;6921.99;3833.25;1657.14
1103;20301T5;2To3Ri2Re5Ta;2To;3Ri;2Re;5Ta;6.5;38;45;34;1667.05;4723.62;7907.59;2390.65;6883.60;7721.62;893.98;1705.63;30883.35;5195.41;4006.14;1578.12;3309.56;1799.21;2879.14;7977.94;4371.90;1438.74
1104;20301T5;2To3Ri2Re5Ta;2To;3Ri;2Re;5Ta;6.5;38;45;35;1484.08;3194.25;2509.32;9677.02;12045.19;5014.51;2284.02;4950.63;14538.97;8317.84;1590.32;2811.01;1459.49;515.20;1409.15;921.44;6091.37;2985.73
1105;30301T5;3To3Ri2Re5Ta;3To;3Ri;2Re;5Ta;6.433333333;37;42;34;2933.20;8855.83;21298.98;1768.69;9788.16;18769.32;1072.18;2523.59;13369.16;5010.38;1782.53;1465.30;1797.12;775.99;1278.54;1077.25;3108.70;1582.43
1106;30301T5;3To3Ri2Re5Ta;3To;3Ri;2Re;5Ta;6.433333333;37;43;34;1982.57;2963.88;8677.40;1793.63;4031.95;6291.92;1702.48;3503.52;25080.98;3314.80;6867.09;1800.14;2285.15;1269.65;3547.62;4671.08;2173.63;1565.18
1107;30301T5;3To3Ri2Re5Ta;3To;3Ri;2Re;5Ta;6.433333333;37;43;34;1396.26;4648.12;4022.99;2355.38;3550.59;7656.06;821.14;1669.70;21294.74;3212.99;4385.51;1044.26;2361.89;1445.91;3026.79;5655.29;2653.14;1183.95
1108;30301T5;3To3Ri2Re5Ta;3To;3Ri;2Re;5Ta;6.433333333;37;43;34;1368.61;5497.02;4425.67;2537.75;5380.66;7773.08;1423.75;2987.54;22010.07;4810.67;4206.45;1767.65;2031.16;1059.11;2740.42;3704.80;3356.55;1713.66
1109;30301T5;3To3Ri2Re5Ta;3To;3Ri;2Re;5Ta;6.433333333;37;44;34;2879.53;3762.44;14221.74;1909.77;5702.56;10788.98;1246.16;2471.02;23927.11;4192.45;4376.41;1425.13;2526.87;1490.57;2372.92;5120.59;2707.35;1303.68
1110;30301T5;3To3Ri2Re5Ta;3To;3Ri;2Re;5Ta;6.433333333;37;44;34;1410.90;2352.13;6661.10;2485.28;7262.13;6948.26;1169.70;2342.83;28702.05;4801.86;5408.29;1468.46;2987.28;1774.49;3086.83;6318.90;2772.84;1241.42
1111;30301T5;3To3Ri2Re5Ta;3To;3Ri;2Re;5Ta;6.433333333;37;44;34;1421.47;2722.86;7683.66;2166.98;4383.66;5528.43;1467.09;2907.09;20900.63;4273.22;4979.35;1634.53;2158.54;1225.79;2850.75;4056.79;2867.19;1443.53
1112;30301T5;3To3Ri2Re5Ta;3To;3Ri;2Re;5Ta;6.433333333;38;44;34;2420.07;3251.36;7295.39;2321.83;4555.04;8915.15;1425.56;2887.24;23067.12;5081.85;4062.79;1672.43;2323.52;1299.16;2462.16;4212.60;3509.35;1592.96
1113;30301T5;3To3Ri2Re5Ta;3To;3Ri;2Re;5Ta;6.433333333;38;45;34;1947.60;3418.82;3806.75;3237.14;2318.13;6844.63;1766.29;3614.55;22674.14;6808.27;4540.29;2042.48;2217.63;1197.88;3395.10;4264.17;4004.35;1728.98
1114;30301T5;3To3Ri2Re5Ta;3To;3Ri;2Re;5Ta;6.433333333;38;45;34;1893.12;5577.36;8810.98;3418.66;6960.35;5409.29;1662.14;3372.11;32006.47;5192.96;4832.66;1881.37;3007.23;1767.31;2726.63;5617.18;2848.88;1508.67
1115;30301T5;3To3Ri2Re5Ta;3To;3Ri;2Re;5Ta;6.433333333;38;45;34;1480.02;2829.33;10172.80;2640.99;5903.74;5658.85;1757.86;3723.43;23693.60;4124.41;6290.45;2062.34;2196.14;1226.59;3460.81;4356.09;2507.38;1702.16
1116;30301T5;3To3Ri2Re5Ta;3To;3Ri;2Re;5Ta;6.433333333;38;45;34;1630.46;3299.76;4901.40;3725.77;3926.89;5780.82;1620.00;3350.66;24468.16;5922.79;5367.83;1892.21;2520.73;1460.26;3264.49;4986.07;3239.67;1592.96
1117;30301T5;3To3Ri2Re5Ta;3To;3Ri;2Re;5Ta;6.433333333;38;45;34;3410.54;4011.21;5071.50;2372.59;5995.40;9798.48;1219.67;2349.27;22128.53;4506.21;6492.78;1352.48;2581.35;1521.67;3569.52;4748.43;3147.43;1381.27
1118;30301T5;3To3Ri2Re5Ta;3To;3Ri;2Re;5Ta;6.433333333;38;45;34;1942.73;3355.90;9485.65;2702.92;4153.41;9143.56;1172.11;2397.54;27360.24;5439.17;5067.36;1604.29;2734.05;1490.57;3080.34;5527.50;3431.19;1538.36
1119;30301T5;3To3Ri2Re5Ta;3To;3Ri;2Re;5Ta;6.433333333;38;45;35;1501.97;5080.80;9294.40;4019.11;7331.43;9018.78;1274.45;2879.73;18975.61;4969.75;4343.02;1472.97;2103.29;1160.39;2644.69;3464.92;3270.65;1732.81
1120;30301T5;3To3Ri2Re5Ta;3To;3Ri;2Re;5Ta;6.433333333;38;45;35;1774.39;5063.38;3416.56;2656.47;4356.09;7206.99;1007.16;1913.21;23978.37;3014.75;7992.05;1271.70;2552.96;1587.07;4598.19;5727.03;2424.30;1186.82
1121;30301T5;3To3Ri2Re5Ta;3To;3Ri;2Re;5Ta;6.433333333;38;45;35;1118.14;3657.90;5060.93;2437.96;4616.14;5185.81;926.49;1877.81;19774.09;5388.27;4101.24;1004.09;2294.36;1425.17;2538.42;5842.49;3687.49;1219.39
1122;30301T5;3To3Ri2Re5Ta;3To;3Ri;2Re;5Ta;6.433333333;38;45;35;2141.96;5896.79;3919.20;3377.36;4095.29;8873.55;1104.08;2502.13;18116.76;3068.10;4728.46;1299.68;2008.14;1173.95;2995.15;4291.07;2546.81;1599.67
1123;30301T5;3To3Ri2Re5Ta;3To;3Ri;2Re;5Ta;6.433333333;38;45;35;1433.66;3320.09;4776.46;2416.46;5502.86;6363.83;1168.50;2296.71;33057.82;3918.34;6182.21;1573.60;3392.43;2077.54;3575.20;7298.63;2622.15;1229.92
1124;30301T5;3To3Ri2Re5Ta;3To;3Ri;2Re;5Ta;6.433333333;38;45;35;983.97;2094.66;5990.28;2965.30;5027.46;5228.11;1294.92;2602.43;20553.21;4006.94;3917.12;1513.58;2087.18;1194.69;2612.24;4677.80;3172.78;1539.32
1125;30301T5;3To3Ri2Re5Ta;3To;3Ri;2Re;5Ta;6.433333333;38;45;35;975.02;2154.67;3329.11;1797.93;3094.57;4979.96;833.78;1580.12;25814.53;2530.16;6915.65;1180.09;2798.51;1744.98;4156.87;6901.81;2093.36;1032.60
1126;30301T5;3To3Ri2Re5Ta;3To;3Ri;2Re;5Ta;6.433333333;38;45;35;3608.15;4689.74;8281.44;2052.57;6642.18;6196.05;1541.14;3367.82;26502.53;4467.05;4450.26;1937.78;2849.15;1619.77;2547.34;4873.97;2843.25;1613.08
1127;30301T5;3To3Ri2Re5Ta;3To;3Ri;2Re;5Ta;6.433333333;39;46;35;2603.04;4038.31;5621.23;2379.47;3534.94;8352.57;1260.60;2432.41;25276.90;5587.49;4945.97;1653.48;2559.10;1393.27;3013.00;4459.22;3468.51;1364.99
1128;30301T5;3To3Ri2Re5Ta;3To;3Ri;2Re;5Ta;6.433333333;38;45;35;1450.74;2569.92;5110.91;1967.40;3505.14;7369.84;1633.85;3455.25;23183.30;5347.15;4647.53;2033.00;2077.20;1041.56;2898.61;3603.92;3323.46;1794.12
1129;30301T5;3To3Ri2Re5Ta;3To;3Ri;2Re;5Ta;6.433333333;38;45;35;1066.10;3514.65;14019.92;1143.28;6111.64;7800.58;1135.99;2167.44;14799.82;2173.81;5624.79;1123.23;1524.71;889.24;3293.70;3147.68;1920.85;1217.47
1130;30301T5;3To3Ri2Re5Ta;3To;3Ri;2Re;5Ta;6.433333333;38;45;35;2169.61;5824.19;6616.89;3717.17;4201.84;10657.15;1444.82;2784.26;24896.45;6522.90;9816.06;1697.70;2807.72;1589.46;4989.22;4974.86;3338.25;1441.62
1131;30301T5;3To3Ri2Re5Ta;3To;3Ri;2Re;5Ta;6.433333333;38;45;35;913.22;1406.44;2355.55;2148.06;4903.77;4514.68;1361.74;2676.99;26089.05;6548.84;4608.07;1696.80;2468.55;1465.85;2920.52;5821.19;3911.40;1523.99
1132;30301T5;3To3Ri2Re5Ta;3To;3Ri;2Re;5Ta;6.433333333;38;45;35;1228.74;2113.05;6625.54;2439.69;4293.50;6613.39;1028.83;1972.74;29036.94;4225.74;5433.58;1463.94;2811.55;1662.04;3177.69;6543.10;3000.97;1233.76
1133;30301T5;3To3Ri2Re5Ta;3To;3Ri;2Re;5Ta;6.433333333;38;45;35;2420.89;3602.73;6568.83;1417.70;4363.54;10854.54;1311.78;2671.62;19275.19;4865.98;7115.96;1218.90;2116.34;1341.43;4384.02;4621.76;3205.17;1246.21
1134;30301T5;3To3Ri2Re5Ta;3To;3Ri;2Re;5Ta;6.433333333;39;46;35;1343.40;2302.77;11393.35;1210.38;4844.90;6215.08;1160.67;2641.05;50306.62;4316.78;5842.29;1864.68;4038.54;2521.76;3113.60;11287.04;2709.47;1407.13
1135;30301T5;3To3Ri2Re5Ta;3To;3Ri;2Re;5Ta;6.433333333;39;46;35;2116.75;5040.14;3193.60;2173.87;5934.29;9397.35;946.36;1888.00;28782.93;5262.47;5648.05;1452.66;3047.90;1730.62;3331.83;6122.73;3557.93;1166.70
1136;30301T5;3To3Ri2Re5Ta;3To;3Ri;2Re;5Ta;6.433333333;38;46;35;2282.64;5062.41;4831.24;4343.43;4986.48;8289.83;1388.23;2990.76;16481.07;5118.07;3200.87;1648.06;1801.73;988.13;2046.80;3343.85;3977.59;1839.14
1137;30301T5;3To3Ri2Re5Ta;3To;3Ri;2Re;5Ta;6.433333333;38;46;35;1934.59;5744.82;3283.94;2927.45;5020.75;10124.89;1224.48;2362.14;16434.37;4837.10;4646.52;1282.98;1769.50;926.72;2850.75;2716.11;3473.44;1500.05
1138;30301T5;3To3Ri2Re5Ta;3To;3Ri;2Re;5Ta;6.433333333;39;46;35;3194.23;5696.42;6657.25;2992.83;3809.16;14841.19;978.87;1798.96;21949.70;5863.56;5004.64;1119.62;2499.24;1403.64;3487.59;4342.64;3544.56;1176.28
1139;30301T5;3To3Ri2Re5Ta;3To;3Ri;2Re;5Ta;6.433333333;38;46;35;2973.86;3996.69;4181.56;2584.21;2882.20;9873.92;1134.18;2230.20;26061.71;0.00;4770.95;1469.81;2671.90;1488.18;2725.01;5310.03;0.00;1293.14
1140;30301T5;3To3Ri2Re5Ta;3To;3Ri;2Re;5Ta;6.433333333;39;46;35;1494.65;2355.04;7979.67;1425.44;4547.59;6883.40;1292.51;2547.19;21500.91;3836.10;5896.92;1393.09;2286.69;1390.88;3477.04;5211.39;2669.33;1371.69
1141;30301T5;3To3Ri2Re5Ta;3To;3Ri;2Re;5Ta;6.433333333;38;46;35;2420.89;4413.88;11987.28;2250.43;4564.73;9760.41;1372.58;2904.94;19435.79;4272.73;5061.29;1491.47;2044.98;1157.20;2830.47;3573.65;2722.84;1549.86
1142;30301T5;3To3Ri2Re5Ta;3To;3Ri;2Re;5Ta;6.433333333;39;46;35;2268.82;4961.74;5437.67;1722.23;3497.69;11551.76;1150.44;2199.09;19457.44;6313.40;6252.01;1264.03;2039.60;1178.74;4387.27;3764.21;3222.07;1249.08
1143;30301T5;3To3Ri2Re5Ta;3To;3Ri;2Re;5Ta;6.433333333;38;46;35;2193.19;3126.50;6482.34;1888.26;3385.92;8118.52;1481.54;3012.75;28323.88;6847.42;4248.94;1862.87;2472.39;1343.03;3438.10;5120.59;3638.91;1480.89
1144;30301T5;3To3Ri2Re5Ta;3To;3Ri;2Re;5Ta;6.433333333;39;46;35;2119.19;2938.71;16209.21;2381.19;6266.63;6890.45;1394.25;2966.09;22309.64;2095.00;7447.78;1558.26;2323.52;1331.06;4056.28;4741.70;1735.66;1406.17
1145;30301T5;3To3Ri2Re5Ta;3To;3Ri;2Re;5Ta;6.433333333;39;46;35;2167.17;3065.52;6769.70;2228.92;3800.21;10438.60;731.44;1342.52;27097.12;4168.47;5790.70;963.03;3127.70;1929.21;3352.11;7143.94;2761.57;1064.21
1146;30301T5;3To3Ri2Re5Ta;3To;3Ri;2Re;5Ta;6.433333333;39;46;35;2098.86;3158.44;11872.92;1663.73;3870.26;8574.64;1538.73;3227.83;28651.93;5843.00;4641.46;1944.55;2371.10;1275.24;2977.31;4659.87;3173.48;1614.04
1147;30301T5;3To3Ri2Re5Ta;3To;3Ri;2Re;5Ta;6.433333333;39;46;36;1489.78;6403.03;10710.03;5132.29;8522.91;10757.25;1495.39;3258.40;21382.45;6389.27;4405.74;1683.26;2569.84;1439.53;2554.64;4182.34;3155.18;1705.03
1148;30301T5;3To3Ri2Re5Ta;3To;3Ri;2Re;5Ta;6.433333333;39;46;35;844.91;2718.02;2206.59;2363.12;1415.77;5664.49;1180.54;2992.90;35387.20;7650.18;9241.44;1871.90;3064.01;1653.26;5286.95;5826.80;4369.08;1895.65
1149;30301T5;3To3Ri2Re5Ta;3To;3Ri;2Re;5Ta;6.433333333;39;46;35;1472.70;4593.92;12089.15;2367.42;5657.10;7921.83;2745.76;6027.65;34430.39;5263.45;5713.81;2469.39;2776.26;1427.56;3374.82;5223.72;2879.16;2069.99
1150;30301T5;3To3Ri2Re5Ta;3To;3Ri;2Re;5Ta;6.433333333;39;46;35;1717.47;2422.79;18133.25;3687.92;10108.57;7974.71;1666.96;3498.69;26426.21;3473.40;4341.00;2085.35;2476.22;1256.89;2305.59;4153.19;2174.33;1743.35
1151;30301T5;3To3Ri2Re5Ta;3To;3Ri;2Re;5Ta;6.433333333;39;47;35;2868.14;4667.48;5767.31;3891.80;4698.85;9507.33;1149.84;2318.16;23355.30;4552.22;6699.16;1207.17;2683.41;1660.44;3886.72;5925.44;2917.18;1244.29
1152;30301T5;3To3Ri2Re5Ta;3To;3Ri;2Re;5Ta;6.433333333;39;46;36;1504.41;2031.74;12662.91;4248.80;5344.14;7141.42;1266.63;2658.21;25292.84;3218.37;6129.60;1819.55;2455.50;1234.56;2993.53;4303.40;2303.89;1658.10
1153;30301T5;3To3Ri2Re5Ta;3To;3Ri;2Re;5Ta;6.433333333;39;46;36;5080.85;7603.29;14706.12;2440.55;7151.85;16766.48;911.44;1551.16;21024.78;4754.87;5288.92;965.73;2616.65;1550.38;3272.60;4357.21;2646.80;1044.09
1154;30301T5;3To3Ri2Re5Ta;3To;3Ri;2Re;5Ta;6.433333333;39;46;36;4343.28;4045.09;8095.96;1803.10;3981.28;11413.59;1667.56;3617.23;29394.60;6992.31;4967.21;1891.75;2903.63;1610.99;3627.12;4879.58;3709.32;1747.18
1155;30301T5;3To3Ri2Re5Ta;3To;3Ri;2Re;5Ta;6.433333333;39;46;36;5444.35;7693.31;7905.67;5350.79;8206.97;9402.29;1633.85;3566.81;20964.41;6463.18;2265.09;2322.27;1908.39;719.36;2198.50;1567.12;4819.72;2248.15
1156;40302T5;4To3Ri2Re5Ta;4To;3Ri;2Re;5Ta;6.2;38;43;35;731.88;2077.23;5730.79;1554.48;8415.61;12697.35;1388.23;2147.06;32341.35;3665.76;5770.46;2412.53;3401.64;1586.27;3915.12;4434.55;3067.16;1185.86
1157;40302T5;4To3Ri2Re5Ta;4To;3Ri;2Re;5Ta;6.2;38;44;35;1729.67;4058.64;5367.51;5179.60;9513.95;18282.18;984.89;1664.33;33759.48;4527.26;4998.57;2149.43;3321.07;1469.04;3533.02;5268.56;3086.17;1282.61
1158;40302T5;4To3Ri2Re5Ta;4To;3Ri;2Re;5Ta;6.2;38;44;35;2385.10;3051.00;4444.90;2799.27;5342.65;11415.70;806.09;1662.72;32857.35;5271.77;10644.60;1455.82;3617.27;2156.50;5308.85;8269.39;3741.71;1518.25
1159;40302T5;4To3Ri2Re5Ta;4To;3Ri;2Re;5Ta;6.2;38;45;35;1081.55;1755.87;4784.15;2925.73;8303.09;6411.07;893.98;1864.40;44042.92;4612.43;7613.69;2011.34;4004.77;2174.84;4719.88;9610.07;3236.15;1611.16
1160;40302T5;4To3Ri2Re5Ta;4To;3Ri;2Re;5Ta;6.2;38;44;35;1271.03;2840.95;5863.42;3015.20;7970.02;10745.97;568.30;1172.49;27473.01;4739.70;9683.53;1162.94;3257.38;1938.78;5260.18;7396.16;3415.00;1463.65
1161;40302T5;4To3Ri2Re5Ta;4To;3Ri;2Re;5Ta;6.2;38;45;35;2808.78;2569.92;5899.94;2972.18;6847.09;12272.25;495.45;868.91;31473.39;4743.12;11457.97;1035.68;3433.87;1981.04;5511.67;8466.68;3415.00;1165.75
1162;40302T5;4To3Ri2Re5Ta;4To;3Ri;2Re;5Ta;6.2;38;45;35;1557.27;1949.46;3529.01;2339.04;9201.73;10195.39;602.61;1054.49;33605.71;4892.42;7248.49;1424.68;3412.38;1849.45;4700.41;8317.59;3530.47;1086.24
1163;40302T5;4To3Ri2Re5Ta;4To;3Ri;2Re;5Ta;6.2;37;45;35;1049.02;2733.51;2781.30;3583.83;4850.86;10593.70;670.64;1181.07;24172.01;2494.42;4846.82;1428.29;2395.65;1251.31;4160.12;5778.60;2807.34;1232.80
1164;40302T5;4To3Ri2Re5Ta;4To;3Ri;2Re;5Ta;6.2;38;45;35;1493.84;3707.27;5836.51;3657.81;6001.36;13026.58;1379.20;2424.36;27062.94;3635.90;3814.94;2330.85;2808.48;1284.81;3156.59;3622.97;3586.80;1543.15
1165;40302T5;4To3Ri2Re5Ta;4To;3Ri;2Re;5Ta;6.2;38;45;35;937.62;5135.97;4409.34;5496.17;7908.17;12855.97;1320.81;2299.39;22719.71;5014.79;3188.73;2162.97;2279.02;997.70;2637.39;2799.06;3916.33;1532.62
1166;40302T5;4To3Ri2Re5Ta;4To;3Ri;2Re;5Ta;6.2;38;45;35;2797.39;4086.71;5592.40;4892.27;11086.94;10632.47;932.51;1855.82;35907.75;5806.29;3338.45;2055.57;3230.52;1598.23;2769.63;6788.59;4093.77;1477.06
1167;40302T5;4To3Ri2Re5Ta;4To;3Ri;2Re;5Ta;6.2;38;45;35;835.97;2537.01;3436.74;2688.30;5175.74;8374.43;836.19;1388.11;23247.09;2758.26;6348.12;1578.57;2402.56;1218.61;4487.86;4820.17;2730.59;1260.58
1168;40302T5;4To3Ri2Re5Ta;4To;3Ri;2Re;5Ta;6.2;37;44;35;309.01;1498.40;3931.69;1694.70;6178.70;5085.71;692.31;1166.59;13168.68;4406.36;3234.25;1077.65;1450.28;799.91;2861.30;4301.16;4054.34;1324.75
1169;40302T5;4To3Ri2Re5Ta;4To;3Ri;2Re;5Ta;6.2;38;45;35;1643.47;4260.94;5833.62;3155.42;6790.46;8698.72;1306.96;2299.92;24809.88;3683.39;5103.78;2133.19;2686.48;1342.23;3599.54;4259.68;3335.43;1519.20
1170;40302T5;4To3Ri2Re5Ta;4To;3Ri;2Re;5Ta;6.2;38;45;35;1078.30;2133.37;3588.59;1711.05;5221.20;13066.05;1182.34;2114.88;19482.49;3931.55;4679.90;1916.57;2179.26;911.57;3565.47;2400.00;3334.73;1560.39
1171;40302T5;4To3Ri2Re5Ta;4To;3Ri;2Re;5Ta;6.2;38;45;35;1243.38;2133.37;4583.29;1547.60;6196.58;8944.05;633.91;1310.87;29672.53;3248.23;6883.28;1184.15;3083.19;1874.18;4123.61;8275.00;3133.35;1430.12
1172;40302T5;4To3Ri2Re5Ta;4To;3Ri;2Re;5Ta;6.2;38;45;35;1092.94;2091.75;5525.12;1844.39;5142.21;6559.11;797.66;1756.59;29188.43;3328.02;10782.19;1420.17;2805.41;1616.58;5037.90;8197.65;2787.62;1625.53
1173;40302T5;4To3Ri2Re5Ta;4To;3Ri;2Re;5Ta;6.2;38;45;35;1110.01;1721.03;4872.57;2886.16;5207.78;7628.56;713.38;1293.17;28549.42;3663.81;8401.77;1555.10;2767.05;1457.07;5197.71;7071.07;2948.16;1276.86
1174;40302T5;4To3Ri2Re5Ta;4To;3Ri;2Re;5Ta;6.2;38;45;35;656.25;1702.63;2462.23;2239.25;4929.10;7583.44;465.95;802.40;21978.18;3305.50;5992.01;1094.80;2176.96;1196.28;4313.44;7477.99;3211.51;1091.03
1175;40302T5;4To3Ri2Re5Ta;4To;3Ri;2Re;5Ta;6.2;38;45;35;949.81;2144.99;2876.45;3421.24;3929.87;7875.30;808.50;1502.89;25778.08;2918.32;4152.83;1618.73;2429.42;1240.94;3377.26;5462.48;3465.69;1344.87
1176;40302T5;4To3Ri2Re5Ta;4To;3Ri;2Re;5Ta;6.2;39;45;35;1049.02;3668.55;4533.31;3961.48;5502.11;12748.81;1340.07;2382.52;23676.52;3397.04;5447.75;2182.38;2546.05;1118.13;3946.76;3323.67;3085.47;1551.77
1177;40302T5;4To3Ri2Re5Ta;4To;3Ri;2Re;5Ta;6.2;38;45;35;1049.84;1939.78;2805.33;2422.48;5882.88;9716.00;703.75;1213.79;30907.27;3444.52;5325.34;1610.61;2942.00;1502.53;3844.54;6897.32;3270.65;1198.31
1178;40302T5;4To3Ri2Re5Ta;4To;3Ri;2Re;5Ta;6.2;39;45;35;1453.99;2316.32;3585.71;2618.62;7708.47;9481.24;660.40;1215.40;28637.13;3002.51;6189.29;1448.15;2746.33;1417.99;4463.53;7279.57;2768.61;1267.28
1179;40302T5;4To3Ri2Re5Ta;4To;3Ri;2Re;5Ta;6.2;38;45;35;1070.98;1932.04;3791.38;2986.81;6387.34;8447.04;865.69;1562.42;27929.77;3190.96;5481.13;1666.12;2636.60;1353.39;4041.67;6432.12;3004.49;1324.75
1180;40302T5;4To3Ri2Re5Ta;4To;3Ri;2Re;5Ta;6.2;39;46;35;1907.76;2757.71;3432.90;1856.43;5564.71;7400.15;815.72;1727.62;33530.53;3005.94;8726.51;1442.28;3175.27;1848.66;5408.64;8572.05;2817.90;1443.53
1181;40302T5;4To3Ri2Re5Ta;4To;3Ri;2Re;5Ta;6.2;38;46;35;3813.08;2012.38;4788.95;1048.65;4137.02;8877.08;554.45;624.86;20245.67;3440.60;10689.12;445.41;3277.33;2424.47;4696.36;8597.83;2604.55;734.70
1182;40302T5;4To3Ri2Re5Ta;4To;3Ri;2Re;5Ta;6.2;38;45;35;412.29;907.94;1961.52;1107.15;3124.37;5078.66;622.48;1568.32;36862.29;4586.49;11450.89;1506.81;3634.15;2170.06;6072.25;9947.48;3351.63;1553.69
1183;40302T5;4To3Ri2Re5Ta;4To;3Ri;2Re;5Ta;6.2;38;45;35;846.54;1586.48;5010.96;1556.20;5927.59;6860.84;614.05;1249.73;30834.38;2351.00;8830.71;1221.16;2813.85;1721.05;5292.63;9582.05;2280.65;1296.98
1184;40302T5;4To3Ri2Re5Ta;4To;3Ri;2Re;5Ta;6.2;38;46;35;1750.81;2409.24;6039.29;2282.26;4738.35;11001.88;670.64;1367.73;29891.23;3817.50;8636.47;1310.51;3229.76;1905.28;4425.40;8385.97;3097.44;1475.14
1185;40302T5;4To3Ri2Re5Ta;4To;3Ri;2Re;5Ta;6.2;38;45;35;864.43;1364.82;5217.59;2731.31;4534.18;6749.46;750.70;1484.12;27853.45;3265.36;8471.57;1521.71;2581.35;1365.36;4913.77;7332.26;2801.00;1416.71
1186;40302T5;4To3Ri2Re5Ta;4To;3Ri;2Re;5Ta;6.2;39;46;35;1205.97;2101.43;4462.19;2675.40;5517.02;10279.28;943.35;1626.25;32899.49;2599.66;6147.81;1911.61;3156.09;1550.38;4294.79;6173.18;2782.69;1329.54
1187;40302T5;4To3Ri2Re5Ta;4To;3Ri;2Re;5Ta;6.2;38;46;35;818.08;1475.16;7983.51;2141.18;8421.57;6068.45;824.15;1557.06;27093.70;3619.26;7974.85;1603.39;2592.09;1390.88;4606.31;6320.02;2662.29;1402.34
1188;40302T5;4To3Ri2Re5Ta;4To;3Ri;2Re;5Ta;6.2;38;46;35;1458.87;1853.64;4451.62;1356.62;2386.68;7345.16;819.94;1713.14;34534.04;1078.83;10566.71;1472.07;3341.02;2007.36;4208.79;8980.08;1238.55;1440.66
1189;40302T5;4To3Ri2Re5Ta;4To;3Ri;2Re;5Ta;6.2;39;46;35;1939.47;1999.80;6018.15;3093.48;9779.96;10435.08;706.76;1273.86;36371.35;3910.51;9389.14;1710.34;3430.03;1731.42;5331.57;7780.65;2710.17;1184.90
1190;40302T5;4To3Ri2Re5Ta;4To;3Ri;2Re;5Ta;6.2;39;46;35;1554.02;2095.62;5032.10;1557.92;5236.10;9496.05;732.64;1527.56;29719.23;3729.40;9402.29;1282.98;3180.65;1884.54;4988.41;7810.91;3141.80;1480.89
1191;40302T5;4To3Ri2Re5Ta;4To;3Ri;2Re;5Ta;6.2;39;46;35;1567.84;1668.76;6357.40;3040.14;6333.69;9314.16;667.63;1416.00;44661.43;4204.20;11269.80;1596.17;4137.53;2241.04;4790.46;9856.68;2870.01;1392.76
1192;40302T5;4To3Ri2Re5Ta;4To;3Ri;2Re;5Ta;6.2;39;46;35;2499.77;2226.30;6447.74;3371.34;8974.47;10079.06;780.20;1466.42;37503.57;3623.18;9179.73;1801.50;3684.79;1886.94;5332.38;8414.00;2846.77;1244.29
1193;40302T5;4To3Ri2Re5Ta;4To;3Ri;2Re;5Ta;6.2;39;46;35;2248.49;2081.10;3483.84;1266.30;5639.96;7610.23;967.43;2060.17;36485.25;5394.14;5384.01;1900.78;3251.24;1795.22;3795.05;8561.96;3777.62;1424.37
1194;40302T5;4To3Ri2Re5Ta;4To;3Ri;2Re;5Ta;6.2;39;47;36;3819.58;3852.46;7836.47;3380.80;8956.58;13094.25;757.93;1540.97;38600.49;4128.33;11386.14;1600.68;3885.07;2239.44;4820.48;9483.40;2853.81;1348.70
1195;40302T5;4To3Ri2Re5Ta;4To;3Ri;2Re;5Ta;6.2;39;46;35;922.98;2046.26;4093.15;3101.22;6257.69;7955.67;1289.50;2275.25;33257.16;3111.66;8026.45;2165.23;3201.36;1582.28;4971.37;5451.27;2638.35;1496.22
1196;40302T5;4To3Ri2Re5Ta;4To;3Ri;2Re;5Ta;6.2;39;46;35;452.14;948.60;3213.78;1615.56;8184.62;10029.01;1822.88;3941.19;18861.71;7412.78;2395.59;2371.46;2287.46;1069.48;1607.91;2226.25;5092.92;2122.67
1197;40302T5;4To3Ri2Re5Ta;4To;3Ri;2Re;5Ta;6.2;39;46;36;604.20;3560.14;8228.58;4777.00;10228.54;12498.55;1613.38;4107.47;15850.03;8430.42;2146.73;2150.79;2125.55;980.15;1382.38;1676.97;4995.75;2441.65
1198;40302T5;4To3Ri2Re5Ta;4To;3Ri;2Re;5Ta;6.2;39;46;36;1162.87;5026.59;5019.61;6009.75;8089.98;12918.71;1610.97;2980.03;20629.53;6239.97;2483.61;2390.42;2046.51;832.61;1848.04;1956.09;4093.77;1733.77
1199;40302T5;4To3Ri2Re5Ta;4To;3Ri;2Re;5Ta;6.2;39;46;36;954.69;2643.49;3559.76;2798.41;7576.58;9833.03;1154.65;1974.89;25979.70;4072.04;4708.23;2014.05;2687.24;1273.64;3480.28;4339.27;3632.57;1386.06
1200;40302T5;4To3Ri2Re5Ta;4To;3Ri;2Re;5Ta;6.2;39;46;36;879.07;1778.13;2764.96;3576.08;6060.97;7745.59;1045.09;1933.59;29408.27;3585.98;6019.33;1915.22;2803.11;1378.12;4143.89;6034.18;3230.52;1535.49
1201;40302T5;4To3Ri2Re5Ta;4To;3Ri;2Re;5Ta;6.2;39;46;36;955.51;1904.94;4357.44;1377.27;4962.63;9372.68;826.56;1826.85;28028.87;4513.55;8062.87;1401.67;2988.04;1707.49;4538.97;6277.43;3436.82;1622.66
1202;40302T5;4To3Ri2Re5Ta;4To;3Ri;2Re;5Ta;6.2;39;46;36;1255.57;1529.37;5539.54;1135.54;3860.57;7035.68;851.24;1923.40;28713.44;3638.35;10483.75;1507.72;2859.90;1645.29;4911.34;6383.92;2762.27;1695.46
1203;40302T5;4To3Ri2Re5Ta;4To;3Ri;2Re;5Ta;6.2;39;46;36;1670.30;2362.78;2601.58;2447.43;5806.13;8253.88;744.08;1582.81;37147.05;4423.98;9356.77;1617.38;3203.67;1705.90;4873.21;8281.72;3424.85;1424.37
1204;40302T5;4To3Ri2Re5Ta;4To;3Ri;2Re;5Ta;6.2;39;46;36;1805.30;2178.87;4494.87;2154.08;5008.09;8953.92;612.84;1236.32;32591.95;3849.81;6132.63;1472.97;3097.77;1627.74;4397.00;8602.32;3123.49;1322.84
1205;40302T5;4To3Ri2Re5Ta;4To;3Ri;2Re;5Ta;6.2;39;46;36;1284.04;1513.88;3010.03;1112.31;6542.33;5653.92;765.75;1677.21;26307.75;3340.74;7221.17;1383.16;2708.73;1615.78;4888.62;7417.45;3143.21;1633.19
1206;40302T5;4To3Ri2Re5Ta;4To;3Ri;2Re;5Ta;6.2;39;46;36;1157.18;2477.97;2739.98;1500.29;2958.21;7037.79;721.21;1605.33;32983.78;4777.39;9704.78;1420.17;3145.35;1847.86;5224.48;9151.59;3807.19;1492.38
1207;40302T5;4To3Ri2Re5Ta;4To;3Ri;2Re;5Ta;6.2;39;46;36;1693.89;2405.37;4861.99;2973.90;4287.54;10422.39;508.70;998.71;34591.00;3261.94;9334.51;1373.69;3451.52;1813.56;4821.29;9265.93;2885.50;1211.72
1208;40302T5;4To3Ri2Re5Ta;4To;3Ri;2Re;5Ta;6.2;39;46;35;795.31;919.56;1481.95;1348.02;5601.22;9097.03;369.63;688.15;26937.65;2079.83;10405.85;956.26;3464.56;2042.45;5604.96;10246.78;2317.97;1264.41
1209;50302T5;5To3Ri2Re5Ta;5To;3Ri;2Re;5Ta;6.4;38;43;35;654.62;2074.33;9172.34;1392.75;10784.41;17302.26;1027.03;1901.94;13942.10;4179.23;2073.89;1428.29;1710.41;785.56;2258.53;2188.13;4217.70;1798.91
1210;50302T5;5To3Ri2Re5Ta;5To;3Ri;2Re;5Ta;6.4;38;44;35;1709.34;4900.76;9576.95;2591.95;6034.89;12057.23;1011.37;1855.28;23436.17;4052.46;7204.99;1255.90;2397.95;1473.82;3779.64;6035.30;3449.50;1545.07
1211;50302T5;5To3Ri2Re5Ta;5To;3Ri;2Re;5Ta;6.4;37;44;35;704.23;3346.22;9090.65;1464.16;4775.60;9474.90;456.92;736.96;19982.54;4002.04;7732.06;676.46;2178.49;1455.48;4517.88;8382.61;3842.40;1231.84
1212;50302T5;5To3Ri2Re5Ta;5To;3Ri;2Re;5Ta;6.4;37;44;35;649.74;1151.87;1696.27;2377.75;3280.85;4750.14;992.11;1925.01;25585.58;5592.38;4725.43;1507.72;2585.95;1582.28;3429.18;8797.37;5056.31;1764.42
1213;50302T5;5To3Ri2Re5Ta;5To;3Ri;2Re;5Ta;6.4;38;45;35;825.39;1781.04;5589.52;1986.33;2597.56;4891.13;1080.60;2317.09;24233.52;5077.93;6504.92;1699.96;2061.86;1131.68;4492.73;6205.69;4116.30;2179.19
1214;50302T5;5To3Ri2Re5Ta;5To;3Ri;2Re;5Ta;6.4;38;45;35;1038.45;6554.03;2615.04;4445.80;2712.31;10449.18;1095.65;2010.29;22506.70;4514.04;8231.81;1290.65;2239.11;1299.16;5744.50;5029.79;4157.14;1702.16
1215;50302T5;5To3Ri2Re5Ta;5To;3Ri;2Re;5Ta;6.4;38;45;35;720.49;2819.65;8201.67;1811.70;3660.87;6399.79;1374.99;2763.88;35176.47;5126.88;6970.28;1770.81;2998.79;1775.28;3986.51;8179.71;4132.50;1853.51
1216;50302T5;5To3Ri2Re5Ta;5To;3Ri;2Re;5Ta;6.4;37;45;35;610.71;1076.37;3296.43;1749.76;2527.51;4911.58;1660.94;3155.42;24439.69;4137.63;7719.92;1952.68;2164.68;1177.14;5184.73;6138.43;3993.79;2104.47
1217;50302T5;5To3Ri2Re5Ta;5To;3Ri;2Re;5Ta;6.4;38;45;35;1211.66;1844.92;4891.79;1845.25;3868.77;8218.63;794.65;1579.59;23910.02;3172.36;7914.15;1268.09;2345.77;1417.20;4890.25;7566.54;3130.53;1552.73
1218;50302T5;5To3Ri2Re5Ta;5To;3Ri;2Re;5Ta;6.4;38;45;35;1122.21;2291.15;3586.67;1110.59;2903.07;8339.88;1156.46;2473.17;29997.16;4095.53;6075.98;1589.40;2593.63;1535.23;4436.75;8319.83;3898.03;1774.96
1219;50302T5;5To3Ri2Re5Ta;5To;3Ri;2Re;5Ta;6.4;38;45;35;1467.01;4742.01;8465.96;2104.19;4736.85;11503.12;810.30;1521.13;21014.53;4231.12;7463.97;1140.83;2285.15;1386.89;4332.91;5760.66;3926.89;1569.97
1220;50302T5;5To3Ri2Re5Ta;5To;3Ri;2Re;5Ta;6.4;38;45;35;761.15;1482.91;1811.60;1570.83;4087.84;6264.43;877.73;1874.05;28137.08;3829.74;6922.73;1549.23;2851.45;1661.24;4822.91;8708.81;3636.80;1969.41
1221;50302T5;5To3Ri2Re5Ta;5To;3Ri;2Re;5Ta;6.4;38;45;35;459.46;1243.82;4188.29;1355.76;3790.53;4111.43;862.68;1830.61;21491.80;3718.14;6079.02;1430.55;1840.86;1092.60;3738.26;7004.94;3709.32;1760.59
1222;50302T5;5To3Ri2Re5Ta;5To;3Ri;2Re;5Ta;6.4;38;45;35;387.89;845.03;3309.89;1200.92;3445.53;3414.21;983.08;1908.38;21303.85;4263.92;4561.54;1615.57;1951.36;1133.28;3573.58;6521.80;4570.46;1718.44
1223;50302T5;5To3Ri2Re5Ta;5To;3Ri;2Re;5Ta;6.4;38;45;35;639.99;2588.31;4633.26;1431.47;2485.79;7194.30;955.99;1856.35;19733.09;2512.04;5983.92;1227.47;2008.91;1248.92;4250.98;6153.00;3034.07;1670.55
1224;50302T5;5To3Ri2Re5Ta;5To;3Ri;2Re;5Ta;6.4;38;45;35;529.39;1119.92;10377.51;1314.47;4256.24;3749.78;1172.71;2554.16;28485.63;3052.93;8409.86;1877.31;2335.03;1265.67;4697.98;7076.68;2825.65;2217.50
1225;50302T5;5To3Ri2Re5Ta;5To;3Ri;2Re;5Ta;6.4;38;45;35;470.84;895.36;2048.02;1676.64;2745.84;3924.61;835.59;1588.17;24940.87;3377.46;6568.66;1484.25;2350.38;1402.84;4582.78;8303.02;3510.76;1526.87
1226;50302T5;5To3Ri2Re5Ta;5To;3Ri;2Re;5Ta;6.4;38;45;35;679.83;1662.95;3799.06;2242.69;3469.37;5203.44;878.33;1630.54;20367.54;2858.60;7287.94;1287.95;2133.22;1286.40;5155.53;6757.20;3093.92;1484.72
1227;50302T5;5To3Ri2Re5Ta;5To;3Ri;2Re;5Ta;6.4;38;45;35;1006.74;4334.51;2714.03;2264.19;2160.16;9750.54;980.07;1893.90;19217.09;4001.55;7598.52;1179.64;1973.61;1226.59;5224.48;5713.58;3994.49;1618.82
1228;50302T5;5To3Ri2Re5Ta;5To;3Ri;2Re;5Ta;6.4;38;45;35;901.83;3536.91;8073.85;1783.31;4590.81;7471.35;1223.28;2346.05;30740.97;3474.37;7469.03;1722.98;2512.29;1500.94;4349.95;7747.02;3273.47;1705.99
1229;50302T5;5To3Ri2Re5Ta;5To;3Ri;2Re;5Ta;6.4;38;45;35;730.25;1255.44;8098.84;2333.01;3910.49;4953.17;1196.79;2440.45;27822.70;3289.35;7966.76;1833.09;2574.44;1484.19;4423.77;7458.93;3143.91;1891.82
1230;50302T5;5To3Ri2Re5Ta;5To;3Ri;2Re;5Ta;6.4;38;45;35;728.62;1558.41;2407.45;1342.00;2651.95;6313.07;959.00;1999.56;26562.90;3347.60;7724.97;1549.23;2355.75;1417.20;5107.66;8257.06;3329.09;1719.40
1231;50302T5;5To3Ri2Re5Ta;5To;3Ri;2Re;5Ta;6.4;38;45;35;1166.12;1895.26;3732.75;1467.60;2540.93;8423.07;813.91;1610.70;26521.89;4486.14;6540.33;1240.11;2498.48;1510.51;4512.20;8538.42;3971.96;1503.88
1232;50302T5;5To3Ri2Re5Ta;5To;3Ri;2Re;5Ta;6.4;38;45;35;522.07;1044.42;1918.27;2041.39;2038.70;6865.07;1132.98;2018.33;27282.78;6743.65;2071.86;1742.38;2670.36;1463.45;2280.44;7363.65;5241.49;1625.53
1233;50302T5;5To3Ri2Re5Ta;5To;3Ri;2Re;5Ta;6.4;38;45;35;946.56;3550.46;12303.47;2343.34;6530.41;8769.92;960.20;2055.88;21290.18;2929.09;4839.74;1324.50;1960.57;1071.87;2917.27;4908.72;2809.45;1926.31
1234;50302T5;5To3Ri2Re5Ta;5To;3Ri;2Re;5Ta;6.4;38;45;35;416.36;1548.73;4046.06;3301.66;2507.40;9897.18;1252.18;3117.88;25091.23;5424.98;7216.11;1982.01;2747.86;1366.95;4480.56;5547.68;4735.93;2696.44
1235;50302T5;5To3Ri2Re5Ta;5To;3Ri;2Re;5Ta;6.4;38;45;35;671.70;1093.79;1634.76;1052.95;2581.91;4840.38;969.84;1909.99;24662.94;3261.94;6202.44;1539.31;2315.85;1360.57;4812.37;7947.67;3359.37;1757.72
1236;50302T5;5To3Ri2Re5Ta;5To;3Ri;2Re;5Ta;6.4;38;45;35;1049.84;1450.00;4813.94;4043.20;3486.51;6351.14;1290.10;2525.73;20195.55;4749.98;6244.93;1908.90;1925.27;1054.32;4259.09;5108.26;4238.12;1996.23
1237;50302T5;5To3Ri2Re5Ta;5To;3Ri;2Re;5Ta;6.4;38;46;35;2152.53;4805.90;7410.72;1597.49;4983.50;11963.47;1219.07;2201.77;31169.26;5586.02;5882.76;1551.94;2961.19;1788.84;3609.27;7371.49;4371.20;1481.85
1238;50302T5;5To3Ri2Re5Ta;5To;3Ri;2Re;5Ta;6.4;38;45;35;1050.65;2689.95;6582.29;1655.13;4168.31;11790.04;800.67;1517.37;23435.04;4802.35;6850.91;1177.38;2379.54;1521.67;4227.45;7298.63;4069.13;1498.13
1239;50302T5;5To3Ri2Re5Ta;5To;3Ri;2Re;5Ta;6.4;38;45;35;500.93;984.41;5113.79;1139.84;2949.26;4803.72;808.50;1534.00;29368.40;4413.21;7733.07;1355.19;2813.09;1718.66;4627.40;10340.94;4112.78;1571.89
1240;50302T5;5To3Ri2Re5Ta;5To;3Ri;2Re;5Ta;6.4;38;45;35;535.90;1169.29;2263.29;2705.50;2983.54;4397.65;894.58;1721.19;19069.02;4917.38;5107.83;1333.98;1891.51;1088.62;3934.59;6009.52;4636.65;1892.78
1241;50302T5;5To3Ri2Re5Ta;5To;3Ri;2Re;5Ta;6.4;38;45;35;1068.54;1810.08;3882.68;1807.40;3484.27;6602.11;1090.84;2170.66;23494.27;2923.70;9260.66;1615.57;2155.47;1203.46;5579.81;5980.37;2816.49;1873.62
1242;50302T5;5To3Ri2Re5Ta;5To;3Ri;2Re;5Ta;6.4;38;46;35;3338.98;4357.74;3994.16;3919.32;6406.71;14019.89;1202.21;2363.21;30275.10;3569.82;10473.63;1810.52;3142.28;1743.38;5482.46;6802.04;2789.74;1722.28
1243;50302T5;5To3Ri2Re5Ta;5To;3Ri;2Re;5Ta;6.4;38;46;35;2368.84;3896.99;2776.50;1660.29;2130.36;11899.32;1191.37;2422.75;32790.14;5824.40;9231.32;1728.39;2927.42;1752.95;5729.90;7724.60;4138.13;1674.38
1244;50302T5;5To3Ri2Re5Ta;5To;3Ri;2Re;5Ta;6.4;38;45;35;1793.91;3242.65;11796.99;1214.68;7364.96;11333.92;771.17;1440.13;28691.80;4413.21;7833.22;1153.46;3166.83;2076.75;4166.61;9893.67;3465.69;1268.24
1245;50302T5;5To3Ri2Re5Ta;5To;3Ri;2Re;5Ta;6.4;38;45;35;542.40;1851.70;3244.53;2248.71;2895.61;4994.77;813.91;1518.98;26811.21;2559.52;7155.41;1374.14;2688.01;1594.25;4350.76;8799.61;2757.35;1573.80
1246;50302T5;5To3Ri2Re5Ta;5To;3Ri;2Re;5Ta;6.4;38;45;35;765.22;1643.59;4892.75;1775.57;4848.63;5096.99;1051.11;2336.93;22273.19;4002.04;5215.07;1845.27;1912.22;1031.99;3569.52;5422.13;4060.68;2237.62
1247;50302T5;5To3Ri2Re5Ta;5To;3Ri;2Re;5Ta;6.4;38;46;35;1014.87;2029.80;4501.60;2595.39;4514.06;5928.16;999.33;1964.70;28994.79;3664.78;8219.67;1688.23;2836.88;1662.04;5071.97;7312.08;3096.73;1585.30
1248;50302T5;5To3Ri2Re5Ta;5To;3Ri;2Re;5Ta;6.4;38;46;35;2355.02;4161.24;16622.46;2173.01;9285.19;10210.19;1582.08;3361.39;34627.45;5589.93;9078.57;2297.00;2924.35;1647.68;4517.07;6780.74;3586.80;2145.66
1249;50302T5;5To3Ri2Re5Ta;5To;3Ri;2Re;5Ta;6.4;39;46;35;890.45;1310.61;2200.82;4231.60;3830.02;4697.97;1575.46;3262.70;24568.40;5270.79;7182.73;2484.73;2384.91;1238.55;4513.01;4656.51;4179.67;2203.13
1250;50302T5;5To3Ri2Re5Ta;5To;3Ri;2Re;5Ta;6.4;39;46;35;1172.63;3182.64;4924.46;3839.32;4386.64;7862.61;1202.21;2316.01;26990.04;3296.20;8991.56;1862.42;2738.66;1536.03;5256.12;6923.11;3012.94;1739.52
1251;50302T5;5To3Ri2Re5Ta;5To;3Ri;2Re;5Ta;6.4;39;46;35;1196.21;1586.48;3180.14;2477.54;3876.22;7162.57;1772.91;3506.20;34026.02;6546.39;5850.38;2355.22;3466.10;1972.27;3807.22;8014.93;4740.16;1884.16
1252;50302T5;5To3Ri2Re5Ta;5To;3Ri;2Re;5Ta;6.4;38;45;35;1631.27;1919.46;9949.84;1355.76;5386.62;7619.40;1090.24;2456.54;31010.93;3667.23;7851.43;1792.47;2799.28;1620.56;4110.63;8047.44;3296.70;2001.98
1253;50302T5;5To3Ri2Re5Ta;5To;3Ri;2Re;5Ta;6.4;39;46;35;1293.80;2097.56;7394.38;1249.95;6788.97;7949.33;1169.10;2616.91;30508.60;4861.58;8035.55;1857.01;3485.28;2121.41;4345.89;7914.04;3766.35;1953.13
1254;50302T5;5To3Ri2Re5Ta;5To;3Ri;2Re;5Ta;6.4;38;46;35;1134.41;2663.81;7130.09;3595.01;7065.42;7651.83;1217.86;2521.98;28850.13;4860.11;6655.66;2013.60;2684.17;1449.10;3997.87;6442.21;4390.21;2001.98
1255;50302T5;5To3Ri2Re5Ta;5To;3Ri;2Re;5Ta;6.4;38;46;35;2411.94;3200.06;14141.01;2291.72;5849.35;13580.69;746.49;1395.62;25792.89;3714.71;5069.39;1137.67;2753.23;1618.17;3378.88;6808.77;3660.03;1401.38
1256;50302T5;5To3Ri2Re5Ta;5To;3Ri;2Re;5Ta;6.4;38;45;35;970.96;7020.58;8039.25;3368.76;4345.66;9388.19;973.45;2188.36;26484.30;4965.35;6671.84;1451.76;2417.90;1350.20;4279.37;6465.75;3995.19;1989.53
1000;01|1|1;1To1Ri1Re4Ta;1To;1Ri;1Re;4Ta;4.92;28;33;26;287.87;606.91;1873.10;1315.33;4920.16;9890.83;1374.38;2388.42;10726.54;1885.99;2443.14;654.35;1962.87;1142.85;2211.48;2571.50;1814.53;940.64
1001;01|1|1;1To1Ri1Re4Ta;1To;1Ri;1Re;4Ta;4.92;28;34;26;365.13;694.99;1703.00;1486.52;4361.30;11171.07;1540.54;2680.21;12074.04;1688.73;2268.12;736.03;2222.23;1264.87;2068.70;2571.50;1796.92;961.72
1002;01|1|1;1To1Ri1Re4Ta;1To;1Ri;1Re;4Ta;4.92;28;35;26;594.45;1148.96;2123.94;1559.64;1640.05;8533.05;2203.95;3391.96;16765.84;1420.49;5433.58;904.36;2225.30;1421.98;4985.16;4871.73;1449.09;1028.77
1003;01|1|1;1To1Ri1Re4Ta;1To;1Ri;1Re;4Ta;4.92;28;35;26;432.62;1085.08;2422.83;775.95;3713.03;2157.94;4060.54;4703.90;25047.95;1713.69;3060.25;1361.50;1988.19;1439.53;2961.08;8500.31;1803.96;844.85
1004;01|1|1;1To1Ri1Re4Ta;1To;1Ri;1Re;4Ta;4.92;29;35;26;611.52;1059.91;1918.27;1545.88;3742.84;10877.10;925.89;1355.93;14274.71;1161.55;5133.12;529.80;2216.86;1598.23;3877.80;4806.72;1442.75;713.62
1005;01|1|1;1To1Ri1Re4Ta;1To;1Ri;1Re;4Ta;4.92;28;35;26;868.49;1637.78;4014.34;2003.54;3609.46;13397.39;1313.58;1578.52;10829.05;2417.08;3219.08;459.40;1857.74;1271.25;3703.38;3958.14;2238.41;642.74
1006;01|1|1;1To1Ri1Re4Ta;1To;1Ri;1Re;4Ta;4.92;29;35;26;513.94;1286.41;4371.85;1368.67;4992.44;10854.54;1032.44;1112.95;16921.89;1262.39;2779.01;520.32;2294.36;1473.02;2351.02;6580.09;1336.43;507.68
1007;01|1|1;1To1Ri1Re4Ta;1To;1Ri;1Re;4Ta;4.92;29;35;26;573.30;830.51;1799.10;818.10;2774.90;7334.59;1553.78;1656.82;19282.02;699.97;4618.19;764.91;2219.93;1488.18;4909.72;6195.60;1128.01;625.50
1008;01|1|1;1To1Ri1Re4Ta;1To;1Ri;1Re;4Ta;4.92;29;36;26;319.59;1021.19;2229.66;1995.79;3971.60;2969.37;5390.38;6337.66;23091.04;1625.09;3316.20;1713.95;1343.62;617.28;3107.92;2571.50;1958.17;1238.54
1009;01|1|1;1To1Ri1Re4Ta;1To;1Ri;1Re;4Ta;4.92;29;36;26;404.16;512.05;2776.50;466.26;4259.97;2915.79;772.38;884.46;12399.82;2004.94;2766.87;229.25;1927.57;1758.54;2420.79;8566.45;1923.66;359.21
1010;01|1|1;1To1Ri1Re4Ta;1To;1Ri;1Re;4Ta;4.92;29;36;26;445.63;1047.33;996.62;1343.72;1315.92;5929.57;1094.45;1292.10;18260.28;612.84;5064.33;550.56;2213.02;1548.79;3655.52;7236.98;452.75;618.79
1011;01|1|1;1To1Ri1Re4Ta;1To;1Ri;1Re;4Ta;4.92;29;36;27;2103.74;3206.84;6446.78;1760.94;4723.44;13761.87;919.27;1536.14;3859.14;1759.70;1747.12;340.71;981.43;547.90;1903.20;907.99;1703.27;1033.56
1012;01|1|1;1To1Ri1Re4Ta;1To;1Ri;1Re;4Ta;4.92;29;36;27;1205.16;1958.17;6177.68;1558.78;4648.93;12423.82;1011.98;1292.10;5252.21;841.92;1837.16;397.58;1199.36;706.60;1328.02;1206.16;1327.98;868.80
1013;01|1|1;1To1Ri1Re4Ta;1To;1Ri;1Re;4Ta;4.92;29;37;27;537.52;878.90;7503.94;631.43;8840.34;3561.55;1382.81;1318.92;20347.04;2753.36;1132.04;624.12;2236.81;1735.41;835.59;8633.71;2655.95;432.01
1014;01|1|1;1To1Ri1Re4Ta;1To;1Ri;1Re;4Ta;4.92;29;36;27;560.29;1203.17;4346.87;695.09;4473.08;2012.71;3063.02;2445.81;20996.31;1314.76;3011.69;1035.23;2063.39;1756.14;3506.25;9672.84;1703.27;467.45
1015;01|1|1;1To1Ri1Re4Ta;1To;1Ri;1Re;4Ta;4.92;30;37;27;1044.14;2127.57;2944.68;1237.05;2488.77;8196.07;2467.63;3252.50;15652.97;1674.04;4539.28;930.53;1955.20;1306.34;3922.42;5257.35;1811.00;957.88
1016;01|1|1;1To1Ri1Re4Ta;1To;1Ri;1Re;4Ta;4.92;29;37;27;757.09;1147.03;2115.29;1181.99;1616.95;7977.53;2166.63;3279.86;17868.45;1479.23;6216.60;856.98;2270.57;1398.85;4901.60;4454.73;1819.45;1034.52
1017;01|1|1;1To1Ri1Re4Ta;1To;1Ri;1Re;4Ta;4.92;30;37;27;776.60;1191.55;2456.47;1077.90;1282.39;7530.57;2253.32;2645.34;13390.80;2017.17;7323.35;783.42;1583.03;1122.11;5548.17;5020.82;1963.80;805.58
1018;01|1|1;1To1Ri1Re4Ta;1To;1Ri;1Re;4Ta;4.92;30;37;27;1497.91;2733.51;2426.67;1556.20;1314.43;12224.31;1383.41;2190.51;7647.65;2149.82;5191.80;542.89;1310.63;762.43;4828.59;2049.13;2365.85;1107.31
1019;01|1|1;1To1Ri1Re4Ta;1To;1Ri;1Re;4Ta;4.92;30;37;27;409.85;967.96;4651.52;675.30;4461.90;3103.31;2666.29;2490.33;17961.85;741.57;1165.42;941.82;1922.97;1499.34;683.89;8229.04;775.94;616.88
1020;01|1|1;1To1Ri1Re4Ta;1To;1Ri;1Re;4Ta;4.92;30;37;27;1345.84;3581.44;3711.61;2161.82;2817.37;10884.85;1764.49;2842.19;8372.10;1191.41;4371.35;655.25;1161.76;706.60;3739.89;2767.67;1377.26;1079.54
1021;01|1|1;1To1Ri1Re4Ta;1To;1Ri;1Re;4Ta;4.92;30;37;27;1356.41;3288.15;3671.24;2434.52;3331.52;11376.22;1518.26;2753.15;5317.14;1273.64;3947.47;560.49;966.86;539.92;3752.87;1336.20;1484.29;1257.70
1022;01|1|1;1To1Ri1Re4Ta;1To;1Ri;1Re;4Ta;4.92;30;37;28;1039.26;1855.57;1426.21;1307.59;1531.26;10313.12;2035.39;2592.24;12192.51;992.19;4325.82;781.61;1552.34;1006.47;4689.06;3683.51;1547.66;963.63
1023;01|1|1;1To1Ri1Re4Ta;1To;1Ri;1Re;4Ta;4.92;30;37;28;522.89;1162.51;3052.32;681.32;4163.84;1922.47;4066.56;4267.84;27622.22;875.69;2155.83;1484.25;1927.57;1445.11;1500.01;8692.00;1346.99;663.81
1024;01|1|1;1To1Ri1Re4Ta;1To;1Ri;1Re;4Ta;4.92;30;37;28;1300.30;3098.43;5279.09;2241.83;3868.77;9659.60;2172.65;3184.92;11383.77;1437.13;3942.41;799.21;1466.40;936.29;3089.26;3847.17;1568.79;1051.76
1025;01|1|1;1To1Ri1Re4Ta;1To;1Ri;1Re;4Ta;4.92;31;38;28;1768.70;4380.00;1700.11;2887.02;1010.41;12904.61;2385.76;3763.12;6989.28;603.05;6211.54;808.24;1073.52;535.93;5109.29;1405.70;489.37;1290.27
1026;01|1|1;1To1Ri1Re4Ta;1To;1Ri;1Re;4Ta;4.92;31;37;28;1375.93;1429.67;2084.54;1451.25;1718.29;11589.13;795.25;902.70;4225.92;1515.45;5560.04;258.58;1101.14;729.73;4748.28;1368.70;1808.19;721.29
1027;01|1|1;1To1Ri1Re4Ta;1To;1Ri;1Re;4Ta;4.92;31;38;28;859.55;1099.60;7160.85;1034.03;7012.51;7637.02;1496.59;1750.15;13397.63;1738.17;1637.86;689.10;2048.04;1371.74;1283.41;4557.86;1722.99;837.19
1028;01|1|1;1To1Ri1Re4Ta;1To;1Ri;1Re;4Ta;4.92;31;38;28;1247.44;1330.94;2653.48;1354.90;4611.67;12005.77;1223.88;1529.17;12949.98;1492.44;3582.26;581.25;1916.06;1291.99;2553.02;3608.40;1623.71;878.38
1029;01|1|1;1To1Ri1Re4Ta;1To;1Ri;1Re;4Ta;4.92;31;38;28;693.66;1080.24;2484.34;1601.80;2769.69;13520.06;797.66;1164.98;13348.65;1791.03;3924.20;479.71;2283.62;1528.85;3803.98;3994.01;1750.45;901.37
1030;01|1|1;1To1Ri1Re4Ta;1To;1Ri;1Re;4Ta;4.92;31;38;28;1182.39;2674.46;2870.68;1960.52;3711.54;9785.79;2786.09;3658.53;14929.67;850.24;5616.69;1022.14;1760.29;1160.39;3900.52;4590.37;1594.13;1013.44
1031;01|1|1;1To1Ri1Re4Ta;1To;1Ri;1Re;4Ta;4.92;31;38;28;1339.33;2268.89;4823.55;1692.12;4175.76;12540.85;1574.25;2615.84;7962.03;1442.03;2695.04;619.15;1334.41;720.16;2681.20;1768.89;1954.65;1294.10
1032;01|1|1;1To1Ri1Re4Ta;1To;1Ri;1Re;4Ta;4.92;31;38;28;495.24;1118.96;2836.08;660.68;3280.85;2100.83;3649.37;3950.31;23874.71;946.67;4273.22;1318.63;1980.52;1531.24;3059.24;9253.60;1370.93;747.15
1033;01|1|1;1To1Ri1Re4Ta;1To;1Ri;1Re;4Ta;4.92;31;38;28;1562.96;3590.15;2279.63;3154.56;1694.45;13907.09;2548.90;4129.99;8055.44;858.56;5531.71;880.89;1249.24;632.43;4607.93;1456.14;1298.40;1307.51
1034;01|1|1;1To1Ri1Re4Ta;1To;1Ri;1Re;4Ta;4.92;31;38;28;879.07;1767.49;1676.09;1261.13;1251.09;9626.47;2348.43;2990.76;14845.38;954.99;5437.63;922.86;2046.51;1236.96;5004.63;4070.24;1478.66;899.45
1035;01|1|1;1To1Ri1Re4Ta;1To;1Ri;1Re;4Ta;4.92;31;38;29;474.91;853.74;8124.79;671.86;6518.48;4518.91;1952.91;1942.71;17174.76;1857.11;1458.80;856.52;2182.33;1520.87;1331.27;6539.73;2106.03;721.29
1036;01|1|1;1To1Ri1Re4Ta;1To;1Ri;1Re;4Ta;4.92;31;38;29;1725.60;1618.42;3212.82;1646.53;2604.26;9970.50;924.68;932.73;5047.18;626.05;4880.21;256.78;1208.57;827.83;3521.66;1624.28;1071.68;553.66
1037;01|1|1;1To1Ri1Re4Ta;1To;1Ri;1Re;4Ta;4.92;32;38;29;470.03;915.69;1726.06;750.14;2683.25;4920.74;1935.46;2304.75;16531.19;537.46;3952.52;765.37;2121.71;1563.14;2790.72;6812.13;416.84;720.33
1038;01|1|1;1To1Ri1Re4Ta;1To;1Ri;1Re;4Ta;4.92;31;38;29;721.30;1114.12;3024.45;995.32;3005.89;5931.68;2810.78;3358.70;17448.13;1095.96;3856.42;966.18;1728.06;1219.41;2793.15;6048.75;1263.20;822.82
1039;01|1|1;1To1Ri1Re4Ta;1To;1Ri;1Re;4Ta;4.92;31;39;29;1343.40;2720.92;1896.17;1757.50;1903.83;14195.43;2278.00;3400.00;8812.91;1139.03;4797.25;855.17;1399.64;685.07;4095.22;1414.66;1426.55;1196.40
1040;01|1|1;1To1Ri1Re4Ta;1To;1Ri;1Re;4Ta;4.92;31;38;29;881.50;1895.26;3556.88;1243.93;2853.89;6647.23;2719.27;3420.39;17009.59;1186.03;4161.94;949.04;1610.66;1109.35;3900.52;5907.51;1392.05;916.70
1041;01|1|1;1To1Ri1Re4Ta;1To;1Ri;1Re;4Ta;4.92;32;39;29;1005.11;1762.65;2158.54;1305.01;1435.88;9062.49;2409.84;3353.88;14652.88;1397.97;5972.79;860.13;1692.76;1102.18;5072.78;4588.13;1651.87;1024.94
1042;01|1|1;1To1Ri1Re4Ta;1To;1Ri;1Re;4Ta;4.92;32;39;29;524.51;980.54;2390.15;916.17;1198.93;6272.19;2399.60;2732.23;16703.19;725.91;6167.03;953.55;1983.59;1340.63;4942.98;5306.67;1043.51;845.81
1043;01|1|1;1To1Ri1Re4Ta;1To;1Ri;1Re;4Ta;4.92;31;39;29;1491.40;2816.75;4086.42;1951.06;3935.83;17645.59;854.85;1079.70;4024.30;955.48;4468.47;300.10;1010.59;615.69;3206.08;957.31;1798.33;850.60
1044;01|1|1;1To1Ri1Re4Ta;1To;1Ri;1Re;4Ta;4.92;32;39;29;436.69;1057.01;5341.56;692.51;3945.52;2362.38;2483.28;2187.29;18090.56;1298.61;3655.10;862.39;1579.20;1352.60;2835.34;9133.66;1682.15;531.63
1045;01|1|1;1To1Ri1Re4Ta;1To;1Ri;1Re;4Ta;4.92;32;39;29;472.47;1057.98;4301.70;654.65;2835.26;2537.21;3531.38;4158.96;23759.67;931.00;3918.13;1215.29;2110.97;1536.03;3106.30;8255.94;1358.25;749.07
1046;01|1|1;1To1Ri1Re4Ta;1To;1Ri;1Re;4Ta;4.92;32;39;29;844.10;2334.71;4236.35;1913.21;3684.72;7192.89;2253.32;2711.31;15684.87;917.79;3003.59;820.87;1754.92;1251.31;2170.11;6296.48;1406.84;772.05
1047;01|1|1;1To1Ri1Re4Ta;1To;1Ri;1Re;4Ta;4.92;32;39;29;1889.05;4298.69;2441.09;2912.83;4540.14;14192.61;2190.11;3889.70;5754.53;2165.49;2162.91;748.67;996.78;477.72;2584.66;1006.63;2822.13;1354.45
1048;01|1|1;1To1Ri1Re4Ta;1To;1Ri;1Re;4Ta;4.92;32;39;29;895.33;1270.93;8759.09;1402.22;6170.50;6724.08;2247.90;2753.69;14552.64;1318.68;1111.81;916.54;1391.96;775.19;753.66;2896.58;1468.80;1000.03
1049;01|1|1;1To1Ri1Re4Ta;1To;1Ri;1Re;4Ta;4.92;32;39;29;975.02;1118.96;2404.57;937.68;2049.88;5971.16;1829.50;1951.82;12093.41;2371.07;4830.64;658.41;1532.39;1106.96;4508.15;4664.35;2068.71;691.59
1050;01|1|1;1To1Ri1Re4Ta;1To;1Ri;1Re;4Ta;4.92;32;39;29;829.46;1246.73;3790.41;1090.80;5648.91;8143.90;1396.66;1906.77;14402.28;819.89;3867.55;565.45;2002.00;1420.39;3335.88;5641.84;1240.66;737.57
1051;01|1|1;1To1Ri1Re4Ta;1To;1Ri;1Re;4Ta;4.92;32;39;29;667.63;865.35;2834.16;1477.06;4063.25;12177.78;927.69;1677.74;10169.53;1382.80;2846.79;495.95;2002.00;1219.41;2331.55;2699.29;1728.62;1116.89
1052;04|1|1;4To1Ri1Re4Ta;4To;1Ri;1Re;4Ta;5.08;31;36;29;451.32;1219.62;2651.56;912.73;1916.50;2505.49;5023.76;6249.70;31062.19;3293.26;7705.75;1629.11;2467.01;1814.36;7461.93;12532.44;2698.20;1149.46
1053;04|1|1;4To1Ri1Re4Ta;4To;1Ri;1Re;4Ta;5.08;31;37;29;534.27;1316.42;2086.46;1408.24;1440.36;5173.13;4971.98;6065.19;31316.20;2572.74;6010.22;1583.98;2871.41;1928.41;6467.33;10701.89;2652.43;1201.19
1054;04|1|1;4To1Ri1Re4Ta;4To;1Ri;1Re;4Ta;5.08;31;38;29;1304.37;1841.05;2527.58;1582.87;3183.98;13266.27;2710.24;2872.76;18817.28;2037.73;4286.37;867.81;3013.36;2127.79;5260.99;8986.81;2835.50;785.47
1055;04|1|1;4To1Ri1Re4Ta;4To;1Ri;1Re;4Ta;5.08;32;38;29;1579.23;4425.49;3193.60;3598.45;3099.04;16803.85;2593.45;3257.87;16968.59;2827.76;6861.02;853.82;2262.13;1339.84;6730.17;4530.96;2850.99;1155.21
1056;04|1|1;4To1Ri1Re4Ta;4To;1Ri;1Re;4Ta;5.08;32;38;29;831.09;4441.95;5030.18;5570.16;3149.71;17197.93;3590.38;5004.27;16827.34;1217.35;5013.75;1148.05;2232.97;1139.66;5191.22;3341.61;1475.14;1589.13
1057;04|1|1;4To1Ri1Re4Ta;4To;1Ri;1Re;4Ta;5.08;31;38;29;552.97;765.65;7675.97;768.21;7208.48;7578.51;1626.63;1428.87;30065.51;2038.22;2605.00;721.14;4089.18;2636.61;2931.88;11011.28;2581.32;560.36
1058;04|1|1;4To1Ri1Re4Ta;4To;1Ri;1Re;4Ta;5.08;32;38;29;1029.51;1092.82;8228.58;831.01;9735.25;6157.98;1377.39;1502.35;25389.66;2445.47;2866.01;550.11;2983.44;2179.63;2609.81;10732.16;3005.20;578.56
1059;04|1|1;4To1Ri1Re4Ta;4To;1Ri;1Re;4Ta;5.08;31;39;29;1627.21;2447.96;2191.21;2462.91;1739.90;14902.52;1210.64;1384.35;8399.43;1496.36;6898.46;383.59;1591.47;966.60;6674.20;2415.69;2120.11;826.65
1060;04|1|1;4To1Ri1Re4Ta;4To;1Ri;1Re;4Ta;5.08;32;38;29;546.47;1558.41;9276.14;2485.28;11206.91;12407.61;2854.12;3636.00;18384.44;1578.10;2307.58;968.44;2727.15;1562.35;2198.50;5113.86;2181.37;1312.30
1061;04|1|1;4To1Ri1Re4Ta;4To;1Ri;1Re;4Ta;5.08;32;39;29;1288.92;2440.22;4745.71;2373.45;5110.92;15740.74;1483.35;1721.72;12562.70;1383.29;4192.29;518.07;2161.61;1336.65;3835.61;4215.97;1920.14;907.12
1062;04|1|1;4To1Ri1Re4Ta;4To;1Ri;1Re;4Ta;5.08;32;39;29;1476.76;3292.02;3295.47;3034.12;3833.75;20226.51;951.77;1338.23;7080.40;1360.28;4470.49;383.13;1612.19;926.72;5183.11;1776.74;2432.04;951.18
1063;04|1|1;4To1Ri1Re4Ta;4To;1Ri;1Re;4Ta;5.08;33;39;29;709.11;1170.26;13526.90;755.30;10443.88;3960.56;2458.00;2182.46;31624.88;1120.43;1103.71;967.99;3317.23;2456.37;833.16;12465.18;1542.03;619.75
1064;04|1|1;4To1Ri1Re4Ta;4To;1Ri;1Re;4Ta;5.08;32;38;29;618.03;3641.45;4829.32;2554.96;5494.66;14450.63;615.85;1105.98;2420.50;1089.11;4873.13;261.74;670.66;380.42;4380.78;953.94;1873.67;1326.67
1065;04|1|1;4To1Ri1Re4Ta;4To;1Ri;1Re;4Ta;5.08;32;39;30;3344.68;2896.12;7897.02;3116.71;6790.46;17565.22;2786.09;3189.21;19037.12;1355.39;5190.79;902.10;2534.54;1558.36;4550.33;5795.41;2101.81;1160.00
1066;04|1|1;4To1Ri1Re4Ta;4To;1Ri;1Re;4Ta;5.08;32;39;30;6831.66;4253.20;6815.83;4281.49;9278.48;25163.47;1194.99;1095.79;9348.27;762.62;3090.60;286.11;1532.39;987.33;3568.71;3305.74;713.28;606.34
1067;04|1|1;4To1Ri1Re4Ta;4To;1Ri;1Re;4Ta;5.08;32;40;30;2117.56;1477.10;12812.83;1566.53;13573.47;11297.27;1299.74;1233.10;27205.33;597.66;912.51;361.02;4548.06;2953.22;395.89;14732.90;283.76;634.12
1068;04|1|1;4To1Ri1Re4Ta;4To;1Ri;1Re;4Ta;5.08;32;39;30;4551.46;5207.60;13725.84;4980.88;16636.74;33173.43;1714.52;1484.12;20924.54;768.49;2854.88;365.99;3194.46;2136.56;2828.85;9528.24;535.13;587.18
1069;04|1|1;4To1Ri1Re4Ta;4To;1Ri;1Re;4Ta;5.08;33;40;30;9045.18;5385.71;8764.85;5606.29;8598.92;39063.51;1524.28;1557.06;32639.79;848.77;4761.85;461.21;6951.38;4294.66;5427.30;24257.78;636.53;1015.36
1070;04|1|1;4To1Ri1Re4Ta;4To;1Ri;1Re;4Ta;5.08;32;39;30;10340.60;5585.10;13055.98;5393.80;15151.68;34316.90;1672.98;1567.79;29192.99;1035.26;7631.90;356.96;7190.79;4603.30;13571.49;26809.10;1269.53;763.43
1071;04|1|1;4To1Ri1Re4Ta;4To;1Ri;1Re;4Ta;5.08;33;40;30;2228.16;4175.76;5317.54;3007.45;4812.11;20564.90;1441.21;1505.57;20980.36;820.38;2577.69;485.12;4021.66;2397.35;1839.93;11445.10;294.32;816.12
1072;04|1|1;4To1Ri1Re4Ta;4To;1Ri;1Re;4Ta;5.08;33;40;30;625.35;578.84;6907.13;562.61;5374.69;2841.06;1281.07;1044.83;7815.10;881.08;5929.29;181.86;1861.58;1729.82;7963.28;8378.13;664.69;354.42
1073;04|1|1;4To1Ri1Re4Ta;4To;1Ri;1Re;4Ta;5.08;33;40;30;579.81;949.56;13598.98;1322.21;17240.30;10334.97;1483.35;1532.92;35137.75;875.69;3566.07;621.86;5193.39;3363.15;3763.41;15985.02;1134.34;845.81
1074;04|1|1;4To1Ri1Re4Ta;4To;1Ri;1Re;4Ta;5.08;33;40;30;6943.88;4470.02;7559.69;4549.03;10842.53;27408.12;2004.08;1683.64;3315.81;1139.52;3861.48;291.07;774.25;507.22;4614.42;1083.98;2267.28;487.56
1075;04|1|1;4To1Ri1Re4Ta;4To;1Ri;1Re;4Ta;5.08;33;40;30;3926.11;2471.19;9156.00;2942.93;12014.64;18552.19;1683.82;1617.67;25181.21;1123.37;1775.45;520.77;3531.32;2304.04;2071.13;11584.10;2561.60;932.02
1076;04|1|1;4To1Ri1Re4Ta;4To;1Ri;1Re;4Ta;5.08;33;40;30;4083.06;3155.54;8743.71;3433.28;13460.95;22581.84;2232.25;1839.19;12713.06;1186.03;2034.43;379.07;2786.23;1759.33;2083.30;6842.40;1692.71;722.24
1077;04|1|1;4To1Ri1Re4Ta;4To;1Ri;1Re;4Ta;5.08;33;40;30;1120.58;1764.58;3269.52;2122.25;4290.52;17843.69;2316.53;1963.09;24596.88;872.75;3562.03;496.86;4910.24;2910.16;5302.36;11807.17;737.92;955.01
1078;04|1|1;4To1Ri1Re4Ta;4To;1Ri;1Re;4Ta;5.08;33;40;30;6468.98;3672.42;13879.61;4026.00;15314.86;25629.46;1868.63;1749.62;8366.40;924.64;1096.63;376.37;1942.92;1161.19;670.10;3634.18;1016.05;825.70
1079;04|1|1;4To1Ri1Re4Ta;4To;1Ri;1Re;4Ta;5.08;33;40;30;7234.19;4521.32;4560.22;3946.85;6602.69;25409.51;1833.72;1746.93;5886.67;1039.67;3766.38;300.55;1143.34;821.45;5089.00;2977.29;1317.41;417.64
1080;04|1|1;4To1Ri1Re4Ta;4To;1Ri;1Re;4Ta;5.08;33;40;30;4629.53;4064.45;16200.56;4148.15;16667.29;25848.00;3078.07;3057.27;15051.55;2053.40;5784.63;305.06;3118.49;2170.85;10066.05;11089.75;967.47;497.14
1081;04|1|1;4To1Ri1Re4Ta;4To;1Ri;1Re;4Ta;5.08;33;40;30;6067.26;4785.57;9614.43;5555.53;10889.48;34178.72;3430.24;3250.90;39387.58;1630.48;4729.47;379.07;6243.12;4423.85;5841.04;28546.60;499.22;723.20
1082;04|1|1;4To1Ri1Re4Ta;4To;1Ri;1Re;4Ta;5.08;33;40;30;6061.56;4351.93;13066.55;4795.07;17357.29;28803.97;3071.45;2390.57;18309.26;1703.41;10365.39;332.59;3234.36;2263.37;14502.00;12665.83;1230.10;561.32
1083;04|1|1;4To1Ri1Re4Ta;4To;1Ri;1Re;4Ta;5.08;33;40;30;3646.37;5840.64;6505.40;6069.10;7968.53;40159.05;1315.39;1386.50;24002.29;1331.40;2839.71;456.24;4124.48;2645.38;3318.84;13189.33;912.54;850.60
1084;04|1|1;4To1Ri1Re4Ta;4To;1Ri;1Re;4Ta;5.08;33;40;30;726.18;1008.61;5189.72;1104.57;6262.16;8863.68;2213.58;2512.86;16417.28;783.18;2148.75;549.20;3911.16;2563.24;2754.21;12614.27;1191.38;1228.97
1085;04|1|1;4To1Ri1Re4Ta;4To;1Ri;1Re;4Ta;5.08;33;40;30;638.36;936.01;2688.08;909.29;3277.13;7483.34;1371.37;1372.55;12988.71;1099.88;4005.13;284.30;2584.42;1735.41;5849.96;9567.47;960.42;529.71
1086;04|1|1;4To1Ri1Re4Ta;4To;1Ri;1Re;4Ta;5.08;33;41;30;3608.96;3107.14;6301.66;3020.36;9000.55;22368.23;1621.21;1700.27;13090.09;1230.57;2385.48;522.58;2379.54;1277.63;3300.19;3565.80;2850.99;1157.12
1087;04|1|1;4To1Ri1Re4Ta;4To;1Ri;1Re;4Ta;5.08;33;40;30;2202.14;3557.24;1234.96;2232.36;894.91;17097.82;1123.95;1087.21;17740.87;694.58;3667.24;337.10;2823.83;1972.27;3494.08;10961.96;276.02;570.90
1088;04|1|1;4To1Ri1Re4Ta;4To;1Ri;1Re;4Ta;5.08;33;40;30;1598.74;2355.04;3556.88;2631.52;4373.97;17311.43;999.33;974.03;6092.84;1126.80;2664.69;264.45;1210.87;763.23;4538.97;3524.33;1930.00;924.36
1089;04|1|1;4To1Ri1Re4Ta;4To;1Ri;1Re;4Ta;5.08;33;40;30;594.45;733.71;5871.11;621.10;5837.43;4072.66;1573.65;1627.32;14660.85;784.16;3403.20;287.01;2989.58;2128.59;4839.95;14615.20;911.14;422.43
1090;04|1|1;4To1Ri1Re4Ta;4To;1Ri;1Re;4Ta;5.08;33;40;31;746.51;1136.38;5409.80;1054.67;7261.39;8684.62;1235.32;1220.76;13567.35;990.23;1766.34;294.23;2499.24;1747.37;2421.60;10311.80;1613.15;608.26
1091;04|1|1;4To1Ri1Re4Ta;4To;1Ri;1Re;4Ta;5.08;33;40;30;740.01;1479.04;3767.35;1680.94;5072.17;14913.80;1698.26;1973.82;10436.07;1234.00;2138.63;547.40;2578.28;1523.27;3464.87;4718.16;2141.94;1132.22
1092;04|1|1;4To1Ri1Re4Ta;4To;1Ri;1Re;4Ta;5.08;33;40;31;1190.52;1781.04;3673.17;1828.90;4116.15;11952.89;1863.22;2064.46;12726.73;854.64;3466.93;474.74;2557.56;1671.61;5110.10;9202.04;1146.31;1010.57
1093;04|1|1;4To1Ri1Re4Ta;4To;1Ri;1Re;4Ta;5.08;34;40;30;542.40;972.80;2956.22;915.31;3908.26;7022.28;1272.04;1318.92;13665.31;1071.98;3799.76;285.21;2958.88;1982.64;5421.62;11574.01;735.81;624.54
1094;04|1|1;4To1Ri1Re4Ta;4To;1Ri;1Re;4Ta;5.08;34;41;31;3107.22;4722.66;3896.13;5179.60;4523.00;37313.76;1726.56;2009.22;22956.63;933.94;2791.15;421.04;4016.29;2709.18;2618.73;15387.55;305.59;719.37
1095;04|1|1;4To1Ri1Re4Ta;4To;1Ri;1Re;4Ta;5.08;33;41;31;1896.37;3584.34;8065.20;2205.70;5831.47;13016.71;1185.96;1218.62;25861.23;838.49;4599.98;361.02;3606.52;2591.95;5857.26;15320.29;1375.15;546.95
1096;04|1|1;4To1Ri1Re4Ta;4To;1Ri;1Re;4Ta;5.08;33;41;31;3273.93;2519.59;16361.06;2154.94;16413.94;15852.83;1827.70;2016.72;19012.06;1594.26;5301.06;244.14;2905.94;1970.68;8250.47;10799.42;999.15;416.68
1097;04|1|1;4To1Ri1Re4Ta;4To;1Ri;1Re;4Ta;5.08;33;41;31;1800.42;1989.15;991.81;1928.69;696.71;13375.54;1392.44;1519.52;15093.69;1098.90;5739.10;392.16;2557.56;1819.94;5456.50;10556.17;264.05;545.99
1098;04|1|1;4To1Ri1Re4Ta;4To;1Ri;1Re;4Ta;5.08;34;41;31;861.99;1519.69;4793.76;1655.13;4582.61;10576.07;1050.50;1079.16;12337.17;902.12;4413.84;232.86;2363.42;1880.56;4601.44;9004.75;510.49;415.72
1099;04|1|1;4To1Ri1Re4Ta;4To;1Ri;1Re;4Ta;5.08;34;41;31;3113.73;3783.74;13649.91;3489.20;14114.44;25733.09;4055.13;5880.68;31073.58;2842.45;6689.04;297.39;5023.81;3644.68;7600.65;23514.57;1263.20;470.32
1100;04|1|1;4To1Ri1Re4Ta;4To;1Ri;1Re;4Ta;5.08;33;41;31;2058.20;5380.87;6145.01;4332.25;9010.23;26893.48;1567.63;1728.16;20328.82;1674.04;4215.55;508.59;3082.43;2032.88;5461.37;10206.43;1556.82;770.14
1101;04|1|1;4To1Ri1Re4Ta;4To;1Ri;1Re;4Ta;5.08;34;41;31;435.87;529.47;8265.10;533.36;6973.76;1890.04;1249.77;1273.33;4809.11;873.24;4131.59;206.68;1172.50;1217.82;4560.07;6789.71;754.82;349.63
1102;04|1|1;4To1Ri1Re4Ta;4To;1Ri;1Re;4Ta;5.08;33;41;31;1635.34;3379.13;18960.72;2001.82;9008.00;16676.95;1127.56;1188.58;22520.37;989.25;3083.52;385.84;3555.88;2343.12;3872.12;13487.50;1692.71;596.76
1103;04|1|1;4To1Ri1Re4Ta;4To;1Ri;1Re;4Ta;5.08;33;41;31;492.80;1080.24;3142.66;873.16;2738.39;10362.46;2382.15;2553.09;22686.67;1528.67;5621.75;342.07;5288.54;3546.58;10886.23;22668.24;369.66;418.60
1104;07|1|1;7To1Ri1Re4Ta;7To;1Ri;1Re;4Ta;4.72;32;38;30;4525.44;5676.09;12151.62;4649.68;13138.31;29395.45;5899.68;4460.93;8712.68;1687.75;3040.01;331.69;4043.14;2597.53;4263.15;7906.20;1154.06;921.48
1105;07|1|1;7To1Ri1Re4Ta;7To;1Ri;1Re;4Ta;4.72;32;38;30;1991.52;3774.06;11209.79;3591.57;12032.52;26077.83;4448.84;3746.49;18682.88;1439.58;3097.68;311.83;5943.86;3902.27;4491.11;18359.23;1234.33;993.33
1106;07|1|1;7To1Ri1Re4Ta;7To;1Ri;1Re;4Ta;4.72;32;39;30;662.75;1369.66;14536.97;1045.21;10964.73;6443.50;1332.85;1130.65;7415.29;937.37;2699.09;208.04;2581.35;2041.66;2731.50;10404.84;1393.46;417.64
1107;07|1|1;7To1Ri1Re4Ta;7To;1Ri;1Re;4Ta;4.72;33;39;30;7296.00;10204.19;6348.75;6614.51;7038.59;42161.18;2823.42;2202.31;5880.97;1784.67;6109.37;535.67;2465.48;1220.21;10895.16;2297.99;1973.66;1387.02
1108;07|1|1;7To1Ri1Re4Ta;7To;1Ri;1Re;4Ta;4.72;32;39;30;1375.93;2291.15;19918.90;1418.56;16635.25;15176.76;2160.61;1942.71;10523.78;1093.02;2271.16;297.39;3650.26;2744.27;3236.91;11324.03;2701.72;386.03
1109;07|1|1;7To1Ri1Re4Ta;7To;1Ri;1Re;4Ta;4.72;33;40;30;6774.74;12325.95;2053.78;8054.57;1309.21;43671.95;1839.13;1572.08;2845.37;875.20;6867.09;316.35;767.35;468.15;8177.45;1059.32;716.80;974.17
1110;07|1|1;7To1Ri1Re4Ta;7To;1Ri;1Re;4Ta;4.72;32;40;30;4517.30;9899.28;23492.11;6389.12;18411.66;37340.55;1411.11;1256.16;5883.25;802.76;1053.13;358.77;1457.96;864.51;724.45;2430.26;1282.91;983.75
1111;07|1|1;7To1Ri1Re4Ta;7To;1Ri;1Re;4Ta;4.72;33;40;30;719.68;1221.56;12828.21;893.81;8566.13;4597.86;1157.66;1110.81;8794.69;706.82;3156.35;200.82;2559.10;2299.26;2897.80;11353.18;1042.81;359.21
1112;07|1|1;7To1Ri1Re4Ta;7To;1Ri;1Re;4Ta;4.72;33;40;30;461.08;755.01;1454.08;609.06;900.87;3618.65;1345.49;1294.24;17273.86;771.92;5597.47;263.55;4693.08;3356.77;4521.94;17342.52;261.93;397.52
1113;07|1|1;7To1Ri1Re4Ta;7To;1Ri;1Re;4Ta;4.72;33;40;30;4477.46;8429.92;11957.49;5599.40;9514.69;36667.29;1620.61;1412.78;5762.51;990.23;4693.05;386.29;2038.07;1120.52;6550.07;2533.39;1870.85;1127.43
1114;07|1|1;7To1Ri1Re4Ta;7To;1Ri;1Re;4Ta;4.72;33;40;30;865.24;1993.99;10068.05;1911.49;9820.20;13066.76;1450.84;1427.26;23282.40;1061.70;3979.84;426.46;5797.29;3810.56;4155.25;14893.20;2253.19;737.57
1115;07|1|1;7To1Ri1Re4Ta;7To;1Ri;1Re;4Ta;4.72;33;40;31;1104.32;2224.36;9975.79;2132.57;10735.23;17664.62;1491.78;1370.94;22292.56;781.22;8025.44;326.27;7250.65;4738.88;9796.72;25820.41;1982.11;1040.26
1116;07|1|1;7To1Ri1Re4Ta;7To;1Ri;1Re;4Ta;4.72;33;41;31;1366.98;2301.80;4374.74;2111.93;4771.88;18031.21;1267.23;1165.52;12464.74;712.20;6260.10;326.72;5048.36;3166.16;11213.17;10624.55;2029.28;1016.32
1117;07|1|1;7To1Ri1Re4Ta;7To;1Ri;1Re;4Ta;4.72;33;40;31;4819.00;8673.85;13433.67;5868.66;10469.22;38890.09;1682.61;1621.96;5846.80;1040.16;4680.91;494.15;2167.75;1000.89;5346.98;1785.70;2306.71;1402.34
1118;07|1|1;7To1Ri1Re4Ta;7To;1Ri;1Re;4Ta;4.72;33;40;31;3220.26;5333.44;6046.02;3460.81;4229.41;21198.68;1416.53;1464.27;13184.63;762.13;4332.91;333.95;3595.78;2557.65;5495.44;11430.52;599.91;509.59
1119;07|1|1;7To1Ri1Re4Ta;7To;1Ri;1Re;4Ta;4.72;33;41;31;10501.62;13422.64;6005.65;7865.32;4120.62;4294967300.00;2161.21;1821.49;14900.05;808.63;7290.98;726.56;4004.77;1866.20;8464.64;4326.94;554.14;1056.55
1120;07|1|1;7To1Ri1Re4Ta;7To;1Ri;1Re;4Ta;4.72;34;41;31;5232.92;8007.90;10820.56;4857.86;11110.04;35189.66;1284.08;1049.13;3270.24;1234.97;7349.65;217.97;1095.00;671.51;7354.03;1251.00;2170.81;480.86
1121;07|1|1;7To1Ri1Re4Ta;7To;1Ri;1Re;4Ta;4.72;33;41;31;2962.47;5727.39;6086.38;3410.91;4532.69;27721.83;1193.78;1083.45;4088.09;746.47;4172.05;200.82;1584.57;1047.15;4876.46;2211.67;642.86;422.43
1122;07|1|1;7To1Ri1Re4Ta;7To;1Ri;1Re;4Ta;4.72;33;41;31;3757.78;5859.04;18970.33;3491.78;15609.94;32370.46;1173.31;1089.35;22553.40;799.33;5653.11;236.47;5518.75;3677.37;5244.77;15615.10;537.25;405.19
1123;07|1|1;7To1Ri1Re4Ta;7To;1Ri;1Re;4Ta;4.72;34;41;31;2856.76;5747.72;3935.53;4026.00;3365.80;28710.92;1621.81;1455.15;14993.46;818.91;8735.62;451.28;4135.99;2417.29;11465.47;6740.39;1858.88;735.66
1124;07|1|1;7To1Ri1Re4Ta;7To;1Ri;1Re;4Ta;4.72;33;41;31;1956.55;3478.83;6064.28;2586.79;4013.32;17378.40;864.48;829.22;13847.56;613.33;6786.16;212.55;3322.60;2282.51;6098.21;9251.36;754.82;496.18
1125;07|1|1;7To1Ri1Re4Ta;7To;1Ri;1Re;4Ta;4.72;34;41;31;4327.83;6055.53;9503.91;4299.56;7680.90;26906.17;1588.10;1449.25;18602.00;688.22;5709.76;466.62;3962.57;2387.78;7195.02;9102.27;1511.05;807.50
1126;07|1|1;7To1Ri1Re4Ta;7To;1Ri;1Re;4Ta;4.72;34;41;31;4544.95;8270.21;27042.26;6213.63;22343.02;37201.67;1334.05;1289.42;13049.08;610.88;993.44;381.78;4251.09;2568.02;505.41;6934.32;948.45;1034.52
1127;07|1|1;7To1Ri1Re4Ta;7To;1Ri;1Re;4Ta;4.72;34;41;31;6869.88;9770.54;27542.97;6869.14;20049.48;40097.71;1330.44;1241.68;13404.47;670.11;2743.60;330.79;4228.84;2629.43;1868.32;7334.50;347.13;721.29
1128;07|1|1;7To1Ri1Re4Ta;7To;1Ri;1Re;4Ta;4.72;34;41;31;7107.33;10405.52;23750.63;7553.05;21072.56;42056.14;1281.07;1167.13;15402.38;844.85;9615.75;316.80;4158.24;2677.28;9222.35;8587.75;1275.87;636.99
1129;07|1|1;7To1Ri1Re4Ta;7To;1Ri;1Re;4Ta;4.72;34;41;31;9123.25;10298.08;20911.67;7025.71;18706.74;43853.84;1047.49;873.20;9109.07;561.93;2807.33;172.84;4186.64;2562.44;2991.10;5473.69;471.06;490.44
1130;07|1|1;7To1Ri1Re4Ta;7To;1Ri;1Re;4Ta;4.72;34;41;31;787.17;1170.26;18211.10;1022.84;17417.65;10177.06;1273.25;1086.13;32095.31;474.80;2768.89;402.54;7293.62;4655.14;4190.94;21754.65;673.85;567.07
1131;07|1|1;7To1Ri1Re4Ta;7To;1Ri;1Re;4Ta;4.72;34;41;31;7546.46;10737.53;7626.96;7079.90;7245.00;42541.17;1139.00;1027.67;5398.01;750.38;6909.58;222.93;1764.13;1047.94;10009.27;2023.35;2269.39;509.59
1132;07|1|1;7To1Ri1Re4Ta;7To;1Ri;1Re;4Ta;4.72;34;42;31;7801.80;11325.08;18633.00;5869.52;17848.34;38915.47;1122.14;914.50;3581.21;522.77;1859.42;176.00;1455.65;1035.98;1356.42;1264.45;319.67;357.29
1133;07|1|1;7To1Ri1Re4Ta;7To;1Ri;1Re;4Ta;4.72;34;42;31;6010.33;8026.29;18284.13;5257.88;15352.86;36168.17;1059.53;928.98;3797.63;764.58;1352.58;166.52;1536.99;1098.19;696.87;1383.28;292.21;367.83
1134;07|1|1;7To1Ri1Re4Ta;7To;1Ri;1Re;4Ta;4.72;34;42;32;9691.67;10614.60;24088.93;7372.39;20100.15;4294967300.00;690.50;638.81;32480.32;614.31;9832.25;153.89;9188.19;6115.40;16425.48;42897.25;505.56;527.79
1135;07|1|1;7To1Ri1Re4Ta;7To;1Ri;1Re;4Ta;4.72;34;42;32;10499.18;10636.86;22521.44;7291.53;19814.02;4294967300.00;664.62;590.00;26647.19;403.34;8363.33;141.25;8789.94;5802.77;17472.00;32499.14;514.01;484.69
1136;07|1|1;7To1Ri1Re4Ta;7To;1Ri;1Re;4Ta;4.72;34;42;32;6921.11;10747.21;21702.62;8590.51;20853.49;4294967300.00;574.32;527.24;28512.97;334.81;6547.41;137.19;9438.35;6285.27;14957.92;39899.78;475.99;500.97
1137;07|1|1;7To1Ri1Re4Ta;7To;1Ri;1Re;4Ta;4.72;34;42;31;7198.41;10965.00;23539.20;8612.02;22082.22;4294967300.00;597.79;544.94;27699.68;353.41;7249.50;136.74;9264.93;6090.67;18553.41;34328.56;473.87;468.41
1138;07|1|1;7To1Ri1Re4Ta;7To;1Ri;1Re;4Ta;4.72;34;42;32;6842.23;10202.25;22052.45;8207.70;21195.51;4294967300.00;558.06;512.23;27626.78;354.39;6571.69;136.29;9132.94;5951.91;13852.18;30806.48;460.50;486.61
1139;07|1|1;7To1Ri1Re4Ta;7To;1Ri;1Re;4Ta;4.72;34;42;32;12358.14;7232.56;16967.49;4471.61;16536.89;33026.09;664.62;563.72;9940.58;549.20;2878.15;123.65;5558.65;3567.32;3391.86;12473.03;365.44;426.26
1140;07|1|1;7To1Ri1Re4Ta;7To;1Ri;1Re;4Ta;4.72;35;42;32;1442.61;2854.50;7768.23;1759.22;8268.82;14593.74;1188.36;1267.96;15395.54;706.33;3332.38;256.78;4499.71;3214.01;4644.44;14257.61;311.22;432.01
1141;07|1|1;7To1Ri1Re4Ta;7To;1Ri;1Re;4Ta;4.72;34;42;32;2157.41;3611.44;7007.08;2219.46;4819.57;14072.76;1121.54;1155.86;13789.47;781.71;5719.88;261.74;3366.34;2599.12;5915.67;13451.63;524.57;432.96
1142;07|1|1;7To1Ri1Re4Ta;7To;1Ri;1Re;4Ta;4.72;34;42;32;1305.18;2536.04;9105.07;1611.26;6144.42;11197.86;1034.25;1059.85;11216.33;826.25;5430.55;244.59;2884.45;2228.28;6696.10;11223.14;592.17;425.30
1143;07|1|1;7To1Ri1Re4Ta;7To;1Ri;1Re;4Ta;4.72;35;42;32;2739.66;5350.86;6045.06;3343.81;3964.14;27076.78;1673.58;1596.22;19905.09;1091.55;7252.53;495.95;5211.04;2991.50;8558.74;11701.80;427.40;740.44
1144;07|1|1;7To1Ri1Re4Ta;7To;1Ri;1Re;4Ta;4.72;35;42;32;2036.24;3071.32;6084.46;1984.61;5693.61;15048.45;1221.47;1240.07;19783.21;736.68;2844.77;336.65;4947.07;3265.05;3872.93;14669.00;1201.23;507.68
1145;07|1|1;7To1Ri1Re4Ta;7To;1Ri;1Re;4Ta;4.72;35;42;32;2648.58;5886.14;1944.22;3762.76;917.27;29836.06;1338.26;1267.96;12182.25;1347.07;7761.39;428.26;3542.07;1912.46;7858.63;5799.90;307.70;801.75
1146;07|1|1;7To1Ri1Re4Ta;7To;1Ri;1Re;4Ta;4.72;35;42;32;446.44;860.51;6045.06;718.31;4070.70;2564.71;866.29;875.88;8762.79;720.03;5504.40;168.78;2889.82;2615.07;6332.66;11847.52;638.64;338.13
1147;07|1|1;7To1Ri1Re4Ta;7To;1Ri;1Re;4Ta;4.72;35;42;32;433.43;865.35;20350.41;666.70;13533.23;1794.87;923.48;968.13;10026.01;873.24;6335.98;178.71;2808.48;2562.44;7633.91;13586.15;811.15;348.67
1148;07|1|1;7To1Ri1Re4Ta;7To;1Ri;1Re;4Ta;4.72;34;42;32;1262.08;2830.30;2640.99;2489.58;1421.73;19512.37;1677.19;1491.63;23007.89;712.69;9569.22;554.62;4888.76;3157.39;8593.63;12168.12;458.38;950.22
1149;07|1|1;7To1Ri1Re4Ta;7To;1Ri;1Re;4Ta;4.72;35;42;32;2655.09;6204.60;13342.37;4112.02;10676.37;30438.11;1302.14;1204.13;13025.16;577.10;2577.69;390.81;3382.46;1951.54;2931.07;6298.73;883.67;832.40
1150;07|1|1;7To1Ri1Re4Ta;7To;1Ri;1Re;4Ta;4.72;35;43;32;5647.65;7470.68;2954.29;4532.69;2259.26;27921.34;1435.19;1270.11;21050.98;850.24;7386.07;404.34;4538.85;2934.08;8218.02;13068.26;1603.29;596.76
1151;07|1|1;7To1Ri1Re4Ta;7To;1Ri;1Re;4Ta;4.72;35;42;32;1740.24;2937.75;16503.29;1809.98;12546.67;12806.62;1039.07;982.08;15814.72;711.71;3209.97;246.85;3958.73;2944.45;4396.19;14670.13;1743.41;440.63
1152;07|1|1;7To1Ri1Re4Ta;7To;1Ri;1Re;4Ta;4.72;35;42;32;2671.35;4162.21;8481.34;2905.94;7033.38;19993.87;1328.63;1121.00;22685.53;730.31;4405.74;378.17;5351.47;3289.78;6150.94;14202.68;1858.88;612.09
1153;07|1|1;7To1Ri1Re4Ta;7To;1Ri;1Re;4Ta;4.72;35;42;32;2289.96;7002.19;9313.62;5149.49;6878.39;33804.38;1334.65;1273.86;3236.07;494.38;2681.89;296.49;1166.36;566.24;3480.28;1009.99;802.70;865.93
1154;07|1|1;7To1Ri1Re4Ta;7To;1Ri;1Re;4Ta;4.72;35;43;32;5363.84;10205.16;17878.57;6642.03;14206.84;42667.36;2076.93;1822.56;4063.03;799.82;944.88;406.15;1333.65;628.45;553.28;1012.24;1313.89;932.02
1155;12|1|1;12To1Ri1Re4Ta;12To;1Ri;1Re;4Ta;4.86;34;40;32;2708.76;3979.27;8386.20;3383.39;10102.61;23424.29;2332.18;2045.69;27335.18;1049.95;9292.02;735.13;7671.92;4770.78;9266.97;16141.96;1677.93;875.51
1156;12|1|1;12To1Ri1Re4Ta;12To;1Ri;1Re;4Ta;4.86;34;41;32;12896.48;8362.17;13598.01;5004.11;13797.01;38069.49;11388.79;15633.90;10786.91;8858.23;7477.12;501.82;5163.47;3251.50;8841.06;8758.13;1039.29;546.95
1157;12|1|1;12To1Ri1Re4Ta;12To;1Ri;1Re;4Ta;4.86;34;41;32;3651.25;4626.83;14168.88;3155.42;13369.30;27892.44;8119.89;7300.43;6559.85;2833.64;2934.80;402.09;4090.72;2608.69;2223.65;4379.63;424.59;494.27
1158;12|1|1;12To1Ri1Re4Ta;12To;1Ri;1Re;4Ta;4.86;34;41;32;2948.65;2688.98;5375.20;2256.45;8919.33;22273.77;3501.88;5370.06;25427.25;445.92;5060.28;288.37;10039.95;6306.01;11721.83;35904.65;471.76;677.22
1159;12|1|1;12To1Ri1Re4Ta;12To;1Ri;1Re;4Ta;4.86;34;41;32;6989.42;6053.59;7501.06;3512.42;7155.58;35938.35;4016.00;3707.88;13489.90;4693.68;3075.42;409.31;5328.45;3287.39;2307.21;9710.96;365.44;552.70
1160;12|1|1;12To1Ri1Re4Ta;12To;1Ri;1Re;4Ta;4.86;34;42;32;3652.88;6021.65;3825.97;3228.54;3715.27;26643.92;1936.06;1796.28;2117.51;1091.55;7182.73;260.84;820.29;544.71;6822.66;897.90;1104.77;436.80
1161;12|1|1;12To1Ri1Re4Ta;12To;1Ri;1Re;4Ta;4.86;34;42;32;2082.60;3079.07;10842.66;1885.68;7191.35;20586.76;1277.46;1033.57;4043.67;1025.96;1322.23;210.75;3019.50;1722.65;1315.86;2920.13;309.81;409.97
1162;12|1|1;12To1Ri1Re4Ta;12To;1Ri;1Re;4Ta;4.86;35;42;32;4135.92;4702.33;5812.48;3555.44;5652.63;24570.58;2192.51;1884.78;22187.76;893.31;2201.35;629.08;5788.85;3639.89;2671.46;15760.83;428.11;1290.27
1163;12|1|1;12To1Ri1Re4Ta;12To;1Ri;1Re;4Ta;4.86;34;42;32;1467.01;2934.84;5844.20;2128.27;5403.75;17695.64;2175.06;1832.75;18843.48;807.16;7250.51;667.44;4451.37;2787.34;9282.38;9465.46;2877.75;974.17
1164;12|1|1;12To1Ri1Re4Ta;12To;1Ri;1Re;4Ta;4.86;34;42;32;544.03;1141.22;11095.42;1166.51;11929.69;8234.84;1705.49;1367.73;35584.26;622.14;4859.98;668.79;9547.31;6100.25;5337.25;30423.11;1901.13;1128.39
1165;12|1|1;12To1Ri1Re4Ta;12To;1Ri;1Re;4Ta;4.86;35;42;32;4370.12;4416.78;2426.67;2800.99;1589.38;19078.10;783.21;677.96;6731.85;434.66;7667.31;245.49;4302.50;2478.70;9688.82;9452.01;640.05;678.18
1166;12|1|1;12To1Ri1Re4Ta;12To;1Ri;1Re;4Ta;4.86;35;42;32;6303.90;6822.15;2872.60;5201.11;2210.09;33458.23;1524.28;1373.09;13643.67;656.40;7820.07;479.71;4680.81;2623.05;9147.71;7171.96;1108.99;1379.35
1167;12|1|1;12To1Ri1Re4Ta;12To;1Ri;1Re;4Ta;4.86;35;42;32;5867.21;6737.94;8667.79;4341.71;7143.66;29201.58;1123.95;943.46;7210.25;634.86;5890.85;381.33;4083.04;2242.63;8109.31;7072.20;1822.97;892.75
1168;12|1|1;12To1Ri1Re4Ta;12To;1Ri;1Re;4Ta;4.86;35;42;32;644.05;899.23;10230.47;625.41;7954.37;4090.98;743.48;675.82;13016.05;511.51;2759.79;154.79;6184.80;3925.40;3182.55;16898.61;1178.00;371.66
1169;12|1|1;12To1Ri1Re4Ta;12To;1Ri;1Re;4Ta;4.86;35;42;32;3546.35;4978.20;12586.98;3445.32;10466.98;27533.60;921.67;767.54;3691.70;414.11;1540.75;232.86;1899.95;1028.80;2330.74;1626.53;1487.81;659.02
1170;12|1|1;12To1Ri1Re4Ta;12To;1Ri;1Re;4Ta;4.86;35;43;32;596.89;842.12;11309.74;701.97;9797.10;2554.84;1477.33;1301.75;12399.82;659.34;4942.93;183.22;5956.90;4435.02;6391.07;22466.47;2220.80;365.91
1171;12|1|1;12To1Ri1Re4Ta;12To;1Ri;1Re;4Ta;4.86;35;43;32;721.30;1310.61;13322.19;1146.72;10130.18;9042.04;2920.94;2203.38;38753.13;562.91;2824.53;992.81;8208.29;5336.22;3107.92;28119.52;1258.27;1142.76
1172;12|1|1;12To1Ri1Re4Ta;12To;1Ri;1Re;4Ta;4.86;35;43;32;7116.28;7631.36;19076.05;5020.45;17654.60;36237.26;1237.73;1002.46;6920.93;632.91;3648.02;394.87;3468.40;1709.89;5093.06;3550.11;3040.40;1069.00
1173;12|1|1;12To1Ri1Re4Ta;12To;1Ri;1Re;4Ta;4.86;35;43;32;2667.28;3346.22;12635.03;2677.12;10158.49;18755.93;2036.59;1431.55;29180.46;442.01;3057.21;685.49;7258.32;4442.99;4305.33;22421.63;1651.17;1104.44
1174;12|1|1;12To1Ri1Re4Ta;12To;1Ri;1Re;4Ta;4.86;35;43;32;2356.64;4149.63;15648.91;3359.30;13937.10;24852.57;2185.89;1863.86;22374.57;349.00;1034.92;856.52;6334.44;3786.63;584.10;13648.92;847.76;1882.24
1175;12|1|1;12To1Ri1Re4Ta;12To;1Ri;1Re;4Ta;4.86;35;43;32;524.51;1030.87;8168.04;736.38;6149.64;4033.88;2785.49;1838.12;39822.70;663.74;7629.88;973.40;7812.34;5220.58;9081.19;31262.71;2273.61;815.16
1176;12|1|1;12To1Ri1Re4Ta;12To;1Ri;1Re;4Ta;4.86;35;43;33;780.67;1579.70;13221.28;1217.26;9786.67;9247.19;2208.77;1638.05;32034.94;415.57;936.79;702.19;7571.40;4801.08;536.24;24377.72;409.80;999.07
1177;12|1|1;12To1Ri1Re4Ta;12To;1Ri;1Re;4Ta;4.86;35;43;32;3935.87;4624.89;15981.44;3262.09;12168.88;24366.14;1638.06;1324.28;19520.08;639.76;3330.36;461.66;5008.46;3103.96;3972.72;13571.58;2144.05;1066.13
1178;12|1|1;12To1Ri1Re4Ta;12To;1Ri;1Re;4Ta;4.86;35;42;33;859.55;1647.46;5428.06;1095.97;5436.54;6984.21;945.75;818.49;4801.14;780.24;12632.50;171.94;3768.43;2924.51;13967.38;10115.63;3216.43;401.35
1179;12|1|1;12To1Ri1Re4Ta;12To;1Ri;1Re;4Ta;4.86;35;43;33;886.38;1867.19;9432.79;1368.67;7560.94;14103.08;1149.23;912.89;6261.42;430.75;2204.39;213.91;4789.00;2907.76;2450.80;8134.87;534.43;473.19
1180;12|1|1;12To1Ri1Re4Ta;12To;1Ri;1Re;4Ta;4.86;36;43;33;3077.13;4960.77;15467.27;3476.29;13511.62;25266.40;1759.07;1455.69;17924.26;490.47;1225.11;557.78;5613.13;3279.41;1334.51;11899.09;1952.53;1288.35
1181;12|1|1;12To1Ri1Re4Ta;12To;1Ri;1Re;4Ta;4.86;36;43;33;1492.21;2994.85;6544.81;2722.71;6516.99;16911.00;2914.32;2441.52;28305.66;382.78;2159.88;882.25;7114.83;4288.28;3180.12;17842.47;1131.53;1653.31
1182;12|1|1;12To1Ri1Re4Ta;12To;1Ri;1Re;4Ta;4.86;35;43;33;6800.76;7321.62;8834.05;5372.30;8646.60;35571.05;940.34;884.46;4691.79;1068.55;7427.55;218.42;2048.04;1106.16;8343.76;2463.89;4387.39;990.45
1183;12|1|1;12To1Ri1Re4Ta;12To;1Ri;1Re;4Ta;4.86;35;44;33;5046.70;6723.42;17024.19;3431.56;13019.83;28663.68;1222.68;919.33;2232.56;459.63;1248.38;185.47;842.55;511.21;1061.93;953.94;1522.31;459.78
1184;12|1|1;12To1Ri1Re4Ta;12To;1Ri;1Re;4Ta;4.86;35;43;33;3406.48;3238.78;4700.54;2487.00;5174.25;25831.79;1149.84;889.83;19810.54;577.10;7627.86;472.49;8044.85;4614.46;17541.77;20622.47;3850.85;1203.10
1185;12|1|1;12To1Ri1Re4Ta;12To;1Ri;1Re;4Ta;4.86;36;43;33;4437.61;5504.76;9058.94;3952.01;8322.47;26205.43;2877.00;2299.39;24940.87;660.81;7047.17;878.64;6644.44;3959.70;10706.95;16446.86;3088.99;1637.98
1186;12|1|1;12To1Ri1Re4Ta;12To;1Ri;1Re;4Ta;4.86;36;43;33;7065.05;5007.23;10603.36;3688.78;9826.91;22137.00;1727.76;1376.31;28649.66;475.78;3340.47;580.34;6870.04;4159.87;6078.74;24317.19;2016.61;1132.22
1187;12|1|1;12To1Ri1Re4Ta;12To;1Ri;1Re;4Ta;4.86;35;43;33;2420.07;3222.32;1770.27;1644.81;1175.09;14031.87;1334.65;1068.43;6693.12;651.51;6212.55;177.35;4380.01;2872.67;8334.84;10353.27;347.84;370.70
1188;12|1|1;12To1Ri1Re4Ta;12To;1Ri;1Re;4Ta;4.86;36;43;33;760.34;1309.64;19878.53;923.91;19014.48;5517.15;960.80;864.08;12177.70;404.81;1011.65;213.45;5987.60;4152.70;762.58;17397.44;1201.23;452.12
1189;12|1|1;12To1Ri1Re4Ta;12To;1Ri;1Re;4Ta;4.86;36;43;33;18258.69;14273.47;20149.55;8374.59;18863.22;4294967300.00;1707.90;1343.05;14963.84;403.34;4557.49;546.95;5938.48;3075.24;8686.11;9130.29;2501.05;1020.15
1190;12|1|1;12To1Ri1Re4Ta;12To;1Ri;1Re;4Ta;4.86;36;43;33;3989.54;4612.31;45049.61;3335.21;32935.93;21778.87;1331.04;1170.88;28424.12;730.31;2980.33;417.43;8609.61;5230.95;4766.94;28426.66;2725.66;828.57
1191;12|1|1;12To1Ri1Re4Ta;12To;1Ri;1Re;4Ta;4.86;35;43;33;5398.81;4257.07;4854.31;2257.31;5359.05;22001.64;2327.97;2295.10;7451.74;614.79;6551.46;282.95;3598.08;2354.28;11567.69;7034.08;1312.49;385.07
1192;12|1|1;12To1Ri1Re4Ta;12To;1Ri;1Re;4Ta;4.86;36;43;33;4539.26;5330.53;15967.02;3496.08;13408.05;23285.41;1272.04;1125.29;10236.74;576.13;1324.25;290.17;5136.61;3223.58;1294.76;13220.71;1517.39;582.39
1193;12|1|1;12To1Ri1Re4Ta;12To;1Ri;1Re;4Ta;4.86;36;43;33;2095.61;2922.26;13307.78;2096.44;11054.90;17078.79;1188.97;1017.48;16796.59;567.80;4910.56;386.74;6622.96;3938.96;7733.70;20135.97;855.51;864.01
1194;12|1|1;12To1Ri1Re4Ta;12To;1Ri;1Re;4Ta;4.86;36;44;33;4335.15;4242.55;10211.25;2926.59;8087.75;21996.01;2045.02;1683.64;16745.33;733.74;1343.47;512.65;4857.30;2996.29;2707.16;12748.78;774.54;980.87
1195;12|1|1;12To1Ri1Re4Ta;12To;1Ri;1Re;4Ta;4.86;36;43;33;7685.52;9452.09;6311.27;4873.35;6857.52;36823.09;1917.40;1547.41;3162.03;600.11;8227.77;252.26;1630.61;769.61;12803.23;1100.79;3657.22;747.15
1196;12|1|1;12To1Ri1Re4Ta;12To;1Ri;1Re;4Ta;4.86;36;44;33;3592.70;6044.88;17547.00;3613.07;13746.34;23440.50;2477.26;1786.09;22462.28;508.09;1730.94;627.28;5127.40;3142.24;3032.47;16180.07;2026.47;929.15
1197;12|1|1;12To1Ri1Re4Ta;12To;1Ri;1Re;4Ta;4.86;36;43;33;1171.00;1628.10;15984.32;1307.59;14500.42;12487.97;1574.25;1292.10;19865.22;605.01;4735.54;364.18;7319.71;4360.05;7658.25;19282.91;3104.48;902.33
1198;12|1|1;12To1Ri1Re4Ta;12To;1Ri;1Re;4Ta;4.86;36;44;33;1654.85;3833.10;12629.27;3328.33;13383.46;24129.27;1154.05;1050.73;21350.55;762.13;8627.37;344.32;6455.68;4065.77;10655.03;14642.10;2997.45;944.47
1199;12|1|1;12To1Ri1Re4Ta;12To;1Ri;1Re;4Ta;4.86;36;44;33;3214.56;2951.30;4886.02;2191.93;4163.10;17282.53;987.90;882.85;16205.42;516.90;4226.68;290.62;5438.94;3370.33;5273.97;14150.00;996.33;752.90
1200;12|1|1;12To1Ri1Re4Ta;12To;1Ri;1Re;4Ta;4.86;36;44;33;3869.19;4343.22;7286.74;3240.58;6418.64;21286.09;1833.11;1458.37;22447.47;630.95;4980.36;487.83;6692.02;4139.14;6769.92;16895.25;1204.75;807.50
1201;12|1|1;12To1Ri1Re4Ta;12To;1Ri;1Re;4Ta;4.86;36;43;33;629.41;740.49;8801.37;622.83;8062.41;3469.90;896.39;809.91;17670.25;599.13;5717.86;180.51;5741.28;4029.88;8596.87;22497.85;1978.59;377.41
1202;12|1|1;12To1Ri1Re4Ta;12To;1Ri;1Re;4Ta;4.86;36;43;33;3334.92;3047.12;5828.82;2202.25;5633.26;16734.05;980.07;909.67;13868.06;506.13;3504.36;277.54;4707.66;2998.68;4186.08;12490.96;969.58;710.75
1203;12|1|1;12To1Ri1Re4Ta;12To;1Ri;1Re;4Ta;4.86;36;44;33;529.39;682.41;9365.51;543.68;8911.87;1701.82;944.55;816.34;7985.95;541.86;2939.86;149.82;3333.35;2690.84;4340.22;12258.92;1580.05;340.05
1204;12|1|1;12To1Ri1Re4Ta;12To;1Ri;1Re;4Ta;4.86;36;43;33;13634.86;9198.48;27635.23;5927.16;18409.43;45103.76;3732.45;3303.46;16219.09;830.17;5642.99;543.34;5242.50;2759.43;7152.03;7067.71;2112.37;979.92
1205;12|1|1;12To1Ri1Re4Ta;12To;1Ri;1Re;4Ta;4.86;36;44;33;13597.45;11528.35;25028.84;6895.81;20093.44;45955.37;6819.55;6779.09;13871.48;5320.23;2737.53;533.41;4656.25;2412.50;4060.33;5649.69;1520.91;824.74
1206;15|1|1;15To1Ri1Re4Ta;15To;1Ri;1Re;4Ta;4.32;35;40;33;603.39;1413.22;3280.09;1444.37;5141.47;12237.71;2061.28;1647.71;10317.61;509.07;2719.32;1043.35;4245.72;2114.23;3212.57;4072.48;2849.59;1254.83
1207;15|1|1;15To1Ri1Re4Ta;15To;1Ri;1Re;4Ta;4.32;35;42;33;670.07;1549.70;3307.00;842.19;4607.20;3066.65;2591.64;1454.08;13959.19;511.02;3015.73;1137.22;3232.83;1886.14;3313.17;6457.90;2807.34;656.15
1208;15|1|1;15To1Ri1Re4Ta;15To;1Ri;1Re;4Ta;4.32;35;42;33;1079.11;2919.35;3312.77;2893.04;1505.18;6240.46;1459.27;1351.10;7918.75;463.05;5339.50;635.40;2631.23;1545.60;4977.05;5284.25;1144.20;953.10
1209;15|1|1;15To1Ri1Re4Ta;15To;1Ri;1Re;4Ta;4.32;35;42;33;825.39;1700.70;2589.09;1034.03;1339.02;7476.29;2824.02;2218.40;8954.16;494.38;3977.82;884.50;1900.71;976.17;3666.06;2614.10;377.41;781.63
1210;15|1|1;15To1Ri1Re4Ta;15To;1Ri;1Re;4Ta;4.32;35;42;33;605.02;1244.79;8048.86;1103.71;5585.57;4935.55;1736.79;1470.17;7490.46;533.05;1075.39;563.19;3478.38;2135.76;834.78;6169.81;1063.93;668.60
1211;15|1|1;15To1Ri1Re4Ta;15To;1Ri;1Re;4Ta;4.32;35;42;33;569.24;1214.78;2522.78;720.03;1201.91;1914.01;1895.12;1688.47;3912.67;874.22;731.42;259.94;1894.58;1500.14;395.08;5343.66;252.08;349.63
1212;15|1|1;15To1Ri1Re4Ta;15To;1Ri;1Re;4Ta;4.32;36;42;33;1766.26;2752.87;11128.09;1971.71;7556.46;19322.03;3295.99;2326.21;7106.60;1270.22;690.96;379.07;4257.23;2496.24;311.52;6626.05;294.32;757.69
1213;15|1|1;15To1Ri1Re4Ta;15To;1Ri;1Re;4Ta;4.32;36;43;33;3774.04;5802.89;16018.92;3785.99;11244.91;30086.33;2923.95;2190.51;2168.77;1274.62;1498.26;451.28;1553.87;920.34;1809.10;1418.03;705.53;406.14
1214;15|1|1;15To1Ri1Re4Ta;15To;1Ri;1Re;4Ta;4.32;35;43;33;2120.00;5799.99;9531.78;3820.40;8217.40;16342.79;3337.53;2766.02;2356.72;1136.10;3281.80;432.77;938.46;568.63;4180.40;1281.27;2215.88;590.06
1215;15|1|1;15To1Ri1Re4Ta;15To;1Ri;1Re;4Ta;4.32;36;43;33;878.25;1155.74;3088.84;751.00;2838.98;8190.43;2094.39;1765.17;4869.48;1412.17;1467.91;287.91;4046.98;2600.72;1870.75;6328.99;333.75;402.31
1216;15|1|1;15To1Ri1Re4Ta;15To;1Ri;1Re;4Ta;4.32;36;43;33;1135.22;3018.09;14045.87;1783.31;10665.19;10173.53;2364.09;1911.60;1398.77;1223.72;674.77;327.18;334.56;288.70;305.03;614.29;312.63;354.42
1217;15|1|1;15To1Ri1Re4Ta;15To;1Ri;1Re;4Ta;4.32;36;43;33;6068.88;6346.88;10226.62;5164.98;8411.88;34046.19;2161.21;1801.64;3255.44;1133.16;3311.14;360.12;2042.67;1050.34;3906.19;1944.88;1079.42;665.73
1218;15|1|1;15To1Ri1Re4Ta;15To;1Ri;1Re;4Ta;4.32;36;43;33;904.27;1695.86;9348.21;1560.50;9427.51;11674.43;2723.48;2189.43;12074.04;803.25;1259.51;728.81;5125.10;3013.04;1872.38;7762.71;1026.61;1116.89
1219;15|1|1;15To1Ri1Re4Ta;15To;1Ri;1Re;4Ta;4.32;36;43;33;750.58;1563.25;2134.51;818.10;1655.70;5056.10;2217.20;1742.64;1983.10;1003.94;1345.50;299.20;472.68;425.08;947.55;720.78;274.61;343.88
1220;15|1|1;15To1Ri1Re4Ta;15To;1Ri;1Re;4Ta;4.32;36;43;33;4961.31;8098.88;7713.45;5586.50;7180.17;28175.13;2942.62;2431.87;1553.68;1164.00;1921.13;407.95;323.05;279.93;2872.65;604.20;651.31;402.31
1221;15|1|1;15To1Ri1Re4Ta;15To;1Ri;1Re;4Ta;4.32;36;44;33;2966.54;6272.35;14224.63;4454.40;13407.30;20834.20;2677.73;2376.09;5116.66;998.06;892.28;442.25;2810.02;1689.95;809.63;4914.33;583.01;539.29
1222;15|1|1;15To1Ri1Re4Ta;15To;1Ri;1Re;4Ta;4.32;36;43;33;1606.06;3810.84;4582.33;2655.61;3097.55;16699.51;2453.78;2240.39;10846.14;755.77;1089.55;484.67;6020.59;3484.37;773.94;12377.74;273.90;923.40
1223;15|1|1;15To1Ri1Re4Ta;15To;1Ri;1Re;4Ta;4.32;36;43;33;3565.87;10682.36;8255.49;8851.17;6352.32;34486.09;3328.50;2556.84;1525.20;966.25;3962.64;532.96;571.67;327.78;4408.36;665.86;1211.80;708.83
1224;15|1|1;15To1Ri1Re4Ta;15To;1Ri;1Re;4Ta;4.32;36;43;33;3263.36;2164.35;16492.72;1548.46;14314.14;14217.28;2285.82;2115.42;7017.75;975.06;1285.81;314.99;4660.85;2896.60;1540.57;7881.54;591.46;409.02
1225;15|1|1;15To1Ri1Re4Ta;15To;1Ri;1Re;4Ta;4.32;36;43;33;587.94;1021.19;8269.91;778.53;7230.09;8590.15;2209.37;1989.91;14141.44;953.52;744.58;500.92;6352.08;3958.90;376.42;13442.66;276.72;698.30
1226;15|1|1;15To1Ri1Re4Ta;15To;1Ri;1Re;4Ta;4.32;36;43;33;3603.27;12607.62;11179.99;8143.18;8785.95;38159.03;2994.39;2295.10;3425.16;1346.09;3494.25;520.77;1368.18;755.25;5062.23;1961.70;462.61;1083.37
1227;15|1|1;15To1Ri1Re4Ta;15To;1Ri;1Re;4Ta;4.32;36;44;33;1010.80;2116.92;7085.88;1997.51;5967.83;12117.15;1689.23;1432.63;7346.94;1016.66;2269.14;470.23;4396.89;2447.59;2234.20;7289.66;791.43;811.33
1228;15|1|1;15To1Ri1Re4Ta;15To;1Ri;1Re;4Ta;4.32;36;44;33;1282.41;3019.05;4283.44;1353.18;4052.82;9876.74;1855.99;1486.80;1770.10;1273.64;3729.96;247.30;393.65;332.57;5380.24;659.13;1057.59;340.05
1229;15|1|1;15To1Ri1Re4Ta;15To;1Ri;1Re;4Ta;4.32;37;44;33;1809.36;2972.59;10317.92;1494.26;9676.39;14124.23;1991.44;1765.71;3067.49;988.27;2136.61;300.55;1244.63;803.90;2780.98;1855.20;1558.93;397.52
1230;15|1|1;15To1Ri1Re4Ta;15To;1Ri;1Re;4Ta;4.32;36;44;33;3118.61;2799.33;15447.09;1335.12;13573.47;14791.84;3111.78;2892.60;2849.93;1037.71;3749.18;325.82;2153.94;1550.38;4709.34;3455.95;4043.78;377.41
1231;15|1|1;15To1Ri1Re4Ta;15To;1Ri;1Re;4Ta;4.32;36;44;33;3668.33;4103.16;12237.16;2821.64;9125.73;23024.57;2280.41;2382.52;13123.12;1132.18;669.71;461.21;8044.08;4811.45;516.77;20277.21;330.23;606.34
1232;15|1|1;15To1Ri1Re4Ta;15To;1Ri;1Re;4Ta;4.32;37;44;33;6967.46;13714.96;7432.83;7084.21;5529.68;46018.12;1982.41;1786.09;3328.34;1034.77;3422.42;489.64;1649.79;665.93;4568.18;999.90;671.03;1187.78
1233;15|1|1;15To1Ri1Re4Ta;15To;1Ri;1Re;4Ta;4.32;36;44;33;2287.52;2633.81;11063.70;1987.19;7604.15;13297.99;2807.77;2898.50;11718.66;944.22;789.09;436.39;6510.92;3916.63;396.70;15443.59;294.32;743.32
1234;15|1|1;15To1Ri1Re4Ta;15To;1Ri;1Re;4Ta;4.32;36;44;33;2116.75;4521.32;19691.13;1994.93;16188.17;17532.79;2093.18;1717.97;6695.40;849.75;851.81;347.03;3822.91;2504.22;443.76;8443.14;392.20;691.59
1235;15|1|1;15To1Ri1Re4Ta;15To;1Ri;1Re;4Ta;4.32;36;44;33;6502.32;5940.34;9990.20;4211.81;9920.05;26545.22;3075.06;2397.54;1462.55;1308.40;3114.88;350.19;761.97;476.12;4306.14;772.35;763.27;446.37
1236;15|1|1;15To1Ri1Re4Ta;15To;1Ri;1Re;4Ta;4.32;37;44;33;5182.50;8732.90;20171.65;5615.75;12142.80;32266.82;3035.32;2561.67;1783.77;1231.06;2752.71;390.81;454.27;326.98;4463.53;669.22;1509.64;464.57
1237;15|1|1;15To1Ri1Re4Ta;15To;1Ri;1Re;4Ta;4.32;37;44;34;3518.70;4388.71;18440.79;2881.00;15859.56;18907.50;5172.45;3756.69;9406.36;1089.60;1855.37;378.17;4850.39;2943.65;2219.59;11227.63;993.52;491.39
1238;15|1|1;15To1Ri1Re4Ta;15To;1Ri;1Re;4Ta;4.32;36;43;33;1340.15;1533.24;9001.27;1151.02;9492.34;8646.55;2435.12;2381.99;6614.53;3131.73;5497.32;220.67;5221.02;3466.83;9060.91;13670.22;1389.94;397.52
1239;15|1|1;15To1Ri1Re4Ta;15To;1Ri;1Re;4Ta;4.32;36;44;33;2333.06;2744.15;4971.56;1970.85;5412.70;14528.18;1193.78;924.69;2681.35;627.03;1658.10;199.46;1823.98;1154.01;2244.74;1761.04;724.54;495.23
1240;15|1|1;15To1Ri1Re4Ta;15To;1Ri;1Re;4Ta;4.32;36;44;34;5916.82;7150.29;10462.08;4428.60;9145.85;30536.81;2209.97;1706.71;1386.24;883.52;2494.73;307.32;904.70;534.34;3343.99;736.48;980.14;413.81
1241;15|1|1;15To1Ri1Re4Ta;15To;1Ri;1Re;4Ta;4.32;36;44;33;3592.70;7771.72;5490.53;6102.65;5789.74;35957.38;3550.64;3040.10;1831.61;3278.09;4174.08;379.52;441.22;315.02;6114.43;684.91;1129.41;466.49
1242;15|1|1;15To1Ri1Re4Ta;15To;1Ri;1Re;4Ta;4.32;36;44;33;1064.47;1463.55;8683.16;1060.70;5043.85;10656.44;3165.36;2598.14;10666.17;676.47;1943.38;444.06;5266.29;3310.51;1636.30;11349.81;908.32;479.90
1243;15|1|1;15To1Ri1Re4Ta;15To;1Ri;1Re;4Ta;4.32;36;44;33;6170.53;5606.40;2099.91;4055.25;1125.16;28366.18;1888.50;1773.22;2792.98;1409.72;2498.78;294.68;1565.38;886.84;3109.54;1828.30;371.07;567.07
1244;15|1|1;15To1Ri1Re4Ta;15To;1Ri;1Re;4Ta;4.32;37;44;33;3465.03;4201.90;6832.16;3060.79;5102.72;20717.88;3121.41;2127.75;2960.42;756.75;740.53;381.33;2445.53;1307.14;369.93;2607.37;259.82;732.78
1245;15|1|1;15To1Ri1Re4Ta;15To;1Ri;1Re;4Ta;4.32;36;44;33;4055.41;5946.15;9657.68;4014.81;6208.51;24655.18;1894.52;1744.25;3594.88;1158.12;3035.97;301.45;1659.77;1003.28;4463.53;2481.83;1154.06;465.53
1246;15|1|1;15To1Ri1Re4Ta;15To;1Ri;1Re;4Ta;4.32;36;44;34;1127.90;1437.41;16556.15;868.86;13420.72;6494.25;1514.05;1276.54;1967.16;915.83;733.45;231.51;1537.76;1201.07;324.50;2062.58;330.23;352.50
1247;15|1|1;15To1Ri1Re4Ta;15To;1Ri;1Re;4Ta;4.32;37;44;33;2614.43;2942.58;1472.34;1945.04;1252.58;15905.70;1534.52;1379.53;1771.24;1355.88;3376.89;244.59;746.63;497.65;6765.06;819.43;428.11;409.97
1248;15|1|1;15To1Ri1Re4Ta;15To;1Ri;1Re;4Ta;4.32;36;44;34;1530.44;3142.95;5776.92;1896.86;3323.32;15137.28;2414.05;2342.83;7846.99;839.96;828.54;495.50;4012.45;2587.96;516.77;8996.90;247.85;549.83
1249;15|1|1;15To1Ri1Re4Ta;15To;1Ri;1Re;4Ta;4.32;36;44;33;1038.45;1537.11;10616.81;970.37;9555.67;10774.17;1795.19;1588.17;13677.84;888.91;2238.79;310.48;6715.04;4207.73;2097.09;16497.30;364.03;461.70
1250;15|1|1;15To1Ri1Re4Ta;15To;1Ri;1Re;4Ta;4.32;36;44;33;3082.01;4359.67;6220.93;3625.98;6420.87;27520.91;1999.87;1627.86;8570.29;878.14;3641.95;411.56;3924.97;2175.64;5513.29;6170.94;462.61;969.38
1251;15|1|1;15To1Ri1Re4Ta;15To;1Ri;1Re;4Ta;4.32;36;44;33;3024.28;6813.44;2398.80;3403.17;2046.90;19205.70;1497.19;1357.00;2273.57;1150.29;1267.60;282.05;737.42;460.97;1573.02;839.61;332.35;581.44
1252;15|1|1;15To1Ri1Re4Ta;15To;1Ri;1Re;4Ta;4.32;37;44;34;3452.02;3332.67;8939.76;2103.33;5362.03;15778.81;2324.35;2171.20;8194.40;730.31;792.12;486.03;4145.20;2548.08;356.95;8800.73;240.11;600.59
1253;15|1|1;15To1Ri1Re4Ta;15To;1Ri;1Re;4Ta;4.32;36;44;33;2265.56;4289.01;6285.32;2494.74;6574.37;17845.80;2379.74;1977.03;1979.69;1175.75;6073.96;321.76;1066.61;697.83;8920.56;1264.45;1466.69;381.24
1254;15|1|1;15To1Ri1Re4Ta;15To;1Ri;1Re;4Ta;4.32;36;44;34;3185.29;3834.07;12045.91;3132.19;9806.79;20195.49;2152.18;1776.43;5691.89;1143.44;774.93;443.61;3054.03;1659.64;394.27;4575.80;409.80;792.17
1255;15|1|1;15To1Ri1Re4Ta;15To;1Ri;1Re;4Ta;4.32;37;44;34;4375.81;5964.54;5026.34;3863.41;4879.92;26048.22;2560.94;2991.83;2704.13;1463.56;2847.80;210.30;1875.39;1173.15;6382.96;2424.66;359.81;390.82
1256;15|1|1;15To1Ri1Re4Ta;15To;1Ri;1Re;4Ta;4.32;36;44;34;2603.85;3187.48;7214.67;1906.33;5727.89;16320.23;1139.00;970.28;2007.03;631.44;1474.99;206.23;1081.19;643.60;2070.32;1270.06;554.85;453.08
1257;15|1|1;15To1Ri1Re4Ta;15To;1Ri;1Re;4Ta;4.32;37;44;34;613.96;1314.48;4114.29;670.14;2300.25;9850.65;1678.40;1455.15;1242.72;814.99;645.43;220.22;799.57;504.03;391.84;798.13;274.61;347.71
1258;18|1|1;18To1Ri1Re4Ta;18To;1Ri;1Re;4Ta;4.6;35;41;33;518.82;1388.05;3077.31;713.15;1239.17;2252.40;8355.27;6329.62;1588.99;2676.51;710.18;409.76;236.34;229.69;329.37;608.69;278.13;374.53
1259;18|1|1;18To1Ri1Re4Ta;18To;1Ri;1Re;4Ta;4.6;36;42;33;524.51;1089.92;2118.17;675.30;1231.72;2795.24;6516.74;4184.17;1430.66;4542.92;2318.71;438.19;281.62;252.81;2655.24;631.11;344.32;403.27
1260;18|1|1;18To1Ri1Re4Ta;18To;1Ri;1Re;4Ta;4.6;36;42;33;1248.26;3037.44;2812.06;1384.15;1894.89;9352.23;4664.96;6407.93;2583.39;5366.73;1027.84;544.24;1441.84;955.43;893.19;1944.88;377.41;467.45
1261;18|1|1;18To1Ri1Re4Ta;18To;1Ri;1Re;4Ta;4.6;36;43;33;651.37;1447.09;3720.26;740.68;2619.91;3162.53;7431.79;5720.31;1492.17;3845.40;2132.56;565.90;231.74;225.70;2910.78;610.93;392.20;407.10
1262;18|1|1;18To1Ri1Re4Ta;18To;1Ri;1Re;4Ta;4.6;36;43;33;1899.63;4058.64;5766.35;2290.00;3038.68;20313.22;9644.17;10943.41;1694.92;7931.15;745.59;1098.41;335.33;280.73;352.08;589.63;420.36;498.10
1263;18|1|1;18To1Ri1Re4Ta;18To;1Ri;1Re;4Ta;4.6;36;43;33;1761.38;2489.58;2456.47;2075.80;1377.76;9505.21;7200.62;11584.90;5269.29;4905.14;2692.01;755.44;1000.62;788.75;2604.94;2034.56;386.56;716.50
1264;18|1|1;18To1Ri1Re4Ta;18To;1Ri;1Re;4Ta;4.6;36;43;33;2076.09;2798.36;2098.95;1765.24;821.89;12177.78;6725.63;10697.22;3837.50;4328.04;758.74;565.90;1189.39;938.68;398.33;3384.21;247.85;590.06
1265;18|1|1;18To1Ri1Re4Ta;18To;1Ri;1Re;4Ta;4.6;36;43;33;454.58;1079.27;2202.75;592.72;935.15;1601.71;3537.40;3623.67;1871.48;3634.93;793.14;370.50;264.73;252.02;405.63;615.41;290.10;375.49
1266;18|1|1;18To1Ri1Re4Ta;18To;1Ri;1Re;4Ta;4.6;36;43;33;2104.55;2322.13;2505.48;1251.67;1752.57;9880.26;5735.33;7799.25;2085.62;4430.34;2871.07;506.78;367.56;319.01;3114.41;681.55;400.65;456.91
1267;18|1|1;18To1Ri1Re4Ta;18To;1Ri;1Re;4Ta;4.6;36;43;33;434.25;1003.77;4963.87;607.34;3143.00;1333.82;2545.29;3506.74;3630.19;2781.75;759.75;236.02;221.00;217.72;421.85;665.86;251.37;368.79
1268;18|1|1;18To1Ri1Re4Ta;18To;1Ri;1Re;4Ta;4.6;36;44;33;3124.30;3750.83;4442.01;2593.67;2510.38;21236.74;4664.36;6029.79;3433.13;3751.42;1352.58;351.54;3215.18;1894.91;1422.13;4745.06;315.45;493.31
1269;18|1|1;18To1Ri1Re4Ta;18To;1Ri;1Re;4Ta;4.6;36;43;33;1123.02;1970.76;8772.54;1175.97;6043.08;10187.63;5263.36;7155.62;3741.81;2953.56;838.66;361.92;2605.90;1875.77;928.89;6176.54;389.38;457.87
1270;18|1|1;18To1Ri1Re4Ta;18To;1Ri;1Re;4Ta;4.6;36;44;33;2387.54;2636.71;5021.53;1438.35;4245.81;10748.09;3058.20;3832.31;2819.18;1866.90;1234.22;296.49;283.92;252.81;1213.64;629.98;356.99;387.94
1271;18|1|1;18To1Ri1Re4Ta;18To;1Ri;1Re;4Ta;4.6;36;43;33;1754.88;3072.29;3327.18;1367.81;2045.41;12280.71;3961.21;4663.67;2636.93;4653.06;2876.13;330.33;437.39;357.29;3531.39;656.89;390.08;397.52
1272;18|1|1;18To1Ri1Re4Ta;18To;1Ri;1Re;4Ta;4.6;36;44;33;478.16;1111.21;3950.91;603.90;2112.47;1413.48;4026.23;4138.58;1987.66;4749.00;685.90;358.77;218.69;216.93;382.10;552.64;307.70;366.87
1273;18|1|1;18To1Ri1Re4Ta;18To;1Ri;1Re;4Ta;4.6;36;44;33;2986.87;3852.46;1050.44;2018.16;634.11;16019.21;4709.51;5983.13;2990.03;4494.46;994.45;382.23;1217.01;921.14;846.95;1571.60;374.59;461.70
1274;18|1|1;18To1Ri1Re4Ta;18To;1Ri;1Re;4Ta;4.6;36;44;33;510.69;743.39;3094.61;600.46;2107.26;4267.23;4892.52;6381.11;4553.96;5277.15;1085.50;389.45;3005.69;2024.11;1055.44;7090.13;355.58;436.80
1275;18|1|1;18To1Ri1Re4Ta;18To;1Ri;1Re;4Ta;4.6;36;44;33;2823.42;2428.60;5532.81;1404.80;3566.24;10520.38;3553.05;4339.18;3270.24;6427.45;1989.92;314.09;699.05;697.03;2820.73;1544.70;379.52;412.85
1276;18|1|1;18To1Ri1Re4Ta;18To;1Ri;1Re;4Ta;4.6;36;44;33;503.37;1222.53;3264.72;622.83;1777.16;1653.17;4510.85;4467.37;1853.25;6373.60;1869.53;365.53;224.83;221.71;2291.80;545.91;332.35;373.57
1277;18|1|1;18To1Ri1Re4Ta;18To;1Ri;1Re;4Ta;4.6;36;44;33;743.26;1423.86;2343.06;852.51;922.48;4052.92;3585.56;4810.64;3002.56;2765.60;738.51;399.38;1523.18;1240.94;302.60;4819.05;234.47;479.90
1278;18|1|1;18To1Ri1Re4Ta;18To;1Ri;1Re;4Ta;4.6;37;44;33;1976.88;2393.75;6830.24;1494.26;4703.32;11288.81;4795.60;7614.74;3082.30;7944.36;1328.30;399.83;1777.94;1111.75;2029.76;3735.07;504.15;579.52
1279;18|1|1;18To1Ri1Re4Ta;18To;1Ri;1Re;4Ta;4.6;36;43;33;882.32;1880.74;2056.67;1203.50;912.80;6254.56;4754.66;6771.04;3690.56;5273.24;1057.18;412.92;1725.76;1053.53;1203.90;2783.37;373.19;506.72
1280;18|1|1;18To1Ri1Re4Ta;18To;1Ri;1Re;4Ta;4.6;36;44;33;728.62;1362.88;2606.39;970.37;1613.23;8311.69;4769.11;8672.45;6297.87;1313.78;2370.30;397.12;4649.34;2964.39;2725.01;11455.19;382.34;582.39
1281;18|1|1;18To1Ri1Re4Ta;18To;1Ri;1Re;4Ta;4.6;37;44;33;5184.13;4482.60;4056.63;2920.57;3283.09;25186.03;6106.77;11028.69;1980.83;8247.85;773.91;825.39;427.41;330.97;539.48;773.47;477.40;587.18
1282;18|1|1;18To1Ri1Re4Ta;18To;1Ri;1Re;4Ta;4.6;36;44;33;801.00;871.16;11983.44;1015.10;10054.17;5732.88;5562.55;10158.71;5166.78;7454.39;772.90;485.57;4343.17;2954.82;380.48;8930.76;448.53;736.61
1283;18|1|1;18To1Ri1Re4Ta;18To;1Ri;1Re;4Ta;4.6;36;44;34;3991.17;6121.35;4383.39;4262.57;3976.07;32815.30;11949.86;9983.86;1782.63;5873.35;2062.76;1378.20;402.09;323.79;2672.27;705.09;534.43;511.51
1284;18|1|1;18To1Ri1Re4Ta;18To;1Ri;1Re;4Ta;4.6;36;44;34;523.70;1126.70;5908.59;726.06;3718.25;1290.81;5418.67;7073.02;3665.50;1619.22;1026.83;547.85;1650.56;1308.73;1096.82;5212.51;314.04;538.33
1285;18|1|1;18To1Ri1Re4Ta;18To;1Ri;1Re;4Ta;4.6;36;44;34;1595.49;2961.94;2337.29;1609.54;1454.51;15152.08;4658.94;4659.92;3655.25;2505.68;673.76;444.51;1413.45;917.15;468.09;2616.34;371.78;445.42
1286;18|1|1;18To1Ri1Re4Ta;18To;1Ri;1Re;4Ta;4.6;36;44;34;579.00;1179.94;5729.83;591.00;2653.44;1567.17;1111.91;950.43;1535.45;651.02;770.88;187.28;233.27;232.88;356.14;623.26;267.57;318.98
1287;18|1|1;18To1Ri1Re4Ta;18To;1Ri;1Re;4Ta;4.6;36;44;34;782.29;1541.95;8475.57;838.75;6311.34;6155.86;2946.83;2804.64;6794.50;1118.97;1116.86;314.09;2930.49;2014.54;1139.81;8130.39;354.88;410.93
1288;18|1|1;18To1Ri1Re4Ta;18To;1Ri;1Re;4Ta;4.6;36;44;34;451.32;948.60;4884.10;571.21;3856.84;2195.30;1001.14;839.41;1821.36;653.46;3089.59;162.01;288.52;265.57;3564.66;656.89;605.55;337.18
1289;18|1|1;18To1Ri1Re4Ta;18To;1Ri;1Re;4Ta;4.6;37;44;34;483.85;1096.69;3428.10;615.08;1466.44;1936.57;1393.05;1363.43;1856.67;721.50;752.67;194.50;247.09;237.66;343.16;599.72;245.74;332.39
1290;18|1|1;18To1Ri1Re4Ta;18To;1Ri;1Re;4Ta;4.6;37;44;34;448.88;974.73;2127.78;582.39;844.24;2518.18;840.40;839.41;5013.01;640.25;766.83;152.53;3273.49;2405.33;312.33;10521.42;200.68;368.79
1291;18|1|1;18To1Ri1Re4Ta;18To;1Ri;1Re;4Ta;4.6;37;44;34;975.02;1633.91;3493.45;1057.25;1903.09;7854.86;1514.05;1067.90;6791.08;552.63;705.12;217.52;3404.71;2207.54;296.92;8261.54;253.48;415.72
1292;18|1|1;18To1Ri1Re4Ta;18To;1Ri;1Re;4Ta;4.6;37;44;33;477.35;912.78;3542.46;597.88;2408.29;1976.76;1045.09;858.18;11894.07;525.71;830.57;172.39;5298.52;3887.12;653.06;16647.52;275.31;414.76
1293;18|1|1;18To1Ri1Re4Ta;18To;1Ri;1Re;4Ta;4.6;37;44;34;618.84;1567.12;3568.41;796.60;1772.69;5462.17;964.42;844.77;1989.94;703.88;730.41;160.65;532.54;579.80;301.79;2095.09;217.57;334.30
1294;18|1|1;18To1Ri1Re4Ta;18To;1Ri;1Re;4Ta;4.6;37;44;34;413.10;917.62;4649.60;550.56;3663.85;1388.81;1465.89;1190.73;2478.60;598.64;2726.40;188.18;711.33;585.38;3773.15;1416.91;458.38;345.80
1295;18|1|1;18To1Ri1Re4Ta;18To;1Ri;1Re;4Ta;4.6;36;44;34;900.21;1760.71;3661.63;984.99;2561.79;9099.15;1648.30;1215.93;2466.07;573.68;2351.08;201.27;1140.28;672.31;2603.32;1379.91;452.75;426.26
1296;18|1|1;18To1Ri1Re4Ta;18To;1Ri;1Re;4Ta;4.6;37;44;34;359.43;842.12;7775.92;510.99;4023.01;1239.35;941.54;795.43;1698.34;514.94;1596.39;155.24;352.21;323.00;2375.36;766.74;856.21;324.72
1297;18|1|1;18To1Ri1Re4Ta;18To;1Ri;1Re;4Ta;4.6;36;44;34;624.53;1228.34;4094.11;695.95;3432.11;3460.03;1122.75;883.93;2123.21;550.18;1299.97;164.72;392.88;393.98;1478.92;810.46;336.57;348.67
1298;18|1|1;18To1Ri1Re4Ta;18To;1Ri;1Re;4Ta;4.6;37;44;34;618.84;1376.43;2325.76;714.87;974.64;6005.70;1185.96;908.06;6445.94;531.09;721.31;211.65;2430.95;1545.60;317.20;5512.93;229.54;386.03
1299;18|1|1;18To1Ri1Re4Ta;18To;1Ri;1Re;4Ta;4.6;37;44;34;437.50;872.13;2214.28;542.82;871.07;3408.57;1300.94;1058.78;6834.36;837.02;701.07;216.16;2993.41;1958.71;277.45;7340.11;221.80;390.82
1300;18|1|1;18To1Ri1Re4Ta;18To;1Ri;1Re;4Ta;4.6;37;44;34;1774.39;2643.49;2226.77;1316.19;1248.11;13274.73;1022.81;795.43;1866.92;566.34;3370.82;157.95;573.21;377.23;3567.09;708.45;433.04;364.00
1301;18|1|1;18To1Ri1Re4Ta;18To;1Ri;1Re;4Ta;4.6;37;44;34;456.20;1001.83;4538.12;556.59;2560.30;1325.36;889.17;832.44;1526.34;505.15;737.49;160.20;228.67;228.89;321.26;610.93;259.12;315.14
1302;18|1|1;18To1Ri1Re4Ta;18To;1Ri;1Re;4Ta;4.6;37;44;34;448.88;880.84;2300.77;569.49;865.11;3614.42;954.18;788.45;4713.43;581.02;764.81;164.26;2338.87;1579.09;307.47;5582.43;202.79;364.00
1303;18|1|1;18To1Ri1Re4Ta;18To;1Ri;1Re;4Ta;4.6;37;44;34;517.19;1114.12;2630.42;582.39;1008.92;2301.75;2160.01;1617.13;1827.05;749.89;748.62;259.94;489.57;435.45;286.37;1128.82;217.57;338.13
1304;18|1|1;18To1Ri1Re4Ta;18To;1Ri;1Re;4Ta;4.6;37;44;34;946.56;1299.00;4210.40;720.89;2521.55;4390.60;1961.34;1878.88;4004.94;1203.16;787.07;232.41;959.18;641.21;391.84;1707.24;252.08;403.27
1305;18|1|1;18To1Ri1Re4Ta;18To;1Ri;1Re;4Ta;4.6;37;45;34;457.83;892.46;1895.21;562.61;844.99;1380.35;2535.06;2423.29;2229.14;1618.24;3306.08;268.96;285.45;260.79;4529.24;653.53;375.30;364.95
1306;18|1|1;18To1Ri1Re4Ta;18To;1Ri;1Re;4Ta;4.6;37;44;34;790.43;1598.09;7592.36;824.13;5864.25;7104.76;1577.86;1424.04;2895.49;1050.44;902.39;203.98;304.64;271.16;1061.93;673.70;328.12;356.33
1307;18|1|1;18To1Ri1Re4Ta;18To;1Ri;1Re;4Ta;4.6;37;44;34;1561.34;2828.37;2533.35;1270.60;961.23;9909.87;1820.47;1595.68;2889.80;1123.37;862.94;210.30;314.61;274.35;408.06;633.35;261.93;363.04
1308;18|1|1;18To1Ri1Re4Ta;18To;1Ri;1Re;4Ta;4.6;37;44;34;2168.79;2404.40;6116.18;1382.43;4748.78;11496.77;2504.96;2479.07;4736.21;1406.29;670.73;281.60;1799.42;1325.48;419.42;4773.09;334.46;495.23
1309;18|1|1;18To1Ri1Re4Ta;18To;1Ri;1Re;4Ta;4.6;37;44;34;755.46;2178.87;4466.04;960.05;1719.04;2928.48;10324.44;19074.13;1917.04;13402.14;712.20;528.45;227.13;220.12;324.50;570.57;309.11;418.60
1000;01|1|2;1To1Ri2Re4Ta;1To;1Ri;2Re;4Ta;6.28;30;35;27;769.28;761.78;1234.00;671.00;2157.93;5511.51;738.06;1163.91;36480.70;1164.49;7428.56;1389.93;3765.36;2122.21;5800.47;7437.63;1591.32;705.96
1001;01|1|2;1To1Ri2Re4Ta;1To;1Ri;2Re;4Ta;6.28;30;36;28;735.13;1035.71;1258.99;787.99;2168.36;4684.58;1212.44;2265.60;36044.44;1169.38;7574.24;1747.80;3358.67;1745.78;5655.26;6166.45;1591.32;958.84
1002;01|1|2;1To1Ri2Re4Ta;1To;1Ri;2Re;4Ta;6.28;30;37;28;2363.15;2658.01;5942.22;1581.15;5439.52;6870.71;1116.72;1609.09;28764.70;2680.43;3913.07;1073.14;2956.58;1873.38;2716.08;6882.75;2015.20;763.43
1003;01|1|2;1To1Ri2Re4Ta;1To;1Ri;2Re;4Ta;6.28;30;37;28;1979.32;4545.52;2936.03;2545.50;2356.88;6786.11;1822.88;2889.92;24077.47;2111.15;6655.66;1459.88;2173.12;1191.50;4975.43;4467.06;1825.09;1094.86
1004;01|1|2;1To1Ri2Re4Ta;1To;1Ri;2Re;4Ta;6.28;30;37;28;1201.90;2276.63;2744.78;3098.64;2864.32;4305.30;1913.78;4156.28;15085.72;2307.44;8687.06;1525.77;1535.46;753.66;4700.41;1998.69;1639.90;1629.36
1005;01|1|2;1To1Ri2Re4Ta;1To;1Ri;2Re;4Ta;6.28;30;37;28;3034.85;3805.03;8870.57;971.23;4533.43;11735.06;1060.14;1503.96;23228.87;1932.49;6707.25;864.65;2790.07;1630.93;3687.97;5117.22;1384.31;673.39
1006;01|1|2;1To1Ri2Re4Ta;1To;1Ri;2Re;4Ta;6.28;31;38;28;3312.15;4576.49;3070.58;3486.62;1791.32;11308.54;965.62;1487.33;15851.17;2305.48;9574.27;818.62;2510.75;1298.37;5831.30;2422.41;1808.89;972.25
1007;01|1|2;1To1Ri2Re4Ta;1To;1Ri;2Re;4Ta;6.28;31;38;28;1998.02;3496.26;7093.57;1889.98;5154.13;6491.43;2575.99;3761.51;28276.04;4523.83;1959.57;1886.34;2326.59;1261.68;1285.84;4600.46;2291.92;1084.33
1008;01|1|2;1To1Ri2Re4Ta;1To;1Ri;2Re;4Ta;6.28;31;38;28;3102.34;5169.85;9424.14;2637.54;6981.96;10026.19;1075.19;1615.52;15487.81;3340.74;3837.20;854.27;2114.04;1153.22;2428.90;2565.90;1975.07;991.41
1009;01|1|2;1To1Ri2Re4Ta;1To;1Ri;2Re;4Ta;6.28;31;39;28;2220.03;3735.34;2219.08;2022.46;4661.60;7119.57;961.41;1463.73;19859.52;5746.08;1799.73;907.52;2379.54;1473.82;1634.68;5238.29;3698.05;887.00
1010;01|1|2;1To1Ri2Re4Ta;1To;1Ri;2Re;4Ta;6.28;31;38;29;1432.04;1206.07;3527.08;830.15;1790.57;6198.87;618.26;900.02;27740.69;1261.41;12690.16;820.87;3611.13;2203.55;6201.23;7667.43;1154.76;656.15
1011;01|1|2;1To1Ri2Re4Ta;1To;1Ri;2Re;4Ta;6.28;31;39;29;628.60;1049.26;2033.60;921.33;2962.68;2889.70;3510.31;5274.06;30406.09;3510.11;3296.97;2947.74;2612.81;1083.83;3006.51;2996.35;2865.08;1398.51
1012;01|1|2;1To1Ri2Re4Ta;1To;1Ri;2Re;4Ta;6.28;32;39;29;829.46;1372.56;2107.60;3112.41;1772.69;3782.91;1607.36;3844.65;8180.73;3383.33;6218.63;1588.04;916.98;456.18;4323.18;1152.36;2259.53;1717.49
1013;01|1|2;1To1Ri2Re4Ta;1To;1Ri;2Re;4Ta;6.28;32;39;29;1316.56;2106.27;2245.03;3716.30;2453.75;2886.88;1371.37;3256.26;7351.50;5787.20;1208.92;1492.37;792.67;358.88;608.44;856.42;2536.96;1574.76
1014;01|1|2;1To1Ri2Re4Ta;1To;1Ri;2Re;4Ta;6.28;32;39;29;2055.76;4341.28;2221.97;3581.24;2610.23;8118.52;1127.56;2247.90;18367.35;5236.04;2026.34;1075.84;2015.82;1101.38;1375.08;3325.92;2530.62;1323.80
1015;01|1|2;1To1Ri2Re4Ta;1To;1Ri;2Re;4Ta;6.28;32;39;29;5461.43;5711.91;10219.89;1156.18;3966.38;13018.12;1042.68;959.02;4560.80;2259.96;3443.66;333.04;1189.39;642.80;2372.11;905.74;1451.90;708.83
1016;01|1|2;1To1Ri2Re4Ta;1To;1Ri;2Re;4Ta;6.28;33;39;29;774.16;904.07;1439.67;616.80;1632.60;4206.60;623.08;686.01;14436.46;908.98;5169.54;556.42;2705.66;1768.11;2246.37;3497.42;1087.87;682.01
1017;01|1|2;1To1Ri2Re4Ta;1To;1Ri;2Re;4Ta;6.28;33;39;29;1317.38;2080.14;2335.37;1087.36;2404.57;1962.66;1220.87;1719.04;33114.77;2668.19;9147.36;1531.63;2561.40;1981.84;5570.89;10312.92;2182.08;492.35
1018;01|1|2;1To1Ri2Re4Ta;1To;1Ri;2Re;4Ta;6.28;33;39;29;667.63;1312.55;2443.01;1047.79;2125.88;2676.09;2463.42;6494.82;25740.49;9334.02;2141.67;2705.86;2235.28;903.59;2025.70;2070.43;4290.22;2309.46
1019;01|1|2;1To1Ri2Re4Ta;1To;1Ri;2Re;4Ta;6.28;33;39;30;1047.40;1798.46;2930.27;922.19;1643.78;2823.44;1856.59;3673.01;43785.50;2725.95;9893.96;2504.14;3376.32;1965.09;6287.23;8458.83;2410.21;1243.33
1020;01|1|2;1To1Ri2Re4Ta;1To;1Ri;2Re;4Ta;6.28;33;40;30;991.29;1323.20;5762.51;1250.81;4701.09;5422.69;1334.05;2494.09;28086.96;2878.18;4969.23;1656.64;3015.67;1586.27;3032.47;5149.73;1617.37;1117.85
1021;01|1|2;1To1Ri2Re4Ta;1To;1Ri;2Re;4Ta;6.28;33;40;30;810.76;1372.56;2139.32;3396.29;2083.41;2950.33;2094.39;4827.27;8602.19;977.99;8790.24;1595.72;939.23;463.36;5049.25;1263.33;907.61;1818.06
1022;01|1|2;1To1Ri2Re4Ta;1To;1Ri;2Re;4Ta;6.28;34;40;30;1049.84;1815.88;2245.99;3880.61;3803.94;2523.11;1724.75;4326.84;5134.89;6608.07;1210.95;1223.86;617.71;332.57;593.03;836.24;2607.37;1708.87
1023;01|1|2;1To1Ri2Re4Ta;1To;1Ri;2Re;4Ta;6.28;33;40;30;827.83;1747.16;4091.23;957.46;4564.73;2982.06;3572.92;5052.54;34485.06;4176.30;3107.79;3024.01;2295.13;1156.41;1467.56;4547.77;1828.61;1411.92
1024;01|1|2;1To1Ri2Re4Ta;1To;1Ri;2Re;4Ta;6.28;33;40;30;1100.25;1440.32;3316.61;570.35;1843.48;8283.49;748.30;895.19;21560.14;5731.40;4231.74;443.61;2905.94;2012.95;3780.45;6159.73;2529.91;436.80
1025;01|1|2;1To1Ri2Re4Ta;1To;1Ri;2Re;4Ta;6.28;34;40;30;5578.53;4712.98;17951.61;1036.61;6270.35;19099.25;557.46;926.30;22426.97;1111.62;4597.96;924.22;2849.92;1542.41;2963.52;3343.85;1262.49;737.57
1026;01|1|2;1To1Ri2Re4Ta;1To;1Ri;2Re;4Ta;6.28;34;40;30;1267.77;1265.12;9509.67;784.55;3610.95;1988.74;759.13;1066.29;31604.38;1024.49;8434.14;723.40;3384.76;2496.24;4313.44;10569.62;930.15;443.50
1027;01|1|2;1To1Ri2Re4Ta;1To;1Ri;2Re;4Ta;6.28;34;40;30;1305.99;2084.98;6378.54;1027.15;4255.49;2218.56;2914.92;4755.39;44124.93;1426.36;7625.83;2406.21;2537.61;1532.04;3673.36;7967.85;990.00;933.94
1028;01|1|2;1To1Ri2Re4Ta;1To;1Ri;2Re;4Ta;6.28;34;40;30;3119.42;6195.88;4746.67;3580.38;3570.71;18079.15;971.04;2194.26;13595.83;4366.22;4819.51;1213.03;2200.75;947.46;3911.06;1303.69;2505.27;1335.29
1029;01|1|2;1To1Ri2Re4Ta;1To;1Ri;2Re;4Ta;6.28;34;40;30;1000.23;1428.70;5108.99;3169.18;4842.66;2467.42;1532.71;3931.54;4798.86;2689.73;5507.43;1025.75;582.42;333.36;3138.75;822.79;1627.93;1554.65
1030;01|1|2;1To1Ri2Re4Ta;1To;1Ri;2Re;4Ta;6.28;34;41;30;950.63;1914.62;2884.14;1204.36;2396.37;3249.95;3368.84;6101.66;25641.40;4784.24;4199.37;2676.98;1972.08;953.04;2694.99;3471.64;2289.81;1637.98
1031;01|1|2;1To1Ri2Re4Ta;1To;1Ri;2Re;4Ta;6.28;34;41;31;484.66;1166.39;3197.44;1427.16;1818.89;2365.20;1316.59;3515.32;23223.17;5648.18;2334.89;1891.30;2769.35;1073.46;2578.17;2134.33;3896.62;1928.22
1032;01|1|2;1To1Ri2Re4Ta;1To;1Ri;2Re;4Ta;6.28;34;40;31;1202.72;1736.51;4883.14;857.67;5129.54;1641.89;1403.88;1949.14;43988.25;2943.28;2829.59;1644.45;3813.71;2610.29;1939.71;10038.28;2292.62;596.76
1033;01|1|2;1To1Ri2Re4Ta;1To;1Ri;2Re;4Ta;6.28;34;41;31;1044.14;1086.05;2394.96;616.80;1216.81;1995.79;630.30;938.63;31725.12;1150.29;14433.24;1028.46;3438.47;2427.66;6773.17;10079.76;1340.65;517.26
1034;01|1|2;1To1Ri2Re4Ta;1To;1Ri;2Re;4Ta;6.28;35;41;31;1249.07;2048.19;2577.56;1088.22;1343.49;1983.10;1354.52;1777.51;39832.95;1005.40;12746.82;1553.75;3175.27;2271.34;6296.96;10016.98;1159.69;528.75
1035;01|1|2;1To1Ri2Re4Ta;1To;1Ri;2Re;4Ta;6.28;34;41;31;1166.94;2235.01;2672.70;2829.38;2118.43;7505.19;1622.41;3344.22;20570.30;3119.50;8389.63;1621.44;2364.19;1165.98;4478.13;3155.53;1949.01;1433.95
1036;01|1|2;1To1Ri2Re4Ta;1To;1Ri;2Re;4Ta;6.28;35;41;31;3076.32;14234.75;13218.40;9322.59;12263.51;15039.99;1039.07;2097.18;5879.83;4258.04;1401.14;813.20;1051.26;443.42;1001.09;874.36;2627.08;1410.01
1037;01|1|2;1To1Ri2Re4Ta;1To;1Ri;2Re;4Ta;6.28;34;41;31;565.98;1537.11;12685.01;1520.93;10328.38;2798.06;2824.62;6161.74;14468.35;2844.41;3714.79;2455.40;1214.71;554.28;1947.01;1447.17;1556.11;1861.17
1038;01|1|2;1To1Ri2Re4Ta;1To;1Ri;2Re;4Ta;6.28;35;41;31;861.17;1131.54;3495.37;845.63;1780.14;4212.24;1214.85;1898.19;48369.07;8333.02;1516.47;1881.83;4178.19;2001.78;1248.52;7091.25;3350.22;908.07
1039;01|1|2;1To1Ri2Re4Ta;1To;1Ri;2Re;4Ta;6.28;35;41;31;1752.44;1903.97;2829.36;1425.44;2385.19;7082.91;1305.76;2269.89;22376.85;4255.10;4035.48;1228.38;2564.47;1496.95;3743.13;4343.76;2801.71;928.19
1040;01|1|2;1To1Ri2Re4Ta;1To;1Ri;2Re;4Ta;6.28;35;41;31;1951.67;3138.11;4598.66;2018.16;3673.54;9352.23;1387.03;2921.03;20416.53;5076.95;5142.23;1491.92;2479.29;1232.97;3538.70;3250.81;2851.70;1428.21
1041;01|1|2;1To1Ri2Re4Ta;1To;1Ri;2Re;4Ta;6.28;35;41;31;804.25;1263.18;3663.55;972.95;5072.91;3816.75;1901.74;4135.89;33298.16;3542.41;5535.76;2130.93;3290.38;1463.45;3352.11;3823.63;2206.02;1453.11
1042;01|1|2;1To1Ri2Re4Ta;1To;1Ri;2Re;4Ta;6.28;35;41;31;2844.56;4813.64;6105.60;3078.86;5997.63;10698.03;1334.65;2780.50;16638.26;4590.40;3365.77;1339.39;2170.05;1047.15;2376.98;2626.43;2642.57;1408.09
1043;01|1|2;1To1Ri2Re4Ta;1To;1Ri;2Re;4Ta;6.28;35;42;31;1925.65;1719.09;2664.05;619.38;3396.35;6203.10;1004.75;1013.19;8628.38;6077.95;3220.09;282.95;1834.72;1284.01;2866.98;2423.54;3271.36;437.75
1044;01|1|2;1To1Ri2Re4Ta;1To;1Ri;2Re;4Ta;6.28;35;42;32;819.70;940.85;4022.99;563.47;1601.31;4185.45;636.92;1189.65;28298.82;830.66;4650.56;1148.05;3637.22;2379.01;1778.27;7440.99;535.84;796.00
1045;01|1|2;1To1Ri2Re4Ta;1To;1Ri;2Re;4Ta;6.28;35;42;32;3477.23;2529.27;6586.13;764.77;2654.93;12281.41;732.04;800.79;17212.35;1426.85;8043.65;429.62;2611.28;1694.73;4065.20;4048.94;1506.82;497.14
1046;01|1|2;1To1Ri2Re4Ta;1To;1Ri;2Re;4Ta;6.28;35;42;32;4083.06;2689.95;7763.43;1198.34;3508.12;14895.47;635.72;670.99;11348.46;3391.65;4771.96;397.12;2683.41;1499.34;3050.32;2670.15;1812.41;667.65
1047;01|1|2;1To1Ri2Re4Ta;1To;1Ri;2Re;4Ta;6.28;35;42;32;1155.55;2027.87;9752.82;949.72;4545.35;2167.10;2166.63;4434.11;42286.49;2339.74;3462.88;2406.66;3083.96;1688.35;2505.16;7247.07;1454.72;1273.03
1048;01|1|2;1To1Ri2Re4Ta;1To;1Ri;2Re;4Ta;6.28;35;42;32;1426.35;2212.75;3615.50;1181.99;1854.65;2273.55;2278.00;3818.90;41780.75;4248.74;6041.59;2149.88;3110.82;2019.33;5513.29;8906.10;2220.10;804.62
1049;01|1|2;1To1Ri2Re4Ta;1To;1Ri;2Re;4Ta;6.28;35;42;32;1118.14;1426.77;6533.27;996.18;3684.72;7469.94;1337.66;2587.41;31088.38;2550.71;5874.66;1741.48;3343.32;1635.72;4384.83;4905.36;1675.11;1125.51
1050;01|1|2;1To1Ri2Re4Ta;1To;1Ri;2Re;4Ta;6.28;36;42;32;561.92;1138.32;3104.22;2919.71;4164.59;3015.19;2743.95;5283.71;20427.92;3889.46;3692.53;2570.02;1800.96;666.73;3138.75;1526.76;2744.67;1644.69
1051;01|1|2;1To1Ri2Re4Ta;1To;1Ri;2Re;4Ta;6.28;36;42;32;1623.95;2313.41;2285.40;1984.61;3328.54;6535.85;1256.99;2399.15;21978.18;5503.30;2779.01;1220.25;2470.85;1488.18;2413.48;5060.06;3301.63;1052.71
1052;01|1|2;1To1Ri2Re4Ta;1To;1Ri;2Re;4Ta;6.28;35;42;32;4692.96;3951.19;8143.05;1824.60;7171.97;14769.28;553.25;762.17;21885.91;1292.73;6141.74;719.79;3375.55;1879.76;3317.22;4671.08;1294.88;812.29
1053;03|1|2;3To1Ri2Re4Ta;3To;1Ri;2Re;4Ta;5.32;32;36;29;1924.84;3548.53;5250.26;2720.13;6464.83;10316.64;1204.02;1182.68;4511.82;835.55;1206.90;294.23;1080.42;576.61;649.00;827.28;633.71;621.67
1054;03|1|2;3To1Ri2Re4Ta;3To;1Ri;2Re;4Ta;5.32;31;38;29;903.46;1419.02;4054.71;1441.79;3723.46;5405.06;1587.50;2438.31;7761.56;1021.07;2647.49;529.35;1157.92;747.28;1904.02;1712.84;699.90;660.94
1055;03|1|2;3To1Ri2Re4Ta;3To;1Ri;2Re;4Ta;5.32;32;38;29;1136.85;1615.52;3138.82;2698.62;4786.78;2893.93;2141.34;3809.79;5305.75;1117.50;1099.67;817.26;582.42;304.65;935.38;749.93;1277.98;1064.21
1056;03|1|2;3To1Ri2Re4Ta;3To;1Ri;2Re;4Ta;5.32;32;38;29;1254.76;2224.36;2764.00;1365.23;3523.77;2535.80;4009.98;7164.73;4150.74;1692.15;1766.34;745.96;383.67;294.29;1111.42;739.84;1133.64;813.24
1057;03|1|2;3To1Ri2Re4Ta;3To;1Ri;2Re;4Ta;5.32;32;39;30;1517.42;2222.43;3703.92;2138.60;2157.93;5017.33;2059.47;3681.59;6018.80;3420.53;1342.46;671.05;768.11;370.85;1155.23;764.50;887.20;936.81
1058;03|1|2;3To1Ri2Re4Ta;3To;1Ri;2Re;4Ta;5.32;33;39;29;1091.31;1375.46;3233.96;1122.63;3154.18;5192.86;1213.05;1424.58;18340.02;2082.76;1740.04;770.33;2144.73;1067.88;965.39;3060.25;852.69;509.59
1059;03|1|2;3To1Ri2Re4Ta;3To;1Ri;2Re;4Ta;5.32;33;39;30;1839.45;2275.66;2862.99;1763.52;2522.30;3268.98;1789.77;3350.12;4088.09;959.39;3120.95;488.28;482.66;308.64;2483.25;735.36;666.10;952.14
1060;03|1|2;3To1Ri2Re4Ta;3To;1Ri;2Re;4Ta;5.32;33;40;30;1470.26;2264.05;3731.79;1338.56;2991.74;2543.56;4091.85;3315.26;13057.05;1878.65;1106.75;1117.81;656.08;511.21;612.50;2790.09;735.10;418.60
1061;03|1|2;3To1Ri2Re4Ta;3To;1Ri;2Re;4Ta;5.32;33;39;30;1230.37;1808.14;3446.36;1445.23;2262.99;2318.67;1633.25;3116.80;3316.94;2169.89;1302.00;384.94;368.33;283.92;1433.49;718.54;991.41;903.29
1062;03|1|2;3To1Ri2Re4Ta;3To;1Ri;2Re;4Ta;5.32;33;40;30;2019.17;2844.82;3059.05;1348.02;2029.76;3664.47;1223.88;1438.53;3540.20;2309.40;1375.85;303.71;469.62;316.62;1297.20;731.99;1032.24;509.59
1063;03|1|2;3To1Ri2Re4Ta;3To;1Ri;2Re;4Ta;5.32;33;40;30;896.14;1897.19;3826.93;1413.40;2521.55;2537.21;2560.94;5002.66;4626.86;784.65;2511.93;585.31;474.22;313.43;1322.35;771.23;404.87;865.93
1064;03|1|2;3To1Ri2Re4Ta;3To;1Ri;2Re;4Ta;5.32;33;40;30;1301.11;2101.43;4001.85;1295.55;3051.35;4862.94;2779.47;3344.22;12134.41;2508.13;1282.77;964.83;1146.41;666.73;769.88;1768.89;844.95;656.15
1065;03|1|2;3To1Ri2Re4Ta;3To;1Ri;2Re;4Ta;5.32;34;40;30;1397.07;2162.41;4904.28;1291.24;4293.50;2418.78;7386.64;7349.24;8528.15;1134.63;1596.39;1532.99;463.48;329.38;937.81;1175.90;649.91;554.62
1066;03|1|2;3To1Ri2Re4Ta;3To;1Ri;2Re;4Ta;5.32;34;40;30;939.24;1523.56;3348.33;1113.17;2112.47;3360.63;3206.30;4680.30;8021.27;3132.71;1276.70;781.61;903.93;595.75;882.65;1702.75;995.63;732.78
1067;03|1|2;3To1Ri2Re4Ta;3To;1Ri;2Re;4Ta;5.32;34;40;31;851.42;1360.95;2661.17;1202.64;2950.75;3569.30;2335.79;2638.37;17072.24;1764.11;1246.36;1348.42;1433.40;540.72;1501.63;1379.91;1668.07;726.08
1068;03|1|2;3To1Ri2Re4Ta;3To;1Ri;2Re;4Ta;5.32;34;41;31;915.66;1816.85;2675.59;1841.81;2276.40;3921.79;2926.96;4564.98;9278.79;1014.22;2548.35;1040.65;860.96;393.98;2050.85;870.99;1087.17;949.26
1069;03|1|2;3To1Ri2Re4Ta;3To;1Ri;2Re;4Ta;5.32;34;41;31;2359.90;3638.55;3109.98;3187.25;4262.95;4330.68;1777.73;2917.28;6043.86;2303.03;1090.56;712.12;712.10;324.59;735.00;744.32;1650.46;930.11
1070;03|1|2;3To1Ri2Re4Ta;3To;1Ri;2Re;4Ta;5.32;34;41;31;1241.75;1989.15;4070.08;1265.44;4198.12;2626.75;4801.62;5685.98;8684.20;1293.22;1470.94;1119.17;666.82;406.74;732.56;1129.94;875.22;660.94
1071;03|1|2;3To1Ri2Re4Ta;3To;1Ri;2Re;4Ta;5.32;34;41;31;1840.26;2945.49;3436.74;2627.22;2187.73;3154.77;1266.02;1417.61;3457.05;2054.37;1485.11;281.15;385.21;297.48;1277.73;703.97;889.31;573.77
1072;03|1|2;3To1Ri2Re4Ta;3To;1Ri;2Re;4Ta;5.32;34;41;31;1034.39;1707.47;2651.56;1068.44;2678.78;1930.93;1105.89;1259.38;8208.07;1432.24;1422.38;325.82;727.44;857.34;812.88;5036.52;544.29;373.57
1073;03|1|2;3To1Ri2Re4Ta;3To;1Ri;2Re;4Ta;5.32;34;41;31;1198.65;2025.93;3618.38;1240.49;2461.94;4644.39;2016.13;2952.68;13968.30;944.22;2645.47;952.19;1354.36;744.89;1641.98;2227.37;542.17;747.15
1074;03|1|2;3To1Ri2Re4Ta;3To;1Ri;2Re;4Ta;5.32;35;41;31;1297.05;1981.41;3685.66;1086.50;3535.69;5172.42;1583.88;1821.49;13666.45;850.24;2325.79;764.01;1464.86;908.38;1869.94;2359.64;830.16;583.35
1075;03|1|2;3To1Ri2Re4Ta;3To;1Ri;2Re;4Ta;5.32;35;41;31;992.91;1589.38;3652.98;1393.61;3105.00;4511.86;2299.67;3102.32;13645.95;1075.89;1725.88;967.09;1401.94;731.33;1219.32;1952.73;908.32;766.31
1076;03|1|2;3To1Ri2Re4Ta;3To;1Ri;2Re;4Ta;5.32;35;41;31;2096.42;2512.81;3205.13;1385.87;2414.25;2928.48;1272.65;1402.59;3381.87;1689.22;2336.92;276.63;372.93;292.69;2112.51;701.73;1179.41;511.51
1077;03|1|2;3To1Ri2Re4Ta;3To;1Ri;2Re;4Ta;5.32;35;41;32;1336.08;2078.20;4037.41;1237.05;2879.97;2306.69;5020.75;3612.94;10201.43;1079.32;1167.45;1244.62;516.42;393.18;749.60;2064.83;523.16;423.38
1078;03|1|2;3To1Ri2Re4Ta;3To;1Ri;2Re;4Ta;5.32;35;42;31;1447.49;2424.73;3614.54;2045.69;2319.62;7688.49;1246.76;1841.87;8071.38;1209.03;1631.79;490.09;1246.17;626.85;1782.33;1071.65;785.80;729.91
1079;03|1|2;3To1Ri2Re4Ta;3To;1Ri;2Re;4Ta;5.32;35;41;32;1073.42;1476.13;3029.26;1072.74;3536.43;6096.65;998.13;1153.18;12562.70;2196.33;1635.84;433.68;1656.70;1035.98;909.42;2938.06;904.80;427.22
1080;03|1|2;3To1Ri2Re4Ta;3To;1Ri;2Re;4Ta;5.32;35;41;31;710.73;1192.52;2227.73;968.65;2077.45;2960.91;1288.90;1667.02;20984.92;748.91;2765.86;1022.59;1642.12;712.19;2789.10;2601.77;847.76;659.02
1081;03|1|2;3To1Ri2Re4Ta;3To;1Ri;2Re;4Ta;5.32;35;42;32;918.91;1868.15;2473.76;1932.99;2091.61;2365.20;1257.59;1727.09;3245.18;1265.81;2910.52;279.79;355.28;280.73;1535.71;693.88;546.40;654.24
1082;03|1|2;3To1Ri2Re4Ta;3To;1Ri;2Re;4Ta;5.32;35;42;32;1110.01;1482.91;4093.15;951.44;2899.34;4334.20;2740.34;3315.26;17072.24;1099.88;1401.14;1180.54;1866.95;923.53;1047.33;1897.80;546.40;635.08
1083;03|1|2;3To1Ri2Re4Ta;3To;1Ri;2Re;4Ta;5.32;35;42;32;1161.24;2083.04;3326.22;2025.90;2859.85;3728.63;1763.28;2313.87;7532.61;1338.75;1512.42;583.05;849.45;495.26;1364.53;1230.82;1017.46;678.18
1084;03|1|2;3To1Ri2Re4Ta;3To;1Ri;2Re;4Ta;5.32;35;42;32;924.60;1328.04;2630.42;1173.39;2443.31;4518.20;2123.28;3094.28;7310.49;2202.20;1145.19;581.25;1002.92;646.79;638.46;1372.07;722.43;617.84
1085;03|1|2;3To1Ri2Re4Ta;3To;1Ri;2Re;4Ta;5.32;35;42;32;1358.04;2205.97;3340.64;1721.37;2136.32;4691.63;2028.77;2426.51;13347.51;2455.75;1841.21;799.66;1378.92;856.54;1310.99;2459.41;948.45;621.67
1086;03|1|2;3To1Ri2Re4Ta;3To;1Ri;2Re;4Ta;5.32;36;42;32;1711.78;2995.82;3395.42;1772.13;2080.43;4823.46;1210.04;1337.15;3263.41;1264.34;2665.70;267.61;409.76;315.82;2542.47;702.85;930.15;423.38
1087;03|1|2;3To1Ri2Re4Ta;3To;1Ri;2Re;4Ta;5.32;35;42;32;1133.60;1220.59;3635.68;869.72;3038.68;5920.40;972.85;1219.69;10991.94;758.21;1606.50;505.43;1994.33;1069.48;954.04;1428.11;472.47;490.44
1088;03|1|2;3To1Ri2Re4Ta;3To;1Ri;2Re;4Ta;5.32;36;42;32;1412.52;2205.97;3925.92;1309.31;3310.66;2442.75;2085.96;1737.82;14654.02;876.67;1713.74;722.49;907.00;823.04;1225.81;4325.82;606.95;388.90
1089;03|1|2;3To1Ri2Re4Ta;3To;1Ri;2Re;4Ta;5.32;36;42;32;1062.85;1661.98;4039.33;1190.59;2836.75;3942.94;2734.32;3957.28;16919.61;1088.13;2085.01;1151.66;1705.04;947.46;1764.48;2384.30;654.13;771.10
1090;03|1|2;3To1Ri2Re4Ta;3To;1Ri;2Re;4Ta;5.32;36;43;32;1356.41;1346.43;3429.06;1131.24;2354.64;3457.21;1272.04;1390.25;3355.67;3021.60;1385.96;288.37;551.72;586.18;1543.01;895.65;1413.88;382.20
1091;03|1|2;3To1Ri2Re4Ta;3To;1Ri;2Re;4Ta;5.32;36;43;32;1119.77;1740.38;4290.16;1386.73;4026.74;5060.33;1841.54;3196.72;16099.48;1136.10;1613.58;971.60;1889.20;984.94;1431.87;2142.17;729.47;866.89
1092;03|1|2;3To1Ri2Re4Ta;3To;1Ri;2Re;4Ta;5.32;36;42;32;1698.77;2804.17;3102.30;1760.08;4280.08;4681.05;1545.35;1775.36;5186.14;1210.50;1077.41;388.10;606.20;398.76;532.99;906.86;495.00;520.13
1093;03|1|2;3To1Ri2Re4Ta;3To;1Ri;2Re;4Ta;5.32;36;43;32;1001.04;1602.93;3754.85;1612.12;2175.06;5830.16;1831.91;2774.60;10351.78;3012.30;1104.72;696.77;1313.70;764.03;937.81;1810.37;988.59;650.40
1094;03|1|2;3To1Ri2Re4Ta;3To;1Ri;2Re;4Ta;5.32;36;43;32;1429.60;2123.69;3924.96;1272.32;3137.78;2361.67;5864.16;5244.56;8228.58;1839.98;1123.95;1261.77;423.57;318.21;988.11;1229.70;932.26;477.03
1095;03|1|2;3To1Ri2Re4Ta;3To;1Ri;2Re;4Ta;5.32;36;43;33;1262.89;1609.71;3821.17;1040.05;4730.15;5585.54;2271.38;3219.79;16641.68;1428.32;1506.35;1048.77;1992.80;1057.51;1012.45;2007.66;821.71;686.80
1096;03|1|2;3To1Ri2Re4Ta;3To;1Ri;2Re;4Ta;5.32;36;43;33;1758.13;2637.68;3303.16;1358.34;1826.34;5497.42;2185.29;3049.76;9351.69;2529.67;1473.98;784.77;1156.39;571.03;1961.62;1076.13;1706.79;634.12
1097;03|1|2;3To1Ri2Re4Ta;3To;1Ri;2Re;4Ta;5.32;36;43;33;1290.54;2094.66;4693.81;1270.60;2877.73;2638.73;3950.38;5618.94;18048.42;1550.20;1406.20;1535.70;1233.12;655.56;1039.22;2136.57;713.28;845.81
1098;03|1|2;3To1Ri2Re4Ta;3To;1Ri;2Re;4Ta;5.32;37;43;33;1566.22;4208.67;7440.51;1914.93;5704.79;6009.23;1392.44;1704.02;3605.13;944.71;1170.48;305.97;445.83;326.98;611.69;735.36;536.54;557.49
1099;03|1|2;3To1Ri2Re4Ta;3To;1Ri;2Re;4Ta;5.32;37;43;33;1374.30;1848.80;3179.18;1328.23;2281.62;4031.06;1793.38;2811.61;11943.05;1137.57;3442.65;742.80;1474.07;857.34;2148.20;2081.64;563.30;710.75
1100;03|1|2;3To1Ri2Re4Ta;3To;1Ri;2Re;4Ta;5.32;36;43;33;1508.48;2149.83;3740.44;1527.81;3178.02;3337.36;1879.47;2349.27;10224.21;1310.35;2116.38;646.68;989.88;706.60;1754.74;2656.70;768.90;601.55
1101;03|1|2;3To1Ri2Re4Ta;3To;1Ri;2Re;4Ta;5.32;36;43;33;1178.32;1460.65;3136.89;875.74;2576.69;4858.00;1819.87;1852.60;21129.58;3068.59;1497.24;1136.32;2001.24;822.25;895.63;1930.31;1316.71;532.58
1102;03|1|2;3To1Ri2Re4Ta;3To;1Ri;2Re;4Ta;5.32;37;43;33;1708.53;2471.19;2044.17;1128.66;1652.72;4133.99;2140.14;2218.93;8443.86;809.12;3511.44;695.42;709.79;467.35;1378.32;1606.35;357.69;507.68
1103;03|1|2;3To1Ri2Re4Ta;3To;1Ri;2Re;4Ta;5.32;37;43;33;1450.74;2205.97;3364.67;1285.22;1956.74;2468.83;1223.28;1325.35;17690.75;776.33;5204.95;566.35;1527.02;1295.18;3191.48;4967.02;534.43;376.45
1104;03|1|2;3To1Ri2Re4Ta;3To;1Ri;2Re;4Ta;5.32;37;44;33;1198.65;1968.82;3233.96;1195.76;1853.91;2282.72;2418.27;2098.79;14668.82;1618.73;3416.35;1016.28;917.74;732.92;2758.27;3994.01;1532.88;420.51
1105;05|1|2;5To1Ri2Re4Ta;5To;1Ri;2Re;4Ta;5.3;35;40;33;1031.13;2913.55;5020.57;7559.07;14616.67;17572.98;7526.31;9869.61;12004.56;5242.89;1198.81;2084.00;1745.71;626.05;1095.19;970.76;3981.82;2046.04
1106;05|1|2;5To1Ri2Re4Ta;5To;1Ri;2Re;4Ta;5.3;35;41;32;1712.59;3479.80;6275.71;2961.00;9183.10;12184.13;4826.90;5977.23;28851.27;1934.94;3972.76;1718.01;2869.10;1505.72;3606.84;5034.27;2737.63;1439.70
1107;05|1|2;5To1Ri2Re4Ta;5To;1Ri;2Re;4Ta;5.3;35;41;32;2722.58;4321.92;3989.35;6174.92;5838.17;15099.92;4226.10;5731.04;24500.06;2435.19;4745.66;1695.00;2600.53;1159.60;4498.41;3221.67;2433.45;1565.18
1108;05|1|2;5To1Ri2Re4Ta;5To;1Ri;2Re;4Ta;5.3;35;41;32;1255.57;2371.49;5954.72;1614.70;10624.21;19995.98;2570.57;2876.51;27515.15;1794.95;2353.10;1186.86;3806.80;1931.60;3103.86;5422.13;3110.11;1075.70
1109;05|1|2;5To1Ri2Re4Ta;5To;1Ri;2Re;4Ta;5.3;35;42;32;3695.16;4713.94;4704.38;3404.03;6394.79;21736.57;1884.89;2507.50;16264.65;3675.55;3105.77;811.85;2701.06;1429.16;3065.73;3281.08;3185.45;1319.01
1110;05|1|2;5To1Ri2Re4Ta;5To;1Ri;2Re;4Ta;5.3;35;42;32;1103.51;3727.60;6598.63;4167.94;9033.33;12994.15;4778.74;6494.28;28852.41;2054.37;6080.03;1823.61;2876.01;1445.91;5110.91;4375.14;2627.79;1671.51
1111;05|1|2;5To1Ri2Re4Ta;5To;1Ri;2Re;4Ta;5.3;35;42;32;999.42;1870.09;15199.14;1182.85;14092.83;2822.73;8358.88;9835.82;39323.79;1548.73;1806.81;2702.25;2540.68;1436.34;1260.69;6512.83;1512.46;1399.47
1112;05|1|2;5To1Ri2Re4Ta;5To;1Ri;2Re;4Ta;5.3;36;42;32;2621.74;5105.97;7999.85;3981.26;8769.55;14715.70;3846.83;4716.24;26590.23;2026.47;3707.70;1409.79;3059.41;1752.16;3232.04;5551.04;2515.83;1373.61
1113;05|1|2;5To1Ri2Re4Ta;5To;1Ri;2Re;4Ta;5.3;36;42;32;1793.91;5059.50;2560.26;4576.56;3069.23;16321.64;3748.70;4996.22;17431.05;3043.63;8128.62;1403.92;2140.89;1031.20;6768.30;2505.37;2866.49;1486.64
1114;05|1|2;5To1Ri2Re4Ta;5To;1Ri;2Re;4Ta;5.3;36;42;33;1124.65;1748.13;3151.31;2128.27;5900.76;11728.71;3657.80;4857.30;28296.55;5097.02;2447.19;1424.68;3179.88;1788.04;3128.20;6022.97;4083.91;1286.44
1115;05|1|2;5To1Ri2Re4Ta;5To;1Ri;2Re;4Ta;5.3;36;42;33;1813.43;2712.21;9626.92;2508.51;14425.91;18662.87;966.83;1188.58;29556.35;1402.38;3620.70;623.67;4727.61;2950.03;3456.76;10552.80;2227.85;639.87
1116;05|1|2;5To1Ri2Re4Ta;5To;1Ri;2Re;4Ta;5.3;36;43;33;1318.19;1957.21;3676.05;3324.03;12569.77;13704.06;3560.28;4441.62;28727.11;3776.88;2758.77;1404.37;3375.55;1898.10;3227.98;6234.83;3653.69;1148.50
1117;05|1|2;5To1Ri2Re4Ta;5To;1Ri;2Re;4Ta;5.3;36;43;33;1280.78;1882.67;11330.88;1753.20;10933.44;8419.55;4097.27;5068.09;38987.77;806.67;5045.11;1737.87;3558.18;1929.21;3448.65;7187.66;1061.82;1305.60
1118;05|1|2;5To1Ri2Re4Ta;5To;1Ri;2Re;4Ta;5.3;36;43;33;613.96;1793.62;12418.80;1512.33;15238.11;3084.28;6056.20;8563.03;17513.06;1217.35;2212.48;2206.75;1477.14;593.36;1564.10;1569.36;1454.72;2444.52
1119;05|1|2;5To1Ri2Re4Ta;5To;1Ri;2Re;4Ta;5.3;37;43;33;3305.64;6396.25;8964.75;5378.32;9662.23;16581.07;3084.69;4008.24;20530.43;1684.81;4445.20;1284.79;2732.52;1343.82;3211.76;3458.19;1939.86;1504.84
1120;05|1|2;5To1Ri2Re4Ta;5To;1Ri;2Re;4Ta;5.3;37;43;33;1562.15;1899.13;2861.07;2783.79;5370.97;16170.07;1675.39;2423.82;41213.50;2571.27;9136.23;1062.31;4449.07;2602.31;7576.31;8079.95;2795.37;1121.68
1121;05|1|2;5To1Ri2Re4Ta;5To;1Ri;2Re;4Ta;5.3;36;43;33;1425.53;3328.80;8888.83;4732.27;11064.58;20007.97;5138.74;6812.88;24560.43;3191.45;2759.79;1756.82;2924.35;1425.17;2745.29;3328.16;3062.23;1595.84
1122;05|1|2;5To1Ri2Re4Ta;5To;1Ri;2Re;4Ta;5.3;36;43;33;2132.20;2483.77;12357.29;2397.53;12145.04;16555.69;2814.99;3520.69;29418.52;2484.14;2373.34;1168.36;3732.37;2212.33;1804.23;6263.98;2209.54;1117.85
1123;05|1|2;5To1Ri2Re4Ta;5To;1Ri;2Re;4Ta;5.3;37;43;33;3754.53;5543.48;3320.46;3633.72;1858.38;24106.71;1600.74;2069.82;16260.09;2093.53;7797.81;664.28;2868.34;1684.37;6808.87;3310.22;2995.34;998.12
1124;05|1|2;5To1Ri2Re4Ta;5To;1Ri;2Re;4Ta;5.3;37;43;33;2172.86;2990.01;3754.85;3705.12;8247.21;19135.91;2043.22;3028.84;22916.76;4252.17;4391.58;1054.18;3444.61;1718.66;3879.42;4022.04;3894.50;1531.66
1125;05|1|2;5To1Ri2Re4Ta;5To;1Ri;2Re;4Ta;5.3;37;43;33;1906.13;2335.68;8918.62;2483.56;12591.38;14276.50;4062.95;4950.09;33457.63;2243.32;2891.30;1526.67;3845.93;2222.69;2638.20;6205.69;2668.63;1186.82
1126;05|1|2;5To1Ri2Re4Ta;5To;1Ri;2Re;4Ta;5.3;37;44;33;4611.64;5826.12;9008.00;4108.58;9972.21;26825.10;1158.87;1564.57;8787.85;2531.62;5167.52;440.45;2151.64;1174.75;4295.60;1604.11;2712.99;1013.44
1127;05|1|2;5To1Ri2Re4Ta;5To;1Ri;2Re;4Ta;5.3;37;44;33;3059.24;3234.91;6232.46;2696.90;12602.55;18905.38;2996.19;3402.69;26051.46;3051.95;2986.40;1096.15;3598.85;2151.71;2405.37;5588.03;2748.90;1070.91
1128;05|1|2;5To1Ri2Re4Ta;5To;1Ri;2Re;4Ta;5.3;37;44;33;1986.64;3196.19;8840.78;3882.33;15545.85;10960.29;4562.02;6384.33;24764.32;2885.03;1667.20;1636.78;2684.17;1422.78;1334.51;3980.56;2771.43;1635.11
1129;05|1|2;5To1Ri2Re4Ta;5To;1Ri;2Re;4Ta;5.3;37;44;33;3666.70;5500.89;4042.21;4368.38;4134.04;21318.52;2254.52;3105.00;18187.38;4481.74;3710.74;903.46;2496.94;1317.51;4183.64;3036.71;3576.95;1252.91
1130;05|1|2;5To1Ri2Re4Ta;5To;1Ri;2Re;4Ta;5.3;37;44;34;2490.01;2923.23;8481.34;2727.87;18670.23;15024.48;4952.72;6428.31;28223.65;2620.71;1422.38;1770.36;2747.10;1465.05;930.51;4300.04;1961.69;1481.85
1131;05|1|2;5To1Ri2Re4Ta;5To;1Ri;2Re;4Ta;5.3;37;44;34;883.13;1352.23;3506.90;1978.59;5890.33;12462.59;2952.85;3520.15;31782.07;1991.23;5769.45;1139.93;3911.93;2335.14;4942.17;7891.62;2229.25;902.33
1132;05|1|2;5To1Ri2Re4Ta;5To;1Ri;2Re;4Ta;5.3;38;44;34;4706.78;8634.16;7012.84;6390.84;7839.62;21318.52;2683.75;4845.50;5705.56;3340.25;4327.85;902.55;1135.67;471.34;3285.58;870.99;2860.15;1790.29
1133;05|1|2;5To1Ri2Re4Ta;5To;1Ri;2Re;4Ta;5.3;37;44;34;5446.79;6607.26;13220.32;3957.18;8017.71;26435.25;1140.20;1241.14;5787.57;953.03;1213.98;349.74;2113.27;1174.75;867.23;1228.58;978.03;861.14
1134;05|1|2;5To1Ri2Re4Ta;5To;1Ri;2Re;4Ta;5.3;37;44;34;762.78;1333.84;3279.13;5336.17;2879.97;13648.37;3665.03;6817.17;11666.26;5654.55;3203.90;1354.28;2341.94;999.29;4257.47;1173.65;4305.71;2217.50
1135;05|1|2;5To1Ri2Re4Ta;5To;1Ri;2Re;4Ta;5.3;37;44;34;733.50;1634.88;3500.17;2658.19;4342.68;15149.26;1303.95;1630.01;28342.11;2771.47;7289.96;740.55;4660.85;2843.96;6897.29;9975.51;2517.24;770.14
1136;05|1|2;5To1Ri2Re4Ta;5To;1Ri;2Re;4Ta;5.3;38;44;34;1220.61;3261.04;6661.10;5261.32;11491.55;13921.90;4835.93;6866.52;21458.77;3776.39;3343.51;1638.59;3028.71;1510.51;3258.00;3394.29;3267.84;1725.15
1137;05|1|2;5To1Ri2Re4Ta;5To;1Ri;2Re;4Ta;5.3;37;44;34;2756.74;3165.21;7924.89;4218.69;10735.98;22785.58;2501.95;3576.47;20997.45;3343.68;3695.56;1089.83;3304.19;1916.45;3729.34;4763.00;2728.48;1158.08
1138;05|1|2;5To1Ri2Re4Ta;5To;1Ri;2Re;4Ta;5.3;38;44;34;740.01;1723.93;5468.42;2624.64;12219.55;10371.63;4102.08;5378.65;32184.16;2101.36;3511.44;1620.99;3491.42;1896.51;4539.78;6822.22;3125.60;1398.51
1139;05|1|2;5To1Ri2Re4Ta;5To;1Ri;2Re;4Ta;5.3;38;44;34;1143.35;1839.12;15240.46;3454.79;12808.21;10131.23;3916.06;4986.57;22715.15;1276.09;3815.95;1471.16;2987.28;1739.40;2988.66;5710.22;1382.90;1232.80
1140;05|1|2;5To1Ri2Re4Ta;5To;1Ri;2Re;4Ta;5.3;38;44;34;2921.81;4854.30;18675.29;3693.08;17706.02;16975.15;3516.33;4753.78;26148.28;2458.20;1203.87;1403.92;3090.87;1720.25;1140.62;4667.72;3094.62;1464.61
1141;05|1|2;5To1Ri2Re4Ta;5To;1Ri;2Re;4Ta;5.3;38;44;34;2230.60;3632.74;9171.38;2480.12;9137.65;12097.42;4611.38;5748.74;37166.41;2257.51;4194.31;1677.85;3618.03;2150.12;3146.86;6879.39;2337.69;1165.75
1142;05|1|2;5To1Ri2Re4Ta;5To;1Ri;2Re;4Ta;5.3;38;44;34;2249.30;4507.77;5886.48;6327.18;7660.04;16590.24;3324.89;4728.04;30089.43;1932.98;4553.45;1530.28;3375.55;1598.23;3545.19;4138.62;2089.13;1629.36
1143;05|1|2;5To1Ri2Re4Ta;5To;1Ri;2Re;4Ta;5.3;38;44;34;1610.13;1967.85;5081.12;1902.89;4955.93;13491.86;2482.68;2973.60;27101.67;2931.53;6763.91;1009.96;3842.86;2325.57;6088.47;6672.01;2831.98;988.54
1144;05|1|2;5To1Ri2Re4Ta;5To;1Ri;2Re;4Ta;5.3;38;45;34;879.07;1911.71;3040.79;5998.56;4022.27;10269.41;5141.15;7865.22;27681.45;0.00;8470.56;2059.18;2767.05;1220.21;7309.41;2725.08;0.00;2628.43
1145;05|1|2;5To1Ri2Re4Ta;5To;1Ri;2Re;4Ta;5.3;38;45;34;3533.34;5561.87;4054.71;4543.01;8920.07;23861.38;1918.60;2500.52;26673.38;2200.73;5948.51;956.26;3542.07;1941.17;4934.87;5086.96;2582.02;1016.32
1146;05|1|2;5To1Ri2Re4Ta;5To;1Ri;2Re;4Ta;5.3;38;45;34;1344.21;3268.79;14049.71;4022.56;13918.47;10871.46;6150.72;7892.58;32088.48;2538.97;2836.67;1915.22;3005.69;1579.89;2268.27;5141.89;2539.77;1795.08
1147;05|1|2;5To1Ri2Re4Ta;5To;1Ri;2Re;4Ta;5.3;38;45;35;4483.96;9861.53;3174.38;7499.71;2017.84;20222.99;2970.31;4298.95;27131.29;2291.78;8431.11;1446.79;3189.09;1528.05;7013.30;4133.01;2915.77;1672.47
1148;05|1|2;5To1Ri2Re4Ta;5To;1Ri;2Re;4Ta;5.3;39;45;34;1031.13;1629.07;3005.23;2588.51;7323.98;8552.08;6740.08;8792.60;26316.86;5656.99;1853.35;2111.07;2723.31;1399.65;2215.54;4599.34;4026.18;1546.98
1149;05|1|2;5To1Ri2Re4Ta;5To;1Ri;2Re;4Ta;5.3;38;45;35;3165.77;3046.16;1509.82;2312.37;2383.70;13240.89;4339.88;5316.43;29349.04;977.99;7797.81;1455.37;3112.35;1731.42;6133.09;4974.86;1182.22;1136.05
1150;05|1|2;5To1Ri2Re4Ta;5To;1Ri;2Re;4Ta;5.3;38;45;35;3225.95;3996.69;5871.11;3210.47;6778.54;16962.46;4232.12;5120.12;26611.88;1576.64;4749.71;1457.63;3515.21;1906.08;4133.35;5127.31;1875.08;1240.46
1151;05|1|2;5To1Ri2Re4Ta;5To;1Ri;2Re;4Ta;5.3;38;45;34;810.76;1503.23;2460.31;4458.71;2438.84;11839.39;4936.47;7789.06;20390.33;1856.62;9673.42;1808.27;3488.35;1637.31;7551.97;3244.09;1827.90;2256.78
1152;05|1|2;5To1Ri2Re4Ta;5To;1Ri;2Re;4Ta;5.3;38;45;35;1266.15;2017.22;12613.89;3105.52;14952.72;13609.59;5475.26;7542.33;26370.39;1378.39;2659.63;1863.77;3782.24;1858.23;2759.08;4304.52;1558.93;1731.86
1153;05|1|2;5To1Ri2Re4Ta;5To;1Ri;2Re;4Ta;5.3;39;45;35;2310.29;3335.57;14037.22;3415.22;13224.74;16388.61;3277.93;3995.90;27737.27;3051.46;2411.78;1257.26;3700.91;2044.85;2109.26;5253.98;2429.22;1199.27
1154;05|1|2;5To1Ri2Re4Ta;5To;1Ri;2Re;4Ta;5.3;38;45;35;1639.40;2117.89;2599.66;1138.98;2113.96;3309.16;4869.64;4521.00;41211.22;1640.76;10457.45;1741.03;4140.59;2973.96;7336.18;11272.47;1717.36;657.11
1155;05|1|2;5To1Ri2Re4Ta;5To;1Ri;2Re;4Ta;5.3;39;45;35;2979.55;2009.48;4241.15;2446.57;10735.23;14686.80;4619.21;6630.52;26933.09;6263.47;1338.42;1715.76;3456.89;1736.21;1272.05;4265.29;4288.81;1640.86
1156;05|1|2;5To1Ri2Re4Ta;5To;1Ri;2Re;4Ta;5.3;39;45;35;6737.33;9369.81;17846.85;4046.64;14963.16;29776.84;4295.33;6362.87;17890.09;3202.71;2576.68;1595.26;2492.34;1000.89;2577.36;1396.73;2679.19;1507.71
1157;07|1|2;7To1Ri2Re4Ta;7To;1Ri;2Re;4Ta;4.34;36;40;33;975.02;1511.95;2475.69;985.85;2137.06;4423.03;4978.00;3772.24;34586.44;1173.79;5869.60;1424.23;3941.09;2434.83;6160.67;8051.92;1684.97;644.66
1158;07|1|2;7To1Ri2Re4Ta;7To;1Ri;2Re;4Ta;4.34;36;41;33;1857.34;5292.78;2467.04;4752.91;2194.44;12536.62;4540.95;4237.80;19485.91;1209.03;5862.52;1137.67;2394.88;1410.82;5979.76;4527.60;1743.41;955.97
1159;07|1|2;7To1Ri2Re4Ta;7To;1Ri;2Re;4Ta;4.34;36;42;33;3349.56;7307.10;5851.88;6032.97;5926.84;24781.37;2497.73;3725.04;6704.51;1513.00;4545.35;720.69;1666.67;735.32;4091.16;1075.01;1801.15;1387.02
1160;07|1|2;7To1Ri2Re4Ta;7To;1Ri;2Re;4Ta;4.34;36;43;33;887.20;1942.69;7946.03;2358.82;9038.55;10203.14;7614.20;8052.42;23341.63;1733.76;3909.02;1866.03;2574.44;1412.41;3761.79;4601.58;1950.42;1297.93
1161;07|1|2;7To1Ri2Re4Ta;7To;1Ri;2Re;4Ta;4.34;36;43;33;1690.63;2175.96;8549.58;2166.12;12577.96;13398.80;3418.20;3227.30;26228.01;3534.58;1584.25;1059.60;3773.04;2288.09;1169.02;6620.44;2389.79;812.29
1162;07|1|2;7To1Ri2Re4Ta;7To;1Ri;2Re;4Ta;4.34;36;43;34;1293.80;2672.53;9971.94;4136.97;11510.92;14066.42;5232.05;5414.05;25787.20;2588.89;3814.94;1431.00;3308.79;1800.01;3343.99;5027.55;2378.53;1143.71
1163;07|1|2;7To1Ri2Re4Ta;7To;1Ri;2Re;4Ta;4.34;37;43;33;4209.10;8597.38;8772.54;5368.00;7579.56;24973.83;3332.72;4120.34;12888.47;1775.86;5436.62;854.27;1999.70;1077.45;4170.66;2685.84;1914.51;1219.39
1164;07|1|2;7To1Ri2Re4Ta;7To;1Ri;2Re;4Ta;4.34;37;43;34;3269.05;7353.56;6994.58;6608.48;10359.68;15437.60;4129.78;5352.90;12115.05;3018.17;3749.18;967.99;1863.11;1141.25;3217.44;3415.59;2705.95;1329.54
1165;07|1|2;7To1Ri2Re4Ta;7To;1Ri;2Re;4Ta;4.34;37;44;34;913.22;2684.14;4002.81;2997.13;4357.58;17056.23;2388.17;2651.78;29424.22;3468.99;4431.04;818.62;4192.01;2699.61;4422.96;8715.54;2541.18;769.18
1166;07|1|2;7To1Ri2Re4Ta;7To;1Ri;2Re;4Ta;4.34;37;44;34;1650.79;2991.95;11494.26;3069.39;12975.87;10655.74;4676.40;4246.92;25068.45;3199.77;2947.95;1241.01;3702.44;2307.23;2119.81;6869.30;2495.41;871.67
1167;07|1|2;7To1Ri2Re4Ta;7To;1Ri;2Re;4Ta;4.34;37;44;34;990.47;2626.06;3495.37;4128.37;2249.58;22441.55;6241.02;7565.93;19352.64;1894.80;9070.47;1637.23;3480.68;1561.55;6765.87;2591.68;1675.81;1647.56
1168;07|1|2;7To1Ri2Re4Ta;7To;1Ri;2Re;4Ta;4.34;37;44;34;1861.41;4619.08;6145.01;5760.27;10215.87;14557.79;4979.81;5906.96;16585.86;4017.21;3938.36;1200.40;2311.24;1246.53;3118.47;3494.06;2952.39;1442.57
1169;07|1|2;7To1Ri2Re4Ta;7To;1Ri;2Re;4Ta;4.34;37;44;34;3966.77;8457.03;6480.42;6248.04;7669.73;21962.87;4555.40;5167.86;13710.87;2175.28;5967.73;1139.47;1850.07;945.06;4484.62;2350.67;2053.93;1336.25
1170;07|1|2;7To1Ri2Re4Ta;7To;1Ri;2Re;4Ta;4.34;37;44;34;2734.78;5650.92;16593.63;4949.05;13880.47;17930.40;5247.10;5996.00;21896.16;2767.56;2147.74;1320.89;2665.76;1440.32;1934.84;4186.82;2318.68;1369.77
1171;07|1|2;7To1Ri2Re4Ta;7To;1Ri;2Re;4Ta;4.34;37;44;34;5145.91;8253.76;10342.91;4906.04;7996.10;28288.63;1772.31;2171.20;6337.73;1810.12;5572.18;464.36;1554.64;815.86;4366.18;1179.26;2038.44;996.20
1172;07|1|2;7To1Ri2Re4Ta;7To;1Ri;2Re;4Ta;4.34;38;44;34;1250.70;2608.64;9705.73;3927.07;10273.99;14823.56;4804.63;4825.12;19884.58;2047.52;3861.48;1249.59;3160.70;1768.11;3268.55;5029.79;2363.04;1109.23
1173;07|1|2;7To1Ri2Re4Ta;7To;1Ri;2Re;4Ta;4.34;38;44;34;1786.59;4257.07;16486.96;4786.46;9681.60;17792.93;5462.02;5673.11;25008.08;1068.06;3957.58;1517.65;3107.75;1682.77;3219.06;5377.29;899.17;1222.26
1174;07|1|2;7To1Ri2Re4Ta;7To;1Ri;2Re;4Ta;4.34;38;44;34;3092.58;7128.99;6449.66;7547.88;7572.11;28505.77;4354.32;4797.23;18586.05;2845.38;4257.03;1231.08;3002.62;1601.42;3823.45;3542.26;2120.82;1172.45
1175;07|1|2;7To1Ri2Re4Ta;7To;1Ri;2Re;4Ta;4.34;38;45;34;2524.16;6110.70;7444.36;5495.31;9564.62;22647.40;4490.38;4510.81;20198.96;2353.45;3190.75;1291.10;2876.78;1406.83;3060.87;3112.93;2336.98;1196.40
1176;07|1|2;7To1Ri2Re4Ta;7To;1Ri;2Re;4Ta;4.34;38;44;34;3505.69;6432.06;5816.33;5060.02;8843.32;19996.69;4913.59;6120.44;14831.71;1434.68;4251.97;1253.65;2015.05;945.86;4505.71;2142.17;2306.00;1549.86
1177;07|1|2;7To1Ri2Re4Ta;7To;1Ri;2Re;4Ta;4.34;39;45;34;4371.74;6591.78;5272.37;4186.00;6157.09;27093.70;2209.97;3019.72;7147.61;3608.49;5214.05;624.12;1858.51;913.96;4528.43;1299.20;2960.13;1215.56
1178;07|1|2;7To1Ri2Re4Ta;7To;1Ri;2Re;4Ta;4.34;38;44;34;4772.65;4362.58;7555.84;4009.65;6060.22;19952.28;5301.28;5495.57;18771.72;2895.80;3487.16;1362.41;2752.47;1450.69;3922.42;3361.79;2960.84;1097.74
1179;07|1|2;7To1Ri2Re4Ta;7To;1Ri;2Re;4Ta;4.34;38;45;34;1305.99;2950.33;7790.34;5546.07;9934.95;18987.87;4986.43;6137.60;17484.58;2788.60;3174.56;1292.91;2727.91;1358.18;2788.28;3397.66;2593.99;1420.54
1180;07|1|2;7To1Ri2Re4Ta;7To;1Ri;2Re;4Ta;4.34;38;45;35;1279.16;1680.37;8357.36;1787.61;10345.52;9180.22;4765.50;4837.46;27424.03;2204.65;3241.33;1459.43;4625.56;2851.14;3227.17;7244.82;2344.03;969.38
1181;07|1|2;7To1Ri2Re4Ta;7To;1Ri;2Re;4Ta;4.34;39;45;35;2563.19;5767.08;3740.44;5944.37;6436.52;19035.10;4933.46;5543.31;19163.56;2033.33;4260.07;1296.52;3073.99;1712.28;4371.04;3978.32;2172.22;1259.62
1182;07|1|2;7To1Ri2Re4Ta;7To;1Ri;2Re;4Ta;4.34;38;45;35;1218.98;1480.00;13524.01;1993.21;16523.48;14256.76;5071.32;4411.05;31809.41;3188.02;1181.61;1494.63;4350.85;2263.37;661.98;5497.23;1988.44;908.07
1183;07|1|2;7To1Ri2Re4Ta;7To;1Ri;2Re;4Ta;4.34;39;45;35;1453.99;2301.80;15129.94;2154.08;10848.49;12159.45;5601.08;5765.90;24146.95;1193.37;3240.32;1439.57;2789.30;1677.99;3584.94;4681.17;2011.68;1085.28
1184;07|1|2;7To1Ri2Re4Ta;7To;1Ri;2Re;4Ta;4.34;39;45;35;3440.63;6412.71;4747.63;5592.52;5550.55;21996.71;2825.83;3807.64;14975.23;1471.89;7377.98;823.13;2435.55;1346.22;5156.34;3612.88;1198.42;1144.67
1185;07|1|2;7To1Ri2Re4Ta;7To;1Ri;2Re;4Ta;4.34;38;45;35;1705.27;3473.02;4905.24;4302.14;9983.38;24959.73;4104.49;4610.04;19675.00;4523.83;1470.94;1275.31;3427.73;1657.25;1517.05;2996.35;3458.65;1170.53
1186;07|1|2;7To1Ri2Re4Ta;7To;1Ri;2Re;4Ta;4.34;39;45;35;2177.74;3240.72;6278.59;3506.40;6690.61;21963.58;1691.64;1886.92;25530.91;3048.52;3196.82;676.01;3963.34;2472.32;3450.27;6633.90;2606.66;776.84
1187;07|1|2;7To1Ri2Re4Ta;7To;1Ri;2Re;4Ta;4.34;39;46;35;2214.33;2245.66;6898.48;2906.80;11758.31;15484.13;4699.28;4834.24;24937.46;3501.30;2579.71;1306.00;3433.87;1818.35;2487.31;4324.70;2643.98;1087.20
1188;07|1|2;7To1Ri2Re4Ta;7To;1Ri;2Re;4Ta;4.34;39;45;35;1520.68;1382.24;6342.99;1035.75;10205.44;8707.88;2121.48;1652.53;35858.77;3557.59;2264.08;819.52;4426.81;2984.33;2419.16;9779.34;2767.20;439.67
1189;07|1|2;7To1Ri2Re4Ta;7To;1Ri;2Re;4Ta;4.34;39;45;35;2557.50;3025.83;7001.31;2249.57;6408.20;13900.04;4333.86;4500.62;25496.74;1990.25;4565.59;1231.54;3060.17;1874.18;4114.69;5523.02;2027.17;967.46
1190;07|1|2;7To1Ri2Re4Ta;7To;1Ri;2Re;4Ta;4.34;39;45;35;1940.29;2982.27;10400.57;2569.58;13423.70;14356.87;5855.73;5844.21;23979.51;3025.03;2044.55;1503.20;3909.62;2301.65;2105.21;6113.77;2965.77;1155.21
1191;07|1|2;7To1Ri2Re4Ta;7To;1Ri;2Re;4Ta;4.34;39;45;35;1199.46;2020.12;12720.57;2626.36;11978.13;13313.50;5179.68;5177.51;21718.47;2452.82;3246.39;1454.02;3470.70;1933.99;2806.94;5085.84;2761.57;1148.50
1192;07|1|2;7To1Ri2Re4Ta;7To;1Ri;2Re;4Ta;4.34;39;45;35;1510.11;2745.12;6392.00;2898.20;11318.68;12420.29;7031.45;6629.98;34968.03;3363.26;1979.80;1724.78;3734.67;2196.38;2381.85;6658.56;3280.51;1051.76
1193;07|1|2;7To1Ri2Re4Ta;7To;1Ri;2Re;4Ta;4.34;39;46;35;2607.92;4830.10;12831.09;3730.07;12951.28;11550.35;9768.18;10652.17;15904.71;1838.51;2649.52;1908.90;1919.90;1033.59;2991.91;3035.58;2156.02;1394.68
1194;07|1|2;7To1Ri2Re4Ta;7To;1Ri;2Re;4Ta;4.34;39;45;36;2248.49;5160.17;13496.14;3035.84;16243.31;25657.66;1640.47;1657.90;18211.30;2287.86;1835.14;556.42;3311.86;2079.14;2322.62;6093.59;2886.20;563.24
1195;07|1|2;7To1Ri2Re4Ta;7To;1Ri;2Re;4Ta;4.34;39;46;35;1262.89;3024.86;4624.61;3596.73;6911.17;18923.71;2683.75;2705.41;25389.66;4382.86;2525.08;918.80;3842.86;2131.78;2969.19;6833.43;3425.56;826.65
1196;07|1|2;7To1Ri2Re4Ta;7To;1Ri;2Re;4Ta;4.34;39;45;35;2120.82;4786.54;12617.74;4594.63;13583.16;19728.80;4505.43;4626.67;21125.02;2538.48;1972.72;1208.97;3033.32;1698.72;2422.41;4825.77;2902.40;1070.91
1197;07|1|2;7To1Ri2Re4Ta;7To;1Ri;2Re;4Ta;4.34;39;46;35;1418.21;3495.29;8621.65;5268.21;13773.17;17940.97;5573.99;5448.37;19967.73;4055.39;2263.07;1487.41;2800.81;1425.97;2599.26;3587.10;3821.28;1274.94
1198;07|1|2;7To1Ri2Re4Ta;7To;1Ri;2Re;4Ta;4.34;39;46;35;5852.57;10465.54;5395.38;7691.55;4864.27;24377.42;3970.85;5430.67;5993.74;1015.68;7488.25;921.51;1211.64;506.43;5936.77;873.24;1317.41;1606.37
1199;07|1|2;7To1Ri2Re4Ta;7To;1Ri;2Re;4Ta;4.34;39;46;35;3723.63;7804.63;7003.23;8328.14;6345.61;17228.95;5163.42;6536.12;7436.93;1438.60;5864.55;1105.63;1159.46;496.86;4755.58;1029.05;1818.05;1772.09
1200;07|1|2;7To1Ri2Re4Ta;7To;1Ri;2Re;4Ta;4.34;39;46;35;1443.42;3262.01;5778.84;3481.45;8002.80;18451.38;4277.27;4574.64;23252.79;3501.79;2921.65;1206.72;3358.67;1954.73;2427.28;5896.30;2758.75;935.85
1201;07|1|2;7To1Ri2Re4Ta;7To;1Ri;2Re;4Ta;4.34;39;46;35;914.85;2300.83;14043.95;3514.14;9379.08;10651.51;5697.40;6340.88;23470.35;2187.03;3042.04;1400.76;2948.14;1786.45;2452.42;6157.48;1708.20;1353.49
1202;07|1|2;7To1Ri2Re4Ta;7To;1Ri;2Re;4Ta;4.34;39;46;35;1122.21;2380.20;5071.50;4023.42;7926.05;10906.71;6284.96;7063.36;18287.62;2044.58;4147.77;1507.72;2446.30;1446.70;4229.07;4708.07;2234.18;1292.19
1203;07|1|2;7To1Ri2Re4Ta;7To;1Ri;2Re;4Ta;4.34;39;46;35;1795.54;3900.86;7282.90;4899.16;8486.40;13371.31;5363.29;5467.15;19810.54;3235.50;2469.44;1288.40;2859.90;1621.36;2718.52;4733.85;2818.60;1197.36
1204;07|1|2;7To1Ri2Re4Ta;7To;1Ri;2Re;4Ta;4.34;39;46;35;1303.55;2993.89;6301.66;4546.45;10202.46;15286.03;5428.31;5600.16;21029.34;3076.91;3085.54;1496.44;2902.87;1492.96;2703.10;4391.96;3008.72;1245.25
1205;07|1|2;7To1Ri2Re4Ta;7To;1Ri;2Re;4Ta;4.34;40;46;36;1689.82;3515.61;8211.28;4221.27;10628.68;11957.83;4536.13;4470.58;21629.63;2502.74;3549.89;1159.78;3221.32;2084.72;2700.67;6691.07;2047.59;989.49
1206;07|1|2;7To1Ri2Re4Ta;7To;1Ri;2Re;4Ta;4.34;40;46;36;2188.31;3624.03;9517.36;5009.27;9086.24;16259.60;4944.89;5654.87;23364.41;3322.14;2294.43;1363.31;3541.30;1907.67;3478.66;5194.57;2644.69;1316.13
1207;07|1|2;7To1Ri2Re4Ta;7To;1Ri;2Re;4Ta;4.34;40;46;36;442.38;605.94;3789.45;555.73;3456.70;1259.09;2023.35;2186.21;9099.96;3362.28;6046.64;561.39;953.81;587.77;5944.88;1729.66;2826.35;444.46
1208;09|1|2;9To1Ri2Re4Ta;9To;1Ri;2Re;4Ta;4.64;38;43;35;1848.39;3058.74;6267.06;3420.38;9473.71;18808.10;11469.46;10013.36;38671.11;3216.41;7942.48;3003.70;6510.92;3443.70;6687.99;7485.83;4344.44;1729.94
1209;09|1|2;9To1Ri2Re4Ta;9To;1Ri;2Re;4Ta;4.64;38;44;35;2237.92;3927.00;11898.86;2472.38;17445.22;22497.24;2466.43;2061.24;28015.20;4582.08;2947.95;823.58;6570.78;3987.61;2419.97;10648.09;4176.86;568.98
1210;09|1|2;9To1Ri2Re4Ta;9To;1Ri;2Re;4Ta;4.64;38;44;35;7169.95;14875.54;12932.96;12163.16;13232.20;29578.04;7871.86;8222.98;11902.05;1722.50;5673.34;1749.60;2454.74;1032.79;4859.42;1875.38;2084.91;2055.62
1211;09|1|2;9To1Ri2Re4Ta;9To;1Ri;2Re;4Ta;4.64;38;45;35;4627.09;8283.76;9466.42;7485.95;11457.27;17944.50;6244.63;6148.33;20505.37;2301.08;8999.66;1487.41;3780.71;2278.52;4680.13;6611.48;2459.50;1348.70
1212;09|1|2;9To1Ri2Re4Ta;9To;1Ri;2Re;4Ta;4.64;39;45;35;2263.94;3505.94;11747.98;3188.97;16171.77;18529.63;10558.02;8173.10;44130.63;3677.51;2401.66;2538.43;6523.20;3281.01;2746.10;7266.12;4130.39;1313.26
1213;09|1|2;9To1Ri2Re4Ta;9To;1Ri;2Re;4Ta;4.64;39;45;35;3751.27;6162.01;25028.84;4615.27;24769.94;22563.51;4064.16;3454.18;24875.95;3370.11;1270.63;1162.94;5254.78;3091.99;776.37;8444.26;3484.71;889.87
1214;09|1|2;9To1Ri2Re4Ta;9To;1Ri;2Re;4Ta;4.64;39;45;35;8319.00;16855.98;17826.67;13549.03;12825.35;30192.07;7380.62;8392.47;8527.01;939.81;5736.07;1530.73;1723.46;671.51;5467.86;1126.57;1703.27;2117.88
1215;09|1|2;9To1Ri2Re4Ta;9To;1Ri;2Re;4Ta;4.64;39;45;35;2899.86;5129.20;12939.69;4479.35;13920.71;21873.34;5728.11;4679.23;35915.72;3258.02;2720.33;1675.14;5757.39;3261.86;2591.96;8589.99;3192.49;964.59
1216;09|1|2;9To1Ri2Re4Ta;9To;1Ri;2Re;4Ta;4.64;39;45;35;7491.98;8880.02;14730.14;7121.20;17620.32;35681.03;3320.07;3464.90;20462.09;4188.53;3403.20;1064.11;4655.48;2390.97;3055.19;4044.46;4175.45;1287.40
1217;09|1|2;9To1Ri2Re4Ta;9To;1Ri;2Re;4Ta;4.64;39;45;35;2045.19;3319.12;17611.39;3336.93;19709.70;19378.42;3905.83;3683.74;24944.29;3360.81;2620.18;973.40;5018.44;3080.03;2212.29;8873.59;3255.87;844.85
1218;09|1|2;9To1Ri2Re4Ta;9To;1Ri;2Re;4Ta;4.64;39;45;35;3120.23;3211.68;8027.72;3538.23;7987.90;14690.32;10012.00;7821.78;34104.62;985.83;8797.33;2365.14;5342.26;2639.80;7127.69;6219.14;1256.16;1339.12
1219;09|1|2;9To1Ri2Re4Ta;9To;1Ri;2Re;4Ta;4.64;39;45;35;6608.85;12038.46;33818.68;9912.73;25206.59;30873.08;7360.15;8307.19;13003.52;2918.32;1949.45;1620.09;2492.34;1019.23;1697.96;1627.65;2588.36;1884.16
1220;09|1|2;9To1Ri2Re4Ta;9To;1Ri;2Re;4Ta;4.64;39;46;35;3307.27;5396.35;13808.49;6292.77;18758.90;25600.55;5505.97;5320.18;23469.21;3881.63;2338.94;1315.47;4498.18;2596.73;2335.60;6918.62;3871.27;1109.23
1221;09|1|2;9To1Ri2Re4Ta;9To;1Ri;2Re;4Ta;4.64;39;45;35;4884.06;6293.65;15886.29;4530.11;18893.02;22051.70;7673.80;6329.62;30799.06;2228.14;4435.08;1923.34;4222.70;2321.59;4444.06;5937.77;2891.83;1292.19
1222;09|1|2;9To1Ri2Re4Ta;9To;1Ri;2Re;4Ta;4.64;39;45;35;3961.89;7372.92;30504.95;6324.60;24273.68;25078.87;5658.88;5277.27;17719.23;1538.95;4001.08;1298.32;3985.59;2268.15;4456.23;5774.11;2481.33;1248.12
1223;09|1|2;9To1Ri2Re4Ta;9To;1Ri;2Re;4Ta;4.64;39;46;35;7718.86;13450.71;13823.86;10031.44;14732.91;26758.83;4984.02;5534.19;13917.04;2218.84;5353.66;1180.99;2788.53;1462.66;4441.62;3556.84;2879.86;1672.47
1224;09|1|2;9To1Ri2Re4Ta;9To;1Ri;2Re;4Ta;4.64;39;46;35;2779.50;4754.60;9914.28;5205.41;11363.38;15571.54;7735.80;7152.93;17384.35;2302.05;4314.70;1797.44;3279.63;1816.75;3502.19;4959.17;2455.28;1602.54
1225;09|1|2;9To1Ri2Re4Ta;9To;1Ri;2Re;4Ta;4.64;40;46;36;6407.99;12834.12;10249.69;10282.64;12360.38;23385.52;6668.44;7142.21;13948.94;2004.94;7231.29;1440.93;2750.93;1461.06;5205.01;3775.42;2525.69;1727.07
1226;09|1|2;9To1Ri2Re4Ta;9To;1Ri;2Re;4Ta;4.64;39;46;36;5254.87;8017.58;12794.57;5314.66;11798.55;27397.54;5343.42;5407.07;15363.65;4625.16;2006.11;1281.63;3752.32;2150.92;2118.19;4676.68;3745.93;1186.82
1227;09|1|2;9To1Ri2Re4Ta;9To;1Ri;2Re;4Ta;4.64;39;46;36;2993.38;4648.12;16840.63;3525.33;21302.81;16955.42;3445.89;2907.62;24369.06;3094.04;1739.03;948.13;5198.00;3321.68;1401.85;9450.89;3336.14;735.66
1228;09|1|2;9To1Ri2Re4Ta;9To;1Ri;2Re;4Ta;4.64;39;46;36;6498.25;12357.89;9989.24;11856.90;13216.55;33611.21;6965.23;8287.88;13231.33;3090.13;3856.42;1638.59;2769.35;1131.68;4311.01;1527.88;4231.08;2338.20
1229;09|1|2;9To1Ri2Re4Ta;9To;1Ri;2Re;4Ta;4.64;39;46;36;3240.59;5173.72;8566.87;4302.14;11486.33;19667.46;4403.09;3548.04;27165.46;2972.65;4093.14;1204.46;5338.42;3153.40;3410.52;8683.03;3582.58;878.38
1230;09|1|2;9To1Ri2Re4Ta;9To;1Ri;2Re;4Ta;4.64;39;46;36;6155.08;10884.66;9663.44;9138.50;11016.89;28192.76;9673.07;8646.17;20018.99;2614.35;7184.75;2157.10;3482.21;1544.80;5505.18;3203.73;2976.33;1882.24
1231;09|1|2;9To1Ri2Re4Ta;9To;1Ri;2Re;4Ta;4.64;40;46;36;5123.14;7834.63;22434.95;5350.79;19163.51;28475.45;5722.09;5187.70;26962.71;1863.96;3827.08;1549.69;5039.92;2718.75;3568.71;7272.85;2210.95;1114.02
1232;09|1|2;9To1Ri2Re4Ta;9To;1Ri;2Re;4Ta;4.64;39;46;36;5051.57;5899.69;7477.03;5014.43;7482.70;28789.88;7076.00;6659.48;25786.06;2109.20;7143.27;1701.32;5468.87;2839.18;6144.45;5292.10;2313.04;1391.81
1233;09|1|2;9To1Ri2Re4Ta;9To;1Ri;2Re;4Ta;4.64;40;46;36;4951.55;8344.75;7683.66;3738.67;8057.20;32465.63;2312.92;2114.88;17640.63;3599.68;3678.37;586.21;4215.79;2568.02;3216.63;5613.81;3136.16;661.90
1234;09|1|2;9To1Ri2Re4Ta;9To;1Ri;2Re;4Ta;4.64;40;46;36;3342.24;5375.06;16530.21;5767.15;20133.68;23372.83;7524.50;6907.28;18327.49;2352.47;3927.23;1577.21;3540.53;1937.18;4030.32;4502.93;2888.31;1425.33
1235;09|1|2;9To1Ri2Re4Ta;9To;1Ri;2Re;4Ta;4.64;39;47;36;1203.53;2394.72;16789.69;2709.81;14045.14;13250.76;6774.40;5466.07;44538.41;887.93;6381.50;1931.92;5857.15;3151.81;4614.42;9197.55;1052.66;1340.08
1236;09|1|2;9To1Ri2Re4Ta;9To;1Ri;2Re;4Ta;4.64;40;46;36;1743.49;3135.21;5616.43;3966.64;10408.86;13298.70;7812.26;7641.02;26931.95;1020.09;10302.66;1886.34;4342.41;2322.38;8271.56;6429.88;2470.77;1497.17
1237;09|1|2;9To1Ri2Re4Ta;9To;1Ri;2Re;4Ta;4.64;40;46;36;4236.75;4750.73;8988.78;4060.41;10332.86;17563.11;10306.38;9674.38;22961.19;2773.92;5967.73;2428.77;4271.81;2218.71;5319.40;5098.17;2708.06;1663.85
1238;09|1|2;9To1Ri2Re4Ta;9To;1Ri;2Re;4Ta;4.64;40;47;36;7629.41;11780.02;15292.36;10974.28;18869.18;33549.88;3011.24;2634.08;34618.33;3186.56;2493.72;1176.48;6152.57;3143.03;3197.97;7970.09;3690.31;1142.76
1239;09|1|2;9To1Ri2Re4Ta;9To;1Ri;2Re;4Ta;4.64;40;46;36;3188.54;4862.04;12145.86;3255.21;17617.34;21324.87;5610.72;4067.78;28838.74;3184.11;2954.02;1581.73;5339.19;3181.31;2394.83;8046.32;3876.90;1083.37
1240;09|1|2;9To1Ri2Re4Ta;9To;1Ri;2Re;4Ta;4.64;40;46;36;4087.94;6399.15;14928.12;4601.51;16519.01;23031.62;4687.23;3778.68;26775.90;2708.82;4237.81;1305.54;4954.75;2859.91;3461.63;7920.77;2920.00;1053.67
1241;09|1|2;9To1Ri2Re4Ta;9To;1Ri;2Re;4Ta;4.64;40;46;36;2585.96;4121.55;7990.24;4595.49;9901.42;18014.29;5672.12;4494.18;36241.50;2862.52;4849.86;1478.38;5987.60;3277.81;4530.86;8890.41;3199.54;1055.59
1242;09|1|2;9To1Ri2Re4Ta;9To;1Ri;2Re;4Ta;4.64;41;46;36;2415.19;4196.09;18801.19;5454.02;15884.89;9496.75;11951.06;11359.09;23104.71;1182.60;5472.03;2813.71;3152.25;1446.70;4711.77;4367.30;1579.35;1992.40
1243;09|1|2;9To1Ri2Re4Ta;9To;1Ri;2Re;4Ta;4.64;40;46;36;2994.19;4783.64;6971.52;4358.92;10174.89;18132.02;5530.65;5160.35;19591.84;4988.36;1407.21;1255.45;4066.93;2442.01;1726.35;7009.42;4606.37;1204.06
1244;09|1|2;9To1Ri2Re4Ta;9To;1Ri;2Re;4Ta;4.64;40;46;36;8043.32;10846.91;9709.57;7642.51;8088.49;37907.35;3190.04;3285.76;19940.40;3899.25;4008.17;898.94;4540.38;2538.51;4612.80;5107.14;2878.46;1053.67
1245;09|1|2;9To1Ri2Re4Ta;9To;1Ri;2Re;4Ta;4.64;40;46;36;2190.75;3757.60;21855.43;3751.58;16498.89;12451.31;10223.30;9859.96;29597.35;1466.01;4430.02;2317.31;4429.88;2524.95;3694.46;8480.13;1427.96;1575.72
1246;09|1|2;9To1Ri2Re4Ta;9To;1Ri;2Re;4Ta;4.64;40;46;36;3303.20;5917.11;10133.40;7084.21;11794.08;17704.10;8931.39;8387.64;17539.26;2184.58;4895.38;1943.20;3025.64;1542.41;3934.59;4214.84;2376.42;1822.85
1247;09|1|2;9To1Ri2Re4Ta;9To;1Ri;2Re;4Ta;4.64;40;46;36;5405.31;9195.58;10661.02;6533.64;13235.92;30232.26;6641.35;5213.45;26718.95;3335.85;2491.70;1548.33;4676.20;2421.28;2515.70;5695.65;3707.21;1170.53
1248;09|1|2;9To1Ri2Re4Ta;9To;1Ri;2Re;4Ta;4.64;40;46;36;2984.43;4741.05;20498.41;5422.19;15191.91;18186.31;6590.18;6106.49;45087.44;1936.41;3786.61;1934.17;6230.84;3316.10;4108.20;9342.16;2189.82;1445.45
1249;09|1|2;9To1Ri2Re4Ta;9To;1Ri;2Re;4Ta;4.64;41;47;36;4302.62;7260.63;22071.67;7559.93;18454.14;18819.38;10290.13;9986.54;17768.21;2099.90;3160.40;2303.77;2834.57;1225.79;3163.90;2838.29;2989.00;2053.70
1250;09|1|2;9To1Ri2Re4Ta;9To;1Ri;2Re;4Ta;4.64;40;46;36;3159.27;6002.29;15665.25;6360.73;15560.01;18537.38;8500.96;7496.21;29711.26;2850.77;3390.05;2196.37;4505.85;2049.63;3724.47;5086.96;3077.02;1635.11
1251;09|1|2;9To1Ri2Re4Ta;9To;1Ri;2Re;4Ta;4.64;39;46;36;5751.74;12036.53;8733.14;9972.94;10663.70;25912.16;8567.78;8634.91;16992.51;2385.76;6466.48;1866.03;2458.57;1095.80;5211.50;2436.99;3006.61;2001.02
1252;09|1|2;9To1Ri2Re4Ta;9To;1Ri;2Re;4Ta;4.64;40;46;36;3748.83;7233.53;27565.08;5311.22;22315.45;22219.48;3710.18;3491.72;20508.79;2107.73;2417.85;980.17;4250.33;2516.18;2007.86;7389.43;2674.96;1084.33
1253;09|1|2;9To1Ri2Re4Ta;9To;1Ri;2Re;4Ta;4.64;40;47;36;3773.23;9080.39;24269.61;7905.75;20380.32;22638.24;6942.36;6224.49;26721.23;2357.86;3631.83;1539.76;3866.65;2134.17;2574.92;5857.06;2755.23;1481.85
1254;09|1|2;9To1Ri2Re4Ta;9To;1Ri;2Re;4Ta;4.64;40;47;36;4375.00;8171.48;19384.55;7451.54;18403.47;23408.78;4944.89;4640.61;18620.23;2426.87;2568.58;1175.58;3706.28;2103.07;2342.09;6196.72;3108.70;1311.34
1255;09|1|2;9To1Ri2Re4Ta;9To;1Ri;2Re;4Ta;4.64;40;47;37;2542.05;4450.66;14379.36;4517.20;16590.54;17776.01;6225.37;5513.81;26435.32;3077.40;2743.60;1458.08;4452.14;2613.48;2475.14;7833.33;3195.31;1112.10
1256;09|1|2;9To1Ri2Re4Ta;9To;1Ri;2Re;4Ta;4.64;40;46;36;4901.95;7752.36;12000.74;4998.95;11886.47;23163.45;5139.95;4173.98;22622.88;2077.38;3730.97;1256.81;3974.08;2316.80;4028.69;6394.01;2505.97;1187.78
1257;09|1|2;9To1Ri2Re4Ta;9To;1Ri;2Re;4Ta;4.64;40;47;36;7673.32;11142.14;8936.88;6580.10;10431.21;30685.56;3447.70;3171.51;16784.06;1954.03;6982.42;889.92;3317.23;1858.23;5445.15;4610.55;2515.83;1189.69
1258;09|1|2;9To1Ri2Re4Ta;9To;1Ri;2Re;4Ta;4.64;40;46;36;1964.68;4257.07;26109.07;6588.70;19768.56;16748.15;8646.64;9101.54;34929.30;2324.08;2336.92;2264.06;4831.97;2184.41;2065.46;4724.89;2428.52;2179.19
1259;11|1|2;11To1Ri2Re4Ta;11To;1Ri;2Re;4Ta;4.46;39;44;36;6584.45;11675.48;13858.46;9466.25;18583.79;26426.79;1214.85;1586.56;6305.84;967.71;1672.26;605.61;4037.77;1762.52;1568.16;1869.78;1429.37;1025.89
1260;11|1|2;11To1Ri2Re4Ta;11To;1Ri;2Re;4Ta;4.46;38;44;36;4980.01;9160.73;7312.69;6744.40;8496.09;16217.30;4007.57;4010.38;8615.86;0.00;2054.67;908.42;1623.70;855.74;2666.60;2143.29;0.00;1081.45
1261;11|1|2;11To1Ri2Re4Ta;11To;1Ri;2Re;4Ta;4.46;39;45;36;4919.02;7408.73;3620.31;4706.46;3884.41;23123.97;4576.47;3964.79;10880.31;1432.73;6654.65;1074.49;3095.47;1667.62;4663.10;2747.50;1206.87;817.08
1262;11|1|2;11To1Ri2Re4Ta;11To;1Ri;2Re;4Ta;4.46;39;45;36;6665.77;11115.03;6999.39;6436.43;7260.64;30723.63;1512.85;1610.16;4730.52;1624.12;4498.82;394.87;2059.55;980.15;4011.66;1003.27;1674.40;793.13
1263;11|1|2;11To1Ri2Re4Ta;11To;1Ri;2Re;4Ta;4.46;39;45;35;1528.00;2768.35;23839.05;3436.72;18064.43;6296.15;11310.53;11309.21;12258.57;1072.95;1079.43;2460.81;2819.99;1181.93;632.78;2285.66;870.30;1704.08
1264;11|1|2;11To1Ri2Re4Ta;11To;1Ri;2Re;4Ta;4.46;39;45;36;4763.70;8679.66;13270.29;4318.48;12405.09;19383.36;5269.98;4122.48;13447.75;1283.92;2650.53;1143.99;2489.27;1443.51;2316.13;3476.13;1233.62;729.91
1265;11|1|2;11To1Ri2Re4Ta;11To;1Ri;2Re;4Ta;4.46;39;45;36;2093.17;4164.15;7383.81;3603.61;7973.74;6989.85;7356.54;6419.19;19307.08;704.37;6464.46;1689.58;2760.14;1559.95;4200.68;4859.40;983.66;1062.29
1266;11|1|2;11To1Ri2Re4Ta;11To;1Ri;2Re;4Ta;4.46;39;46;36;2127.32;3718.89;15255.84;3998.47;12503.45;9637.75;4536.13;4199.72;17731.76;1215.39;2837.68;1236.95;3799.13;2141.35;2557.08;5169.91;1348.40;1055.59
1267;11|1|2;11To1Ri2Re4Ta;11To;1Ri;2Re;4Ta;4.46;39;46;36;3504.06;6289.78;3476.15;5512.52;4009.60;10595.11;5993.59;5604.46;12676.61;1780.75;6030.46;1310.51;1985.12;1146.04;4385.65;3107.33;1277.28;1140.84
1268;11|1|2;11To1Ri2Re4Ta;11To;1Ri;2Re;4Ta;4.46;39;46;36;7484.66;10884.66;7219.47;6006.31;6886.58;26013.67;2477.87;2396.47;9224.11;1369.09;5431.56;636.30;2282.85;1193.89;4553.58;2092.85;1376.56;800.79
1269;11|1|2;11To1Ri2Re4Ta;11To;1Ri;2Re;4Ta;4.46;39;46;36;6357.57;10703.65;13178.03;7466.16;11818.67;21455.99;2990.78;2811.61;9638.73;1272.18;4582.78;728.81;2205.35;1205.06;2815.06;2783.37;1088.57;894.66
1270;11|1|2;11To1Ri2Re4Ta;11To;1Ri;2Re;4Ta;4.46;39;46;36;2867.33;4552.29;6688.01;6246.32;8964.78;10456.23;5210.98;6303.87;8893.79;1581.53;3820.00;1138.12;1901.48;914.76;2666.60;1837.27;1223.77;1507.71
1271;11|1|2;11To1Ri2Re4Ta;11To;1Ri;2Re;4Ta;4.46;40;46;36;2420.07;4067.35;6014.30;5652.74;7762.12;10621.19;6183.83;7499.42;9888.19;2943.77;3072.39;1204.01;1819.38;910.77;1740.14;2082.76;1912.40;1525.91
1272;11|1|2;11To1Ri2Re4Ta;11To;1Ri;2Re;4Ta;4.46;40;46;36;4878.36;4606.50;7775.92;2938.63;10105.59;11496.07;2008.90;2521.98;11785.86;2917.34;1371.80;498.66;2790.07;1917.24;928.89;5144.13;1846.21;790.25
1273;11|1|2;11To1Ri2Re4Ta;11To;1Ri;2Re;4Ta;4.46;40;46;36;2214.33;4373.22;6489.07;3647.48;7897.74;12393.51;3139.47;3132.90;18182.83;2640.29;3434.56;843.89;3862.82;2509.00;2457.29;6868.18;1772.98;766.31
1274;11|1|2;11To1Ri2Re4Ta;11To;1Ri;2Re;4Ta;4.46;39;46;36;3236.52;4686.84;3240.69;5364.55;4391.11;11346.61;6630.52;6188.55;16227.06;2151.78;4591.89;1480.64;2579.81;1324.68;4088.73;3023.25;2119.41;1236.63
1275;11|1|2;11To1Ri2Re4Ta;11To;1Ri;2Re;4Ta;4.46;40;46;36;5069.46;7607.16;5117.64;8162.11;6908.19;17940.97;5248.91;5832.95;10858.67;1794.95;4608.07;1276.21;2137.06;861.32;3572.77;1403.45;1424.44;1429.16
1276;11|1|2;11To1Ri2Re4Ta;11To;1Ri;2Re;4Ta;4.46;40;46;36;2522.53;3681.14;17989.09;2558.40;16700.82;9909.17;10167.92;8070.65;19276.32;1276.58;1915.06;2112.88;2566.00;1355.79;1629.00;3418.96;1734.96;1109.23
1277;11|1|2;11To1Ri2Re4Ta;11To;1Ri;2Re;4Ta;4.46;40;46;36;6277.06;10084.16;8759.09;8576.75;9472.22;29543.49;3178.00;2926.93;17205.51;1405.32;4036.49;1237.85;3624.17;1404.44;3303.43;1968.42;1887.05;1015.36
1278;11|1|2;11To1Ri2Re4Ta;11To;1Ri;2Re;4Ta;4.46;40;46;36;1966.31;2925.16;12412.07;2583.35;9566.11;8791.78;7723.16;6104.35;23285.82;1055.33;3891.83;1891.75;2915.14;1569.52;3369.95;4759.64;1377.26;1065.17
1279;11|1|2;11To1Ri2Re4Ta;11To;1Ri;2Re;4Ta;4.46;40;46;36;4039.96;6951.86;5117.64;6555.15;5392.58;13120.34;3921.48;4273.20;10601.24;2617.28;5025.89;988.30;2230.67;1333.46;3704.19;3674.54;1727.92;1247.17
1280;11|1|2;11To1Ri2Re4Ta;11To;1Ri;2Re;4Ta;4.46;40;46;36;3774.04;6305.26;12150.66;6035.55;10922.26;14399.87;5750.98;5553.50;13006.93;1379.37;3406.23;1473.42;2895.19;1367.75;2191.20;2851.75;1339.24;1347.74
1281;11|1|2;11To1Ri2Re4Ta;11To;1Ri;2Re;4Ta;4.46;40;46;36;3671.58;5049.82;7359.79;8016.72;7830.68;13479.88;6642.56;6598.87;17216.90;1713.69;3591.36;1651.22;2737.89;1241.74;3201.21;2731.80;2021.54;1448.32
1282;11|1|2;11To1Ri2Re4Ta;11To;1Ri;2Re;4Ta;4.46;40;46;36;4630.34;10178.05;4108.52;8004.68;3812.14;19938.88;3752.32;3395.71;12561.56;2662.32;2618.16;957.16;2197.68;1213.03;3385.37;3259.78;2988.30;1065.17
1283;11|1|2;11To1Ri2Re4Ta;11To;1Ri;2Re;4Ta;4.46;40;47;36;6186.80;10769.47;6527.51;9026.66;5324.02;19265.63;3871.51;4421.24;8589.66;993.66;7460.93;949.04;1686.62;760.04;4848.87;1390.00;968.87;1446.41
1284;11|1|2;11To1Ri2Re4Ta;11To;1Ri;2Re;4Ta;4.46;41;47;36;1762.20;2704.47;9967.14;2600.55;10815.71;7200.64;9235.41;7382.50;23077.37;1504.68;3085.54;2024.43;2984.97;1664.43;2054.91;4861.64;1479.36;1057.50
1285;11|1|2;11To1Ri2Re4Ta;11To;1Ri;2Re;4Ta;4.46;40;47;36;2510.34;3724.69;8925.35;3318.01;9132.44;9801.30;2980.54;3193.50;17006.18;1650.06;3865.52;773.04;3385.53;2253.80;2683.63;6593.54;1129.41;798.88
1286;11|1|2;11To1Ri2Re4Ta;11To;1Ri;2Re;4Ta;4.46;40;47;36;2172.86;3667.58;11714.34;6163.73;9113.06;13565.18;4498.20;5755.17;11055.72;933.94;4465.43;1416.56;4306.34;1776.88;2703.91;2495.28;774.54;1787.41
1287;11|1|2;11To1Ri2Re4Ta;11To;1Ri;2Re;4Ta;4.46;40;47;36;2614.43;4635.54;6900.40;4527.53;7734.55;10776.99;6851.45;5800.76;19922.17;1496.36;4040.54;1630.01;3846.70;1949.94;3823.45;4065.76;1935.63;1092.95
1288;11|1|2;11To1Ri2Re4Ta;11To;1Ri;2Re;4Ta;4.46;41;47;36;2453.41;3184.57;13684.51;2193.65;14017.57;7806.92;10281.09;7853.42;22966.88;1660.83;2093.11;2142.21;3285.01;1930.80;1848.04;5581.31;1421.62;905.20
1289;11|1|2;11To1Ri2Re4Ta;11To;1Ri;2Re;4Ta;4.46;41;47;37;3589.45;4882.37;4438.17;5249.28;5834.45;12376.59;5211.58;5887.65;10395.07;2557.57;3703.66;1101.12;1998.93;969.79;2136.03;2072.67;1569.49;1433.95
1290;11|1|2;11To1Ri2Re4Ta;11To;1Ri;2Re;4Ta;4.46;41;47;37;5326.44;9961.23;7512.59;7195.18;8194.30;18304.74;2895.06;3417.17;10429.24;2716.16;2635.35;721.14;2103.29;1230.58;2308.83;3151.04;1974.36;1064.21
1291;11|1|2;11To1Ri2Re4Ta;11To;1Ri;2Re;4Ta;4.46;41;47;37;3410.54;5701.26;5391.54;4212.67;6034.89;13697.01;9295.61;8575.91;11121.79;1469.93;6020.34;1760.43;2173.89;1095.80;4592.52;2410.08;1385.71;1219.39
1292;11|1|2;11To1Ri2Re4Ta;11To;1Ri;2Re;4Ta;4.46;41;47;37;6851.18;10384.23;12649.45;5210.57;11744.90;24306.92;4365.16;3637.08;11101.29;1752.36;2185.17;946.33;2359.59;1301.56;1985.14;2708.26;1418.81;750.98
1293;11|1|2;11To1Ri2Re4Ta;11To;1Ri;2Re;4Ta;4.46;40;47;36;7561.91;10952.42;15406.73;5113.36;11063.09;26184.28;3197.87;2741.89;8783.30;1933.96;1773.43;646.23;2119.41;1211.44;2123.05;2326.01;1506.82;643.70
1294;11|1|2;11To1Ri2Re4Ta;11To;1Ri;2Re;4Ta;4.46;42;47;37;6458.40;9603.09;19410.50;7082.49;14928.13;19153.54;4260.41;3962.65;10536.31;1015.19;2461.35;957.16;2117.87;1054.32;1849.66;2366.37;903.39;1006.74
1295;11|1|2;11To1Ri2Re4Ta;11To;1Ri;2Re;4Ta;4.46;40;47;37;5293.09;7723.32;12826.29;3902.12;9628.70;19815.51;5410.25;4242.09;13106.03;0.00;3139.16;1092.99;2444.76;1432.35;3408.08;3555.71;0.00;717.46
1296;11|1|2;11To1Ri2Re4Ta;11To;1Ri;2Re;4Ta;4.46;41;47;37;3832.59;6672.12;8051.75;4133.53;10765.04;14280.73;2379.14;2382.52;14205.23;2146.40;3190.75;606.07;2953.51;1937.18;2278.00;5192.33;1726.51;714.58
1297;11|1|2;11To1Ri2Re4Ta;11To;1Ri;2Re;4Ta;4.46;41;47;37;3504.88;3205.87;11648.99;2107.63;10695.74;9431.19;6746.70;4664.21;26213.21;1460.63;2952.00;1564.13;4101.46;2440.42;2340.47;6136.19;1204.05;705.00
1298;11|1|2;11To1Ri2Re4Ta;11To;1Ri;2Re;4Ta;4.46;41;47;37;5443.54;8587.70;8037.33;7022.27;5194.37;16856.01;2918.54;3678.91;7984.82;2273.66;3201.88;694.06;1980.52;1104.57;3726.10;2644.37;1981.40;1116.89
1299;11|1|2;11To1Ri2Re4Ta;11To;1Ri;2Re;4Ta;4.46;41;47;37;6529.97;9242.04;5623.15;6658.38;5033.42;17289.57;2635.59;2989.15;8583.96;992.19;5941.43;610.13;1543.13;878.07;4246.92;2201.58;854.10;1020.15
1300;11|1|2;11To1Ri2Re4Ta;11To;1Ri;2Re;4Ta;4.46;41;47;37;3000.69;4568.75;7911.43;4937.87;7806.83;10435.78;4442.22;5236.51;8639.78;2355.41;2805.31;807.79;1784.08;1193.09;3557.35;3310.22;1997.60;1170.53
1301;11|1|2;11To1Ri2Re4Ta;11To;1Ri;2Re;4Ta;4.46;41;47;37;9544.48;12876.71;5775.00;8304.05;6174.97;26328.80;1914.39;2128.82;5673.66;1231.06;5807.89;474.74;1428.03;690.65;4242.86;1274.54;1138.57;925.32
1302;11|1|2;11To1Ri2Re4Ta;11To;1Ri;2Re;4Ta;4.46;41;47;37;3689.47;4527.13;4333.41;5620.05;4961.89;12183.42;8473.26;10721.36;5822.88;1332.87;6449.28;1579.47;1381.22;516.79;4831.84;863.15;1148.42;1822.85
1303;11|1|2;11To1Ri2Re4Ta;11To;1Ri;2Re;4Ta;4.46;41;47;37;5767.19;8559.63;18171.69;4136.97;12665.14;23829.65;3884.76;3464.90;9562.42;1116.52;3074.41;838.47;2294.36;1359.77;2396.45;2579.35;1042.10;688.72
1304;11|1|2;11To1Ri2Re4Ta;11To;1Ri;2Re;4Ta;4.46;41;47;37;7248.83;11304.75;16332.23;5620.05;12110.01;27222.71;3479.61;3038.50;10706.03;1120.43;3081.49;745.51;2490.80;1349.41;2745.29;2450.44;1105.47;732.78
1305;11|1|2;11To1Ri2Re4Ta;11To;1Ri;2Re;4Ta;4.46;41;47;37;3601.65;5235.67;15469.20;4019.97;12420.74;12144.65;8124.70;6570.44;16517.52;2378.41;1198.81;1692.29;2759.37;1469.04;1160.91;3995.13;1963.80;1017.27
1306;11|1|2;11To1Ri2Re4Ta;11To;1Ri;2Re;4Ta;4.46;41;47;37;2492.45;3946.35;15444.21;3304.24;9711.41;9862.64;5737.14;4522.08;22006.65;1278.54;2655.59;1374.59;3637.98;2233.86;2702.29;6841.28;1142.09;868.80
1307;11|1|2;11To1Ri2Re4Ta;11To;1Ri;2Re;4Ta;4.46;41;47;37;5848.51;8944.88;10502.45;4731.41;8830.65;20688.27;6018.88;4961.89;8680.78;1134.63;4415.86;1167.00;1945.99;1058.31;3803.98;2109.66;1178.00;819.95
1308;11|1|2;11To1Ri2Re4Ta;11To;1Ri;2Re;4Ta;4.46;41;47;37;3887.89;5510.57;7979.67;6139.65;6547.54;15214.83;3032.92;4069.92;7058.76;1720.54;4401.70;652.10;1897.64;1070.27;4233.13;2388.79;1617.37;1180.11
1309;11|1|2;11To1Ri2Re4Ta;11To;1Ri;2Re;4Ta;4.46;40;47;37;1531.25;2264.05;14164.08;1530.39;10473.69;2776.20;11911.93;9592.31;19070.15;2070.04;1646.97;2501.43;1608.36;887.64;2161.18;3753.01;1664.55;966.51
1310;13|1|2;13To1Ri2Re4Ta;13To;1Ri;2Re;4Ta;4.35;39;44;36;1546.70;3093.59;5103.22;3761.04;9505.75;12986.39;3621.68;3300.24;20187.57;1190.92;2746.64;1579.02;4190.47;1848.66;3709.87;4106.11;2052.52;979.92
1311;13|1|2;13To1Ri2Re4Ta;13To;1Ri;2Re;4Ta;4.35;39;45;36;1731.29;2466.35;11574.99;1685.24;9623.48;9213.35;3547.03;2457.61;13951.22;1207.07;1014.69;1004.99;2895.96;1824.73;693.62;4896.39;947.75;512.47
1312;13|1|2;13To1Ri2Re4Ta;13To;1Ri;2Re;4Ta;4.35;40;46;36;3086.89;4094.45;4484.30;2495.60;5664.55;8929.25;5419.88;3673.01;11397.44;1584.47;1166.43;1244.62;2121.71;1295.18;834.78;3422.32;1067.45;622.62
1313;13|1|2;13To1Ri2Re4Ta;13To;1Ri;2Re;4Ta;4.35;39;46;36;3706.55;6259.77;6589.02;3475.43;3915.71;17344.56;4008.77;3911.69;4888.85;996.59;3176.59;856.07;2051.88;1026.41;3004.08;1140.03;835.79;759.60
1314;13|1|2;13To1Ri2Re4Ta;13To;1Ri;2Re;4Ta;4.35;39;46;36;2859.20;4107.04;4353.59;3933.95;4860.55;8582.40;2958.87;3270.20;8337.92;1313.29;3285.85;732.87;1763.36;977.76;2247.18;2101.82;949.86;947.35
1315;13|1|2;13To1Ri2Re4Ta;13To;1Ri;2Re;4Ta;4.35;40;46;36;4976.76;8381.53;8226.66;5465.20;5142.21;13132.32;2556.13;2635.15;5662.27;799.82;3685.45;634.95;1067.38;503.24;2703.10;973.00;829.46;944.47
1316;13|1|2;13To1Ri2Re4Ta;13To;1Ri;2Re;4Ta;4.35;40;46;36;3355.25;5391.51;6812.94;4683.23;6057.99;8726.21;2142.55;2439.38;5556.34;932.47;3940.38;556.42;1130.30;669.12;2617.11;1611.95;873.82;950.22
1317;13|1|2;13To1Ri2Re4Ta;13To;1Ri;2Re;4Ta;4.35;40;46;36;2098.86;3121.66;5281.98;1687.82;5569.18;11183.76;3427.23;2247.90;12355.39;888.42;3951.51;985.14;2493.87;1428.36;2689.31;3543.38;1048.44;648.49
1318;13|1|2;13To1Ri2Re4Ta;13To;1Ri;2Re;4Ta;4.35;40;46;36;3126.74;4276.43;6757.20;2547.22;6998.35;10920.81;4139.41;2960.72;12047.85;1314.76;1261.53;1107.89;1913.76;1057.51;1271.24;2957.12;1847.62;697.34
1319;13|1|2;13To1Ri2Re4Ta;13To;1Ri;2Re;4Ta;4.35;40;47;36;3144.63;5582.20;4713.99;3418.66;6736.81;10153.79;5378.34;3981.42;9384.72;795.42;2338.94;1135.86;1754.15;945.86;2484.06;2496.40;1505.42;750.98
1320;13|1|2;13To1Ri2Re4Ta;13To;1Ri;2Re;4Ta;4.35;40;46;36;3792.75;5799.02;4232.50;3681.03;4723.44;12336.40;2347.23;1960.94;8840.25;2266.81;2064.78;692.71;2150.87;1255.30;1790.44;3147.68;1844.80;629.33
1321;13|1|2;13To1Ri2Re4Ta;13To;1Ri;2Re;4Ta;4.35;40;47;37;2231.41;3284.27;4800.49;2283.98;3483.53;10953.94;1537.53;1550.62;9678.60;848.77;7542.88;491.44;2506.92;1587.07;4345.89;3709.29;492.89;597.72
1322;13|1|2;13To1Ri2Re4Ta;13To;1Ri;2Re;4Ta;4.35;40;47;36;1452.37;2043.35;8690.85;1412.54;6011.04;7900.68;4713.72;3512.10;13091.22;1305.95;1976.77;1203.10;2491.57;1431.55;1358.04;3284.44;1132.93;698.30
1323;13|1|2;13To1Ri2Re4Ta;13To;1Ri;2Re;4Ta;4.35;40;47;37;4244.88;6174.59;7386.69;3344.67;4739.09;10918.69;4359.14;3028.30;9420.03;745.00;4471.50;958.06;1104.21;626.85;2861.30;1937.03;601.32;695.42
1324;13|1|2;13To1Ri2Re4Ta;13To;1Ri;2Re;4Ta;4.35;40;47;36;3759.41;4953.03;4119.10;2207.42;3549.10;16454.18;2191.91;1785.02;6843.48;757.72;4843.79;577.63;1751.85;965.80;3525.72;1943.76;1097.73;618.79
1325;13|1|2;13To1Ri2Re4Ta;13To;1Ri;2Re;4Ta;4.35;40;47;36;1484.08;3082.94;6769.70;3398.01;5313.59;7533.39;3238.80;3911.16;5297.77;1159.10;2032.41;741.00;1046.66;493.67;2313.70;914.71;1539.92;1205.98
1326;13|1|2;13To1Ri2Re4Ta;13To;1Ri;2Re;4Ta;4.35;41;47;37;2262.31;3304.60;9291.51;2506.79;9996.05;7842.88;4658.34;3261.62;15408.07;1018.13;1054.14;1173.32;2592.09;1579.89;803.14;4384.11;1270.94;650.40
1327;13|1|2;13To1Ri2Re4Ta;13To;1Ri;2Re;4Ta;4.35;41;47;37;2978.74;4645.22;9032.03;2411.30;5365.75;12528.16;4765.50;3374.26;10329.00;1140.01;2218.55;1050.12;2011.21;1176.34;2523.81;2899.95;1021.68;568.98
1328;13|1|2;13To1Ri2Re4Ta;13To;1Ri;2Re;4Ta;4.35;40;47;37;3161.71;4904.63;4142.16;3548.55;3063.27;10138.28;1890.31;2080.55;6155.48;1735.23;1940.35;528.90;1668.98;1090.21;2345.34;2869.68;1568.08;786.42
1329;13|1|2;13To1Ri2Re4Ta;13To;1Ri;2Re;4Ta;4.35;41;47;36;2313.54;3274.59;4915.81;2572.16;5095.27;6169.96;2238.27;2118.63;10750.46;1248.19;2528.12;641.26;2199.21;1603.02;1732.03;5147.49;1097.73;653.28
1330;13|1|2;13To1Ri2Re4Ta;13To;1Ri;2Re;4Ta;4.35;42;47;37;3389.40;4830.10;4481.42;3724.91;3784.57;7454.43;1938.47;2031.74;7223.92;936.88;4049.64;525.74;1454.89;1054.32;2784.23;3373.00;913.95;773.97
1331;13|1|2;13To1Ri2Re4Ta;13To;1Ri;2Re;4Ta;4.35;41;47;37;2199.70;3360.74;4663.06;3080.58;4189.18;8119.93;5415.06;4450.74;12028.48;749.89;3687.47;1321.34;2114.80;1156.41;3015.44;2930.21;1168.84;896.58
1332;13|1|2;13To1Ri2Re4Ta;13To;1Ri;2Re;4Ta;4.35;41;47;37;1909.38;3106.17;8614.93;1791.91;4762.93;9172.46;7535.34;6033.01;8992.88;922.19;1768.37;1426.49;1435.70;745.68;1921.86;1394.49;1073.79;854.43
1333;13|1|2;13To1Ri2Re4Ta;13To;1Ri;2Re;4Ta;4.35;41;47;37;3774.04;5172.75;6643.80;3174.34;6676.45;8528.82;1912.58;1712.07;9987.28;1235.95;3742.10;558.68;1902.25;1378.12;2302.34;4416.62;1279.39;618.79
1334;13|1|2;13To1Ri2Re4Ta;13To;1Ri;2Re;4Ta;4.35;41;47;37;3060.06;4068.32;9200.21;2156.66;5135.50;10241.21;3215.33;2452.25;15667.78;768.49;4443.18;975.21;2821.53;1413.21;2785.04;3630.82;629.49;744.28
1335;13|1|2;13To1Ri2Re4Ta;13To;1Ri;2Re;4Ta;4.35;41;47;37;2278.58;2888.38;9272.29;1751.48;6610.88;7664.52;4333.25;2999.88;13959.19;1958.43;1096.63;1143.09;2417.14;1394.87;665.23;4010.83;1402.61;703.09
1336;13|1|2;13To1Ri2Re4Ta;13To;1Ri;2Re;4Ta;4.35;41;47;37;5920.07;8567.38;5207.01;4803.67;5194.37;16011.45;1641.68;1650.39;5478.88;1105.75;3671.29;435.48;1213.17;693.05;2702.29;1637.74;1052.66;804.62
1337;13|1|2;13To1Ri2Re4Ta;13To;1Ri;2Re;4Ta;4.35;41;47;37;1715.84;2487.65;14522.55;2035.36;10312.74;3953.51;2085.96;2134.19;9481.54;735.21;1624.71;548.75;1889.97;1547.19;1041.65;5556.65;899.17;605.38
1338;13|1|2;13To1Ri2Re4Ta;13To;1Ri;2Re;4Ta;4.35;41;47;37;3028.34;4682.97;10481.30;3329.19;6970.04;7625.04;7375.80;5639.85;9944.00;943.24;2152.80;1349.77;1411.15;793.53;1954.31;2534.51;889.31;748.11
1339;13|1|2;13To1Ri2Re4Ta;13To;1Ri;2Re;4Ta;4.35;41;47;37;2887.66;4046.05;4939.84;2782.07;4443.27;8616.24;2285.22;1992.05;12929.48;1552.65;2731.46;657.51;2240.65;1517.68;2033.82;4294.43;1425.85;592.93
1340;13|1|2;13To1Ri2Re4Ta;13To;1Ri;2Re;4Ta;4.35;41;47;37;2559.94;4133.17;4491.99;2549.80;4318.83;11208.44;6173.59;4729.65;10241.29;1329.44;2444.15;1260.42;2115.57;1161.19;3254.76;2547.96;1720.17;715.54
1341;13|1|2;13To1Ri2Re4Ta;13To;1Ri;2Re;4Ta;4.35;41;47;37;1471.89;2054.00;4543.88;1559.64;5398.54;3538.99;3836.00;3400.00;12345.14;2499.32;1147.21;873.67;2094.09;1520.08;919.96;5418.77;1623.00;662.86
1342;13|1|2;13To1Ri2Re4Ta;13To;1Ri;2Re;4Ta;4.35;41;47;37;2775.44;3146.82;7188.72;2269.35;6137.72;7173.85;4588.51;4161.64;13397.63;1472.38;1826.03;1110.14;2418.67;1433.15;1405.91;3782.15;1131.53;793.13
1343;13|1|2;13To1Ri2Re4Ta;13To;1Ri;2Re;4Ta;4.35;41;48;37;1734.55;2365.68;10049.79;1609.54;7883.58;3765.99;7683.43;5483.77;14591.37;789.54;2794.18;1553.30;1890.74;1244.13;2131.17;4435.68;680.89;678.18
1344;13|1|2;13To1Ri2Re4Ta;13To;1Ri;2Re;4Ta;4.35;41;47;37;2973.05;4022.82;4585.21;2891.32;4760.70;7577.10;2465.22;2189.43;11119.51;1104.77;3166.47;697.22;2020.42;1396.46;2075.19;4811.20;871.70;702.13
1345;13|1|2;13To1Ri2Re4Ta;13To;1Ri;2Re;4Ta;4.35;41;47;37;3740.70;4981.10;8119.02;3071.97;6588.53;10114.31;2024.55;1701.34;9525.96;706.33;3461.87;653.90;2049.58;1323.89;3145.24;4018.67;749.19;745.23
1346;13|1|2;13To1Ri2Re4Ta;13To;1Ri;2Re;4Ta;4.35;41;47;37;1803.67;2405.37;7336.72;2186.77;6454.40;5978.21;2485.09;2972.52;7523.50;1700.97;1246.36;513.55;1844.70;1454.68;1262.31;4106.11;1708.91;743.32
1347;13|1|2;13To1Ri2Re4Ta;13To;1Ri;2Re;4Ta;4.35;41;47;37;2255.81;3119.72;3000.42;2532.59;3042.41;7263.38;1801.81;1875.66;11744.86;1426.36;2867.02;522.13;2417.90;1788.84;1956.75;5258.47;940.00;605.38
1348;13|1|2;13To1Ri2Re4Ta;13To;1Ri;2Re;4Ta;4.35;41;47;37;3722.00;5810.64;3432.90;3785.99;3208.57;12159.45;2314.72;2296.71;9106.79;2587.91;2653.56;625.02;2096.39;1232.97;2093.04;3058.00;1641.31;800.79
1349;13|1|2;13To1Ri2Re4Ta;13To;1Ri;2Re;4Ta;4.35;41;47;37;5477.69;7667.18;5822.09;4721.08;6261.41;13005.43;1602.55;1737.82;4506.12;1051.91;2890.29;404.34;937.70;538.33;2352.64;1151.24;1036.47;826.65
1350;13|1|2;13To1Ri2Re4Ta;13To;1Ri;2Re;4Ta;4.35;41;48;38;2128.95;2559.27;9796.07;1387.59;7047.53;9637.04;3565.69;2166.37;10534.03;816.46;2249.91;857.88;2167.75;1370.94;2300.72;3844.92;1157.58;515.34
1351;13|1|2;13To1Ri2Re4Ta;13To;1Ri;2Re;4Ta;4.35;42;47;37;4022.88;5677.06;6295.89;3079.72;5316.57;13591.97;4328.44;3544.29;7678.41;1639.78;1964.63;918.80;1289.14;651.58;1714.99;1392.24;1427.26;786.42
1352;13|1|2;13To1Ri2Re4Ta;13To;1Ri;2Re;4Ta;4.35;41;48;37;1791.47;2269.86;7102.22;1391.03;5771.11;9424.84;2708.43;1924.47;13297.40;1072.46;1753.19;915.19;3064.01;1729.82;2006.23;3787.76;1286.43;707.88
1353;13|1|2;13To1Ri2Re4Ta;13To;1Ri;2Re;4Ta;4.35;41;47;37;1702.83;2555.40;10947.42;1286.08;9148.08;6612.69;6745.50;5990.10;10223.07;1158.12;1154.29;1264.93;1708.88;1030.40;855.06;2522.18;1106.18;870.72
1354;13|1|2;13To1Ri2Re4Ta;13To;1Ri;2Re;4Ta;4.35;41;48;37;2494.89;3564.98;7368.43;3392.85;5268.14;5956.36;2471.85;3020.26;5375.23;1022.05;3206.94;536.12;1102.68;822.25;2335.60;2380.94;1009.71;1008.65
1355;13|1|2;13To1Ri2Re4Ta;13To;1Ri;2Re;4Ta;4.35;42;48;37;2635.57;3924.09;9785.50;1900.30;5332.97;9035.70;7298.75;4982.27;10997.63;700.46;2949.98;1472.97;1415.75;732.13;2570.06;1880.99;816.78;786.42
1356;13|1|2;13To1Ri2Re4Ta;13To;1Ri;2Re;4Ta;4.35;41;48;37;3073.88;4264.81;3692.39;3431.56;2610.23;11130.19;1859.00;1936.27;9045.28;1462.59;3293.94;589.82;2523.80;1482.59;2621.98;3593.83;1338.54;740.44
1357;13|1|2;13To1Ri2Re4Ta;13To;1Ri;2Re;4Ta;4.35;41;48;37;1767.08;2337.61;12692.70;2058.59;9037.06;5629.95;6382.49;5684.91;13409.02;819.89;1728.91;1359.25;2411.77;1453.08;1522.73;4385.23;659.06;849.64
1358;13|1|2;13To1Ri2Re4Ta;13To;1Ri;2Re;4Ta;4.35;42;47;38;1975.25;2864.18;12232.35;2197.95;6880.62;6432.22;7846.57;5733.72;12154.92;805.21;2090.07;1606.10;1464.09;727.34;2092.23;1900.04;981.55;916.70
1359;13|1|2;13To1Ri2Re4Ta;13To;1Ri;2Re;4Ta;4.35;42;48;37;1815.05;2195.32;8514.98;1353.18;7250.96;8698.72;2573.58;1930.37;11448.70;938.35;1776.46;715.27;2790.83;1733.81;1216.07;4282.10;994.93;563.24
1360;13|1|2;13To1Ri2Re4Ta;13To;1Ri;2Re;4Ta;4.35;41;47;37;3991.98;3620.15;15305.82;1414.26;5976.77;17264.90;1362.34;1431.55;3239.49;806.67;1361.68;264.45;1138.74;815.07;624.67;827.28;365.44;394.65
1361;15|1|2;15To1Ri2Re4Ta;15To;1Ri;2Re;4Ta;5.4;40;45;37;1118.96;2167.25;3647.22;2466.35;5169.04;6298.97;3690.91;4020.58;10839.30;1543.35;1686.42;1390.39;4330.90;1773.69;2056.53;2129.84;2481.33;1198.31
1362;15|1|2;15To1Ri2Re4Ta;15To;1Ri;2Re;4Ta;5.4;40;46;37;1869.54;2851.60;6258.41;1502.01;4806.90;9011.73;1374.38;1449.79;5244.24;985.34;1299.97;329.88;2206.12;1526.46;878.59;2725.08;904.80;398.48
1363;15|1|2;15To1Ri2Re4Ta;15To;1Ri;2Re;4Ta;5.4;41;46;37;2507.08;3498.19;6965.75;2272.80;4495.43;5254.90;2371.31;1811.30;8130.62;1016.17;1631.79;748.67;1880.00;1034.39;1421.32;2332.74;1108.99;562.28
1364;15|1|2;15To1Ri2Re4Ta;15To;1Ri;2Re;4Ta;5.4;40;46;37;1549.95;2455.70;3443.47;1852.13;2475.35;6224.25;2377.33;2526.81;9689.99;1680.41;2519.01;622.76;2424.04;1335.85;1742.58;2833.81;1128.71;740.44
1365;15|1|2;15To1Ri2Re4Ta;15To;1Ri;2Re;4Ta;5.4;40;47;37;1658.92;2469.25;3528.05;1891.70;2872.51;4494.94;1641.07;1691.15;7825.35;807.16;3297.99;527.99;2468.55;1712.28;2012.72;4656.51;677.37;568.98
1366;15|1|2;15To1Ri2Re4Ta;15To;1Ri;2Re;4Ta;5.4;41;47;37;2263.13;3175.86;5115.71;1954.50;4967.85;6197.46;2107.03;1973.28;6239.77;944.71;2323.76;530.25;1233.12;838.99;1682.54;2508.73;762.57;565.15
1367;15|1|2;15To1Ri2Re4Ta;15To;1Ri;2Re;4Ta;5.4;40;47;37;2099.67;3429.47;3532.85;1982.03;2628.11;8002.20;3221.95;3489.58;3970.77;772.90;2902.43;634.95;923.12;449.80;2299.10;801.49;684.41;753.86
1368;15|1|2;15To1Ri2Re4Ta;15To;1Ri;2Re;4Ta;5.4;41;47;37;2931.57;4270.62;6931.15;2746.80;5906.72;6939.80;3433.25;2599.21;5753.40;1032.82;1089.55;741.45;1064.31;573.42;773.94;1429.24;812.56;618.79
1369;15|1|2;15To1Ri2Re4Ta;15To;1Ri;2Re;4Ta;5.4;40;47;37;1770.33;2796.42;5830.74;1392.75;3873.98;7511.54;4614.99;3451.49;6179.40;749.40;1270.63;906.16;1370.48;779.18;1538.95;1761.04;944.23;521.09
1370;15|1|2;15To1Ri2Re4Ta;15To;1Ri;2Re;4Ta;5.4;41;47;37;2572.14;4199.96;7787.46;1572.55;7934.25;8616.24;1342.48;1493.23;4974.28;771.92;1323.24;281.15;1472.54;1105.37;1103.31;3260.90;1004.08;402.31
1371;15|1|2;15To1Ri2Re4Ta;15To;1Ri;2Re;4Ta;5.4;41;47;37;1675.18;2404.40;8123.83;1933.85;5604.20;4412.45;2233.45;2181.92;7777.51;849.75;1386.97;623.67;1931.41;1286.40;838.84;3871.83;546.40;631.25
1372;15|1|2;15To1Ri2Re4Ta;15To;1Ri;2Re;4Ta;5.4;41;47;37;1462.94;2082.07;4502.56;1303.29;3282.34;5534.07;7105.50;5749.81;6832.09;948.62;2405.71;1394.00;1867.72;937.09;2228.52;1726.29;1173.77;720.33
1373;15|1|2;15To1Ri2Re4Ta;15To;1Ri;2Re;4Ta;5.4;41;47;37;1969.56;2404.40;6223.81;1698.14;5587.80;6490.02;2774.05;2662.51;4755.58;936.88;1577.17;579.89;1170.97;787.15;1088.70;1304.81;951.97;626.46
1374;15|1|2;15To1Ri2Re4Ta;15To;1Ri;2Re;4Ta;5.4;41;47;37;1659.73;2505.07;5562.61;2271.94;4979.03;5003.93;1860.81;1936.27;6336.59;767.03;1932.26;484.67;1489.42;1024.02;1740.14;2893.22;841.43;647.53
1375;15|1|2;15To1Ri2Re4Ta;15To;1Ri;2Re;4Ta;5.4;41;47;37;1559.71;2471.19;3165.73;1829.76;2372.53;6736.77;3049.17;2357.85;8245.66;966.25;2140.66;741.90;1709.65;951.44;1727.97;2217.28;863.96;687.76
1376;15|1|2;15To1Ri2Re4Ta;15To;1Ri;2Re;4Ta;5.4;41;48;37;1633.71;2637.68;3353.13;2271.08;2594.58;3590.45;3316.46;3327.59;6142.95;1277.56;2405.71;719.34;955.34;518.39;1662.26;1294.72;1580.05;803.67
1377;15|1|2;15To1Ri2Re4Ta;15To;1Ri;2Re;4Ta;5.4;41;47;37;1342.59;2033.67;5962.41;1469.32;5136.99;3629.22;1720.54;1903.02;9545.33;779.75;1980.81;500.47;2528.40;1770.50;1578.70;5395.23;687.93;686.80
1378;15|1|2;15To1Ri2Re4Ta;15To;1Ri;2Re;4Ta;5.4;41;47;37;2159.04;3110.04;6668.78;2261.61;4479.04;5088.53;3702.35;2959.65;5873.00;994.15;1295.93;779.36;974.53;540.72;1283.41;1524.52;958.31;690.63
1379;15|1|2;15To1Ri2Re4Ta;15To;1Ri;2Re;4Ta;5.4;41;47;37;2503.02;3569.82;6197.87;2733.89;5209.27;6371.59;1607.36;1708.85;6056.39;805.69;1947.43;436.39;1258.45;852.55;1163.34;2578.23;729.47;759.60
1380;15|1|2;15To1Ri2Re4Ta;15To;1Ri;2Re;4Ta;5.4;41;47;37;2178.55;3235.88;3579.94;1748.90;2023.05;9128.05;3751.71;3562.52;5818.32;1601.11;1799.73;787.93;1687.39;944.27;1835.06;1728.53;1360.37;700.21
1381;15|1|2;15To1Ri2Re4Ta;15To;1Ri;2Re;4Ta;5.4;41;48;37;2126.51;2754.80;3429.06;2204.84;3130.33;4202.37;1718.13;1849.38;6328.62;914.85;2869.05;437.29;1386.59;1034.39;1991.63;3360.67;666.80;591.97
1382;15|1|2;15To1Ri2Re4Ta;15To;1Ri;2Re;4Ta;5.4;41;47;37;2315.17;3333.64;4923.50;2372.59;4893.33;7658.88;1371.37;1432.09;4737.35;820.38;1765.33;393.06;1407.31;874.08;1252.58;2142.17;604.84;682.01
1383;15|1|2;15To1Ri2Re4Ta;15To;1Ri;2Re;4Ta;5.4;41;47;37;1989.08;2856.44;4194.06;2256.45;3452.98;4165.71;4592.12;3348.51;8170.48;1322.59;1496.23;1056.44;1312.16;693.84;1549.50;2062.58;1086.46;650.40
1384;15|1|2;15To1Ri2Re4Ta;15To;1Ri;2Re;4Ta;5.4;41;47;37;2564.82;4331.60;8861.92;2178.17;5182.45;7938.75;1744.02;1490.02;7132.80;764.58;1563.00;526.64;1467.16;981.75;963.77;3411.11;429.52;488.52
1385;15|1|2;15To1Ri2Re4Ta;15To;1Ri;2Re;4Ta;5.4;41;47;37;1723.98;2715.12;9448.17;2287.42;5244.29;5357.83;2279.20;2155.64;7531.47;746.47;1757.24;615.54;1342.85;858.93;1298.82;2811.39;482.32;691.59
1386;15|1|2;15To1Ri2Re4Ta;15To;1Ri;2Re;4Ta;5.4;41;48;37;1836.20;2378.27;6261.30;1520.93;5130.29;12618.39;1774.12;1877.81;4556.24;1521.32;1022.78;410.21;2125.55;1122.11;614.12;1310.41;1141.38;545.99
1387;15|1|2;15To1Ri2Re4Ta;15To;1Ri;2Re;4Ta;5.4;41;48;37;2472.93;3864.08;7655.79;2794.97;4093.05;7502.37;2415.26;2401.30;5886.67;975.06;1071.34;620.05;1074.28;570.23;838.84;1435.96;965.35;773.01
1388;15|1|2;15To1Ri2Re4Ta;15To;1Ri;2Re;4Ta;5.4;41;47;37;1502.79;2322.13;3606.85;2707.22;1994.74;3844.24;2174.45;2464.05;4643.95;788.56;3419.38;522.13;950.74;539.92;2631.71;1543.57;606.25;900.41
1389;15|1|2;15To1Ri2Re4Ta;15To;1Ri;2Re;4Ta;5.4;41;47;37;2224.09;3064.55;4363.21;2716.69;4834.47;5970.46;2118.47;1874.59;6657.81;732.76;2032.41;555.07;1444.14;854.15;1328.02;2162.35;624.56;682.01
1390;15|1|2;15To1Ri2Re4Ta;15To;1Ri;2Re;4Ta;5.4;41;48;37;1515.80;2266.95;3948.99;1875.36;2359.86;7932.41;1822.28;2186.21;3785.10;752.34;2813.40;394.42;1233.89;689.86;2501.10;1042.50;533.73;718.41
1391;15|1|2;15To1Ri2Re4Ta;15To;1Ri;2Re;4Ta;5.4;41;47;37;1858.15;2593.15;4823.55;1405.66;3717.50;5546.76;1299.74;1409.03;6660.09;1104.28;2329.83;333.04;1962.10;1538.42;1573.84;4912.09;1042.10;386.03
1392;15|1|2;15To1Ri2Re4Ta;15To;1Ri;2Re;4Ta;5.4;41;48;37;3103.16;3642.42;5282.94;3269.83;4692.89;7367.02;1427.36;1563.50;3302.14;830.17;2539.25;353.35;848.68;371.65;1666.32;730.87;580.90;760.56
1393;15|1|2;15To1Ri2Re4Ta;15To;1Ri;2Re;4Ta;5.4;41;48;37;2715.26;3475.93;3656.83;1826.32;4112.43;6866.48;1288.90;1329.11;4862.65;1299.59;1256.47;277.08;1523.95;1163.58;722.83;3399.90;1013.23;443.50
1394;15|1|2;15To1Ri2Re4Ta;15To;1Ri;2Re;4Ta;5.4;41;48;37;2254.99;2980.34;4328.61;2043.97;3858.33;5139.99;1763.88;1462.13;7054.20;1149.31;1187.68;471.58;1328.27;1008.07;1019.75;3690.23;1210.39;553.66
1395;15|1|2;15To1Ri2Re4Ta;15To;1Ri;2Re;4Ta;5.4;41;48;37;1467.01;2114.01;5708.69;1271.46;4115.41;6635.25;2929.37;2920.50;6459.61;805.21;1586.27;576.73;1524.71;903.59;1685.79;1962.82;804.11;557.49
1396;15|1|2;15To1Ri2Re4Ta;15To;1Ri;2Re;4Ta;5.4;42;47;37;1953.30;2588.31;4144.08;1872.78;3841.20;6899.62;2240.67;2364.82;4555.10;953.03;1793.66;486.03;1507.83;1045.55;1117.91;2061.46;759.04;601.55
1397;15|1|2;15To1Ri2Re4Ta;15To;1Ri;2Re;4Ta;5.4;41;48;37;2031.36;2777.06;5304.08;1657.71;4487.98;8908.10;1443.62;1524.88;3025.35;1029.88;1659.11;294.68;1421.89;901.20;1178.75;1257.73;739.33;502.89
1398;15|1|2;15To1Ri2Re4Ta;15To;1Ri;2Re;4Ta;5.4;41;48;37;2305.41;3064.55;3916.31;1926.11;2957.46;5479.79;3060.01;2629.79;6427.72;1086.66;1908.99;677.37;1063.54;601.33;1859.40;1827.18;949.16;627.41
1399;15|1|2;15To1Ri2Re4Ta;15To;1Ri;2Re;4Ta;5.4;41;48;37;3130.81;3919.25;5451.12;2837.12;3570.71;8908.80;1269.64;1400.98;4160.99;683.81;2231.70;370.95;1339.78;720.16;2259.35;1254.36;665.40;651.36
1400;15|1|2;15To1Ri2Re4Ta;15To;1Ri;2Re;4Ta;5.4;41;48;37;2176.93;3019.05;5240.65;1975.15;4792.00;4463.21;2760.81;1903.02;7976.84;746.47;2090.07;646.68;1218.54;860.53;1679.30;3430.17;637.94;480.86
1401;15|1|2;15To1Ri2Re4Ta;15To;1Ri;2Re;4Ta;5.4;42;48;38;2981.99;3754.70;3619.35;2512.81;3223.48;6037.43;2580.21;1971.67;7553.11;1147.85;1107.76;621.86;1187.85;740.90;792.60;2386.54;764.68;545.04
1402;15|1|2;15To1Ri2Re4Ta;15To;1Ri;2Re;4Ta;5.4;42;48;37;1693.07;2567.02;2771.69;1546.74;2242.13;6240.46;4618.00;4897.53;4427.53;1285.39;2049.61;703.09;1124.93;669.12;1543.01;1138.90;853.40;806.54
1403;15|1|2;15To1Ri2Re4Ta;15To;1Ri;2Re;4Ta;5.4;41;48;38;1723.16;2238.88;4495.83;1341.14;3865.04;3725.81;2213.58;2192.65;8824.30;1105.26;1565.03;579.44;2512.29;1807.98;949.98;4774.21;678.07;500.97
1404;15|1|2;15To1Ri2Re4Ta;15To;1Ri;2Re;4Ta;5.4;42;48;38;1406.02;2137.25;3556.88;1700.73;2450.77;3682.10;2782.48;3250.36;5089.32;1766.56;1828.06;589.37;1111.12;843.78;1219.32;2302.47;1415.29;850.60
1405;15|1|2;15To1Ri2Re4Ta;15To;1Ri;2Re;4Ta;5.4;42;48;38;1766.26;2761.58;3909.59;2460.33;3094.57;5914.06;1669.37;2055.88;3944.57;979.46;2121.43;393.51;1035.92;657.96;1234.73;1378.79;753.41;834.32
1406;15|1|2;15To1Ri2Re4Ta;15To;1Ri;2Re;4Ta;5.4;42;48;38;1567.03;2350.20;4582.33;1945.90;3165.35;3671.52;1942.68;2331.57;3902.42;1054.84;2290.38;394.42;982.97;797.52;1688.22;2184.77;777.35;734.70
1407;15|1|2;15To1Ri2Re4Ta;15To;1Ri;2Re;4Ta;5.4;42;48;38;1610.94;2066.59;3777.92;1269.74;3323.32;5398.72;3433.25;2620.13;9142.10;867.37;2223.61;792.89;1903.78;1167.57;1354.80;3228.39;737.22;512.47
1408;15|1|2;15To1Ri2Re4Ta;15To;1Ri;2Re;4Ta;5.4;42;48;38;1719.91;2294.05;4668.82;1582.01;4218.98;4128.35;3171.98;2717.75;6981.30;1453.77;1094.61;672.40;1289.14;867.70;808.01;2991.87;1342.76;620.71
1409;15|1|2;15To1Ri2Re4Ta;15To;1Ri;2Re;4Ta;5.4;42;48;38;3026.72;4384.84;4679.39;3305.10;4128.82;10026.90;1465.29;1475.00;4522.07;867.86;2044.55;381.78;1250.77;733.72;1422.94;1688.18;852.69;606.34
1410;15|1|2;15To1Ri2Re4Ta;15To;1Ri;2Re;4Ta;5.4;42;48;38;1571.09;2736.41;4126.78;3756.74;3450.00;5750.50;1445.42;1830.07;3802.18;864.43;2137.62;407.95;695.21;335.76;2071.13;735.36;864.66;917.65
1411;15|1|2;15To1Ri2Re4Ta;15To;1Ri;2Re;4Ta;5.4;42;48;38;2411.13;3460.44;3814.44;2385.49;2593.83;8401.92;3200.88;3280.40;3535.64;1759.70;1983.85;588.92;714.40;433.05;1347.49;751.05;975.91;812.29
1412;15|1|2;15To1Ri2Re4Ta;15To;1Ri;2Re;4Ta;5.4;41;48;37;1106.76;1917.52;3795.22;2261.61;4163.84;11204.21;1509.84;1727.62;6829.81;861.01;1121.92;614.19;3518.28;1656.45;1587.63;2379.82;1367.41;863.05
1000;01|2|2;1To2Ri2Re4Ta;1To;2Ri;2Re;4Ta;5.7;26;32;24;1023.81;1020.23;2127.78;604.76;1719.78;4165.01;1261.81;1241.68;4854.68;745.00;1354.60;288.82;1025.17;584.58;689.57;807.10;440.78;412.85
1001;01|2|2;1To2Ri2Re4Ta;1To;2Ri;2Re;4Ta;5.7;27;33;25;1026.25;1019.26;2187.37;615.94;1721.27;4167.12;1263.01;1242.75;4841.01;745.98;1374.84;290.62;1034.38;586.98;679.02;799.25;440.08;412.85
1002;01|2|2;1To2Ri2Re4Ta;1To;2Ri;2Re;4Ta;5.7;27;33;24;1241.75;1503.23;3446.36;984.99;2007.41;2780.43;1305.15;1429.41;4732.80;2157.17;1079.43;292.43;609.27;478.51;554.90;1312.66;550.62;376.45
1003;01|2|2;1To2Ri2Re4Ta;1To;2Ri;2Re;4Ta;5.7;27;34;24;1397.07;1594.22;3439.63;1072.74;1991.01;2255.22;1324.42;1443.89;4475.37;1906.55;1068.30;288.37;663.75;545.50;545.97;1318.26;560.48;375.49
1004;01|2|2;1To2Ri2Re4Ta;1To;2Ri;2Re;4Ta;5.7;27;34;24;1310.87;2139.18;2612.16;1206.94;1919.48;2366.61;2541.68;3571.10;6231.80;1032.82;1167.45;884.05;449.66;302.26;630.35;756.65;524.57;546.95
1005;01|2|2;1To2Ri2Re4Ta;1To;2Ri;2Re;4Ta;5.7;28;34;25;1443.42;2217.59;3273.36;1274.90;1885.95;2332.07;1609.17;1643.42;8171.62;1890.89;1324.25;544.24;656.08;571.82;844.52;2396.63;777.35;381.24
1006;01|2|2;1To2Ri2Re4Ta;1To;2Ri;2Re;4Ta;5.7;28;35;25;1305.99;2052.07;3382.93;1163.93;2032.74;2614.06;1262.41;1498.06;5952.73;1301.05;1072.35;366.89;669.89;551.09;526.50;1763.28;403.46;432.01
1007;01|2|2;1To2Ri2Re4Ta;1To;2Ri;2Re;4Ta;5.7;28;35;25;1130.34;1782.01;3590.51;1132.96;2057.33;2678.91;1358.13;2044.62;3706.50;1777.81;1079.43;398.03;420.51;322.20;848.57;723.03;788.62;589.10
1008;01|2|2;1To2Ri2Re4Ta;1To;2Ri;2Re;4Ta;5.7;28;35;25;1300.30;1902.03;3584.75;1190.59;2049.13;2559.77;1300.34;1399.91;3569.82;1855.15;1116.86;278.89;507.22;453.79;846.14;1079.49;709.05;409.97
1009;01|2|2;1To2Ri2Re4Ta;1To;2Ri;2Re;4Ta;5.7;29;36;25;1263.71;2099.50;3385.81;1292.96;2061.06;2416.66;1594.72;1885.85;5688.47;1240.36;1187.68;585.76;412.06;313.43;810.44;1081.74;567.52;472.24
1010;01|2|2;1To2Ri2Re4Ta;1To;2Ri;2Re;4Ta;5.7;29;35;26;1397.88;2032.71;3108.06;1198.34;1974.62;2503.38;1281.68;1386.50;5025.54;1207.56;1140.13;282.50;695.98;653.17;541.92;2283.41;398.53;375.49
1011;01|2|2;1To2Ri2Re4Ta;1To;2Ri;2Re;4Ta;5.7;29;36;26;1371.05;2123.69;3679.89;1168.23;2108.75;2275.67;1756.06;3177.95;7155.58;1266.30;2429.99;621.41;678.33;493.67;1300.44;1465.11;522.46;542.16
1012;01|2|2;1To2Ri2Re4Ta;1To;2Ri;2Re;4Ta;5.7;29;36;26;1201.09;1993.99;3312.77;1187.15;1964.93;2812.86;1656.12;2277.40;3938.87;1018.13;2309.60;447.67;465.01;305.45;1049.76;725.27;406.28;529.71
1013;01|2|2;1To2Ri2Re4Ta;1To;2Ri;2Re;4Ta;5.7;30;36;26;1317.38;2032.71;3469.42;1174.25;2004.43;2156.53;1353.92;1922.86;6319.51;2200.24;1431.49;432.77;645.34;587.77;1015.69;2162.35;647.79;453.08
1014;01|2|2;1To2Ri2Re4Ta;1To;2Ri;2Re;4Ta;5.7;30;36;26;1353.97;2044.32;3647.22;1195.76;2093.84;2173.45;1271.44;1592.46;5893.50;1485.10;1778.48;356.06;705.96;649.98;1327.21;2215.04;506.97;433.92
1015;01|2|2;1To2Ri2Re4Ta;1To;2Ri;2Re;4Ta;5.7;29;36;26;1327.14;2069.49;3152.27;1266.30;1853.16;2625.34;1828.90;2645.34;3698.53;1003.45;2744.61;481.51;399.79;300.67;1096.82;731.99;415.43;521.09
1016;01|2|2;1To2Ri2Re4Ta;1To;2Ri;2Re;4Ta;5.7;30;36;26;1284.85;1980.44;3450.20;1177.69;1946.31;2496.33;1555.59;1871.37;3731.56;1126.31;2773.95;394.42;402.86;299.07;1283.41;731.99;507.67;470.32
1017;01|2|2;1To2Ri2Re4Ta;1To;2Ri;2Re;4Ta;5.7;30;37;26;1275.90;2113.05;3356.98;1200.06;1909.79;2411.73;1448.43;2463.51;4974.28;1527.20;2369.29;474.74;501.08;361.28;1007.58;915.83;556.26;609.21
1018;01|2|2;1To2Ri2Re4Ta;1To;2Ri;2Re;4Ta;5.7;30;37;27;1305.18;1873.96;3088.84;1164.79;2070.00;2496.33;1790.97;2144.38;3819.27;1545.80;1059.20;464.36;437.39;336.55;512.71;757.78;546.40;465.53
1019;01|2|2;1To2Ri2Re4Ta;1To;2Ri;2Re;4Ta;5.7;30;37;27;1179.95;2044.32;3119.60;1195.76;1844.22;2438.52;1340.67;1742.11;3525.39;2155.70;1348.53;318.15;432.02;378.82;696.06;953.94;683.70;497.14
1020;01|2|2;1To2Ri2Re4Ta;1To;2Ri;2Re;4Ta;5.7;30;37;27;1349.09;2008.51;3315.65;1178.55;2000.70;2329.95;1418.33;1764.63;3609.68;2454.28;1242.31;353.80;474.22;450.60;631.16;1007.75;688.63;422.43
1021;01|2|2;1To2Ri2Re4Ta;1To;2Ri;2Re;4Ta;5.7;31;37;27;1290.54;1878.80;3433.86;1084.78;2024.55;2411.02;1240.74;1361.83;4563.08;908.98;1657.09;278.44;561.70;491.27;1195.79;1411.30;468.95;379.32
1022;01|2|2;1To2Ri2Re4Ta;1To;2Ri;2Re;4Ta;5.7;31;37;27;1397.07;2077.23;3022.53;1206.08;1912.03;2215.74;1792.78;2369.65;6726.15;1646.14;1031.89;630.43;473.45;392.38;498.92;1712.84;495.70;432.96
1023;01|2|2;1To2Ri2Re4Ta;1To;2Ri;2Re;4Ta;5.7;31;38;27;1397.88;2105.30;3629.92;1202.64;2062.55;2370.84;1238.33;1480.90;5278.41;2165.00;1378.88;300.55;672.19;613.29;848.57;1957.21;604.84;408.06
1024;01|2|2;1To2Ri2Re4Ta;1To;2Ri;2Re;4Ta;5.7;31;38;27;1396.26;2108.21;3335.83;1228.45;1929.17;2487.16;1633.25;2063.39;5508.50;804.72;2834.65;449.02;469.62;405.14;1097.63;1554.78;324.60;438.71
1025;01|2|2;1To2Ri2Re4Ta;1To;2Ri;2Re;4Ta;5.7;31;38;28;1459.69;2188.55;3222.43;1260.27;2005.92;2262.98;1410.51;1521.13;7836.74;1422.45;1265.58;441.80;715.17;642.01;757.71;2748.62;606.25;378.36
1026;01|2|2;1To2Ri2Re4Ta;1To;2Ri;2Re;4Ta;5.7;31;38;28;1097.00;1901.06;3504.02;1275.76;2017.09;2683.85;1223.28;1551.16;4224.78;1052.40;2589.83;355.16;486.50;322.20;1244.47;747.69;426.70;534.50
1027;01|2|2;1To2Ri2Re4Ta;1To;2Ri;2Re;4Ta;5.7;31;38;28;1303.55;1988.18;3036.94;1215.54;2122.16;2320.08;1886.09;2408.81;5788.71;991.21;1894.82;580.34;532.54;422.69;798.28;1185.99;414.73;468.41
1028;01|2|2;1To2Ri2Re4Ta;1To;2Ri;2Re;4Ta;5.7;32;38;28;1264.52;1964.95;3230.12;1253.39;2166.12;2337.00;1473.72;1889.61;5689.61;1997.10;1217.02;478.35;458.87;381.22;569.50;1616.44;641.46;463.62
1029;01|2|2;1To2Ri2Re4Ta;1To;2Ri;2Re;4Ta;5.7;31;38;28;1227.93;1778.13;3315.65;1199.20;1905.32;2456.14;1272.04;1382.74;3360.23;1847.32;2009.14;285.21;445.06;369.25;961.34;760.02;496.41;428.17
1030;01|2|2;1To2Ri2Re4Ta;1To;2Ri;2Re;4Ta;5.7;32;38;28;1081.55;2026.90;3297.39;1259.41;1982.07;2486.46;1242.54;1560.28;4641.67;887.93;1869.53;337.10;495.71;359.68;1061.12;915.83;444.30;537.37
1031;01|2|2;1To2Ri2Re4Ta;1To;2Ri;2Re;4Ta;5.7;32;38;28;1399.51;2119.82;3398.30;1225.00;2013.37;2298.93;1946.89;2527.88;8767.35;1339.72;1669.23;786.12;553.26;381.22;735.00;1310.41;393.60;426.26
1032;01|2|2;1To2Ri2Re4Ta;1To;2Ri;2Re;4Ta;5.7;32;38;29;1288.92;1707.47;3125.36;1130.38;2072.23;2583.74;1262.41;1373.63;4212.25;796.39;2325.79;279.34;635.36;495.26;997.84;974.12;346.43;423.38
1033;01|2|2;1To2Ri2Re4Ta;1To;2Ri;2Re;4Ta;5.7;32;39;28;1400.32;2066.59;3147.47;1174.25;2045.41;2532.28;1920.41;2493.01;7074.71;1093.02;1184.64;632.69;608.50;438.64;715.53;1456.14;442.89;432.01
1034;01|2|2;1To2Ri2Re4Ta;1To;2Ri;2Re;4Ta;5.7;32;39;28;1444.24;2143.05;3356.98;1249.95;2192.20;2277.08;1641.68;2016.19;8171.62;2262.41;1194.76;572.67;629.99;547.90;737.43;2377.58;691.45;410.93
1035;01|2|2;1To2Ri2Re4Ta;1To;2Ri;2Re;4Ta;5.7;32;39;29;1123.84;1862.35;3509.79;1282.64;1994.74;2468.13;1235.32;1386.50;4230.47;916.32;2078.94;306.87;518.73;431.46;1455.39;1178.14;473.87;471.28
1036;01|2|2;1To2Ri2Re4Ta;1To;2Ri;2Re;4Ta;5.7;32;39;29;1314.13;1670.69;3176.30;1058.11;2011.88;2554.13;1154.65;1298.00;6666.92;793.95;2098.17;324.02;731.28;575.81;1201.47;1773.37;398.53;369.74
1037;01|2|2;1To2Ri2Re4Ta;1To;2Ri;2Re;4Ta;5.7;32;39;29;1263.71;1745.22;3486.72;1054.67;1997.72;2797.35;1354.52;1585.49;4352.35;2760.21;1054.14;397.58;603.90;437.84;528.94;892.29;635.82;443.50
1038;01|2|2;1To2Ri2Re4Ta;1To;2Ri;2Re;4Ta;5.7;33;39;29;1472.70;2104.34;3469.42;1239.63;2027.53;2319.38;1795.19;2148.13;5636.07;1623.63;1769.38;554.17;463.48;396.37;786.11;1291.36;478.10;420.51
1039;01|2|2;1To2Ri2Re4Ta;1To;2Ri;2Re;4Ta;5.7;33;39;29;1389.75;2030.77;3239.73;1213.82;1955.25;2400.45;1299.13;1427.80;6346.85;1052.89;2037.47;435.03;526.40;467.35;835.59;1911.25;364.74;377.41
1040;01|2|2;1To2Ri2Re4Ta;1To;2Ri;2Re;4Ta;5.7;33;39;29;1317.38;2032.71;3026.37;1202.64;1908.30;2503.38;1412.91;2015.65;5925.39;1193.86;1883.70;500.02;547.88;422.69;758.52;1335.07;448.53;491.39
1041;01|2|2;1To2Ri2Re4Ta;1To;2Ri;2Re;4Ta;5.7;33;39;29;1474.32;2226.30;2964.86;1284.36;2054.35;2388.46;1110.70;1389.72;12858.86;901.14;1181.61;677.37;824.90;571.82;729.32;2571.50;429.52;381.24
1042;01|2|2;1To2Ri2Re4Ta;1To;2Ri;2Re;4Ta;5.7;33;39;29;1236.87;1894.29;3154.19;1252.53;1981.33;2310.92;1775.92;1942.71;5970.96;942.75;2213.49;681.88;436.62;303.06;810.44;878.84;404.17;472.24
1043;01|2|2;1To2Ri2Re4Ta;1To;2Ri;2Re;4Ta;5.7;33;39;29;1414.15;2064.65;3307.00;1225.86;1956.74;2283.42;1132.98;1308.73;7475.66;1553.63;1573.12;401.64;707.49;597.34;772.31;2152.26;476.69;388.90
1044;01|2|2;1To2Ri2Re4Ta;1To;2Ri;2Re;4Ta;5.7;34;39;29;1201.09;1846.86;3253.18;1097.69;1926.19;3001.79;1223.28;1524.34;3433.13;1578.10;1311.10;281.60;454.27;325.39;812.07;710.69;503.45;481.82
1045;01|2|2;1To2Ri2Re4Ta;1To;2Ri;2Re;4Ta;5.7;33;40;29;1386.50;2032.71;2791.87;1210.38;1785.36;2634.50;1916.19;2808.93;7301.38;833.60;1679.34;715.73;601.60;405.14;802.33;1312.66;349.95;523.96
1046;01|2|2;1To2Ri2Re4Ta;1To;2Ri;2Re;4Ta;5.7;33;40;30;1469.45;2114.98;3476.15;1236.19;2019.33;2179.09;1457.46;1644.49;5895.78;1740.12;1330.32;407.50;622.32;582.99;942.68;2267.72;570.34;389.86
1047;01|2|2;1To2Ri2Re4Ta;1To;2Ri;2Re;4Ta;5.7;33;40;30;1302.74;1969.79;3073.46;1200.06;1821.87;2610.53;1246.76;1462.66;5965.26;1287.35;2041.51;434.58;549.42;368.46;704.98;1029.05;371.07;445.42
1048;01|2|2;1To2Ri2Re4Ta;1To;2Ri;2Re;4Ta;5.7;34;40;30;1384.87;1993.02;3245.49;1170.81;2079.69;2477.29;1750.04;2060.17;6736.41;2012.77;1062.23;572.67;577.04;456.18;509.47;1586.17;514.71;402.31
1049;01|2|2;1To2Ri2Re4Ta;1To;2Ri;2Re;4Ta;5.7;33;40;30;1184.01;1951.40;3000.42;1151.88;1841.99;2466.01;1644.69;2111.66;3902.42;798.35;2078.94;501.82;399.02;291.10;971.07;703.97;343.61;526.84
1050;01|2|2;1To2Ri2Re4Ta;1To;2Ri;2Re;4Ta;5.7;33;40;30;1376.74;2044.32;2684.24;1128.66;1874.03;2532.28;1217.86;1340.91;4240.72;807.65;1426.43;301.00;496.47;434.65;570.31;1363.10;328.83;387.94
1051;01|2|2;1To2Ri2Re4Ta;1To;2Ri;2Re;4Ta;5.7;34;40;30;1525.56;2254.37;3618.38;1219.84;1965.68;2441.34;919.87;1282.44;15929.76;1299.59;1690.47;855.17;1115.72;626.85;1508.93;2097.33;690.04;406.14
1052;02|2|2;2To2Ri2Re4Ta;2To;2Ri;2Re;4Ta;6.4333333;30;35;28;1446.68;2011.41;3146.51;960.05;1578.21;2337.71;825.35;1142.99;22474.81;794.93;5317.24;660.22;1980.52;1220.21;3403.22;4816.81;611.88;412.85
1053;02|2|2;2To2Ri2Re4Ta;2To;2Ri;2Re;4Ta;6.4333333;30;36;28;1368.61;2104.34;3545.34;1419.42;2078.20;2737.43;1205.22;1509.32;11404.28;2209.05;1689.46;683.68;796.50;579.80;1527.59;2706.02;872.41;500.02
1054;02|2|2;2To2Ri2Re4Ta;2To;2Ri;2Re;4Ta;6.4333333;31;37;28;1541.01;2451.83;3428.10;1065.00;2062.55;4607.73;1105.89;1226.66;8072.52;2825.80;1330.32;454.44;959.95;531.95;872.91;1150.11;920.29;483.73
1055;02|2|2;2To2Ri2Re4Ta;2To;2Ri;2Re;4Ta;6.4333333;31;37;28;1282.41;2100.46;3488.64;1413.40;2024.55;2460.37;1499.60;2026.92;5532.42;3080.34;2412.79;531.60;507.98;324.59;1444.03;770.11;813.26;603.47
1056;02|2|2;2To2Ri2Re4Ta;2To;2Ri;2Re;4Ta;6.4333333;31;38;28;1685.76;2424.73;3494.41;1248.23;2409.78;3206.94;1407.49;1715.82;9479.26;1311.33;2092.10;621.41;812.62;531.95;1228.24;1752.07;585.13;486.61
1057;02|2|2;2To2Ri2Re4Ta;2To;2Ri;2Re;4Ta;6.4333333;31;38;28;1436.92;2328.90;3226.27;1294.68;1932.15;2641.55;1998.06;3174.20;7619.18;2404.85;2935.81;737.39;623.08;425.08;1261.50;1303.69;756.23;608.26
1058;02|2|2;2To2Ri2Re4Ta;2To;2Ri;2Re;4Ta;6.4333333;31;38;28;1554.83;2413.11;3683.74;1422.00;2625.13;3087.80;1219.07;1426.73;7811.68;816.95;2613.10;428.26;712.10;550.29;1389.68;2046.89;409.80;456.91
1059;02|2|2;2To2Ri2Re4Ta;2To;2Ri;2Re;4Ta;6.4333333;32;38;28;1663.80;2398.59;3280.09;1251.67;2116.20;2770.56;1247.36;1406.34;6407.22;1399.93;1951.48;337.56;685.24;584.58;887.51;2132.08;528.80;431.05
1060;02|2|2;2To2Ri2Re4Ta;2To;2Ri;2Re;4Ta;6.4333333;32;39;29;1362.92;2090.78;2889.90;1234.47;2733.17;2307.39;1199.80;1669.16;14623.26;1220.78;1912.02;707.60;1083.49;866.11;1104.12;3976.08;617.52;454.04
1061;02|2|2;2To2Ri2Re4Ta;2To;2Ri;2Re;4Ta;6.4333333;32;39;29;1410.08;1678.43;3739.48;1138.98;2494.73;2506.20;1924.02;2496.23;7233.04;1895.78;1223.09;664.28;732.05;584.58;734.19;1284.63;843.54;455.00
1062;02|2|2;2To2Ri2Re4Ta;2To;2Ri;2Re;4Ta;6.4333333;32;39;29;1528.81;2254.37;2782.26;1455.55;2298.76;2999.68;1209.43;1359.14;6155.48;1867.88;1371.80;333.04;770.41;633.23;636.02;2077.16;594.98;457.87
1063;02|2|2;2To2Ri2Re4Ta;2To;2Ri;2Re;4Ta;6.4333333;33;39;29;1312.50;1903.97;3491.53;1146.72;2205.61;2731.08;1165.49;1347.88;9008.83;957.44;1650.00;419.69;812.62;717.77;649.00;3516.48;397.13;385.07
1064;02|2|2;2To2Ri2Re4Ta;2To;2Ri;2Re;4Ta;6.4333333;32;39;29;1353.97;1806.21;3781.76;1247.37;2122.90;2651.42;1224.48;1505.57;5890.08;1713.69;1559.97;333.49;808.01;613.29;1083.84;1429.24;706.94;500.02
1065;02|2|2;2To2Ri2Re4Ta;2To;2Ri;2Re;4Ta;6.4333333;33;39;29;1444.24;2208.87;3283.94;1431.47;2293.54;3032.11;1251.57;1345.20;4299.95;1151.76;3746.15;294.23;588.55;473.73;1642.79;1138.90;532.32;474.15
1066;02|2|2;2To2Ri2Re4Ta;2To;2Ri;2Re;4Ta;6.4333333;33;39;29;1269.40;2011.41;3463.65;1428.02;2038.70;2447.68;2834.25;3469.19;7451.74;1230.08;2644.46;1001.38;474.99;323.00;1633.06;966.28;625.97;568.03
1067;02|2|2;2To2Ri2Re4Ta;2To;2Ri;2Re;4Ta;6.4333333;33;40;29;1565.40;2340.52;3816.36;1539.86;2166.12;3259.82;1184.15;1373.09;8994.02;872.26;2468.43;452.18;771.95;614.09;1169.02;2821.48;349.25;461.70
1068;02|2|2;2To2Ri2Re4Ta;2To;2Ri;2Re;4Ta;6.4333333;33;40;30;975.02;1943.65;3410.80;1511.47;2126.63;3151.95;1263.61;1515.76;4033.41;1162.04;3758.29;328.08;528.70;339.74;2123.05;721.90;578.09;611.13
1069;02|2|2;2To2Ri2Re4Ta;2To;2Ri;2Re;4Ta;6.4333333;33;40;30;1452.37;2105.30;3297.39;1322.21;2084.16;2602.78;1241.94;1498.60;7520.08;1282.94;1897.86;379.98;771.18;683.48;1148.74;2866.32;604.14;464.57
1070;02|2|2;2To2Ri2Re4Ta;2To;2Ri;2Re;4Ta;6.4333333;33;40;30;1310.06;2029.80;3358.90;1272.32;2499.20;2349.69;1328.63;1794.67;11831.42;1393.57;1721.83;669.70;867.10;699.43;974.32;3661.09;660.47;478.94
1071;02|2|2;2To2Ri2Re4Ta;2To;2Ri;2Re;4Ta;6.4333333;34;40;30;1097.81;1741.35;3776.96;1145.86;2200.40;3832.26;1238.33;1679.35;8725.21;1945.71;1223.09;527.54;992.18;594.15;938.62;1207.28;761.86;556.53
1072;02|2|2;2To2Ri2Re4Ta;2To;2Ri;2Re;4Ta;6.4333333;33;40;30;1281.60;2055.94;2695.77;1379.85;2532.73;2629.57;1236.52;1574.76;9164.88;1567.34;1577.17;513.55;693.68;561.46;948.36;2654.46;682.30;480.86
1073;02|2|2;2To2Ri2Re4Ta;2To;2Ri;2Re;4Ta;6.4333333;34;40;30;1481.64;2436.34;3475.19;1357.48;2269.70;3198.48;2629.57;3131.29;8234.27;954.99;3869.57;970.70;616.95;393.18;1762.05;1044.74;470.35;512.47
1074;02|2|2;2To2Ri2Re4Ta;2To;2Ri;2Re;4Ta;6.4333333;34;40;30;1461.31;2143.05;3576.10;1606.10;2333.03;2677.50;1359.94;1706.17;6759.19;1036.24;3715.80;527.99;600.06;402.75;1788.01;1311.53;530.20;551.74
1075;02|2|2;2To2Ri2Re4Ta;2To;2Ri;2Re;4Ta;6.4333333;34;41;30;1311.69;1802.33;3417.52;1282.64;2423.20;3227.39;1271.44;1630.01;6951.69;1199.24;3008.65;454.89;890.89;614.89;1961.62;1421.39;609.77;534.50
1076;02|2|2;2To2Ri2Re4Ta;2To;2Ri;2Re;4Ta;6.4333333;34;41;30;1392.19;2094.66;3293.55;1339.42;2085.65;2591.50;1267.83;1531.32;6439.11;2082.76;1791.64;383.13;693.68;567.04;799.09;1958.33;596.39;500.97
1077;02|2|2;2To2Ri2Re4Ta;2To;2Ri;2Re;4Ta;6.4333333;34;41;30;1486.52;2181.77;3197.44;1105.43;2454.49;3388.83;1222.68;1389.18;7145.33;1326.51;1564.01;385.39;676.80;579.00;781.24;2509.85;509.08;395.61
1078;02|2|2;2To2Ri2Re4Ta;2To;2Ri;2Re;4Ta;6.4333333;34;41;31;1536.13;2189.52;3538.62;1474.48;2258.52;3256.29;1128.16;1365.58;7408.45;1023.52;1623.70;411.56;891.66;636.42;914.28;2119.75;543.58;518.22
1079;02|2|2;2To2Ri2Re4Ta;2To;2Ri;2Re;4Ta;6.4333333;34;41;31;1296.23;2115.95;3085.00;1176.83;2397.12;2311.62;2653.05;3841.43;9315.24;1022.05;2475.51;1010.41;659.15;520.78;1264.75;2004.29;487.96;601.55
1080;02|2|2;2To2Ri2Re4Ta;2To;2Ri;2Re;4Ta;6.4333333;34;41;31;1576.79;2279.54;3566.49;1417.70;2181.77;3739.91;1155.86;1252.41;7951.78;936.39;3640.94;362.38;1129.53;728.93;1713.37;1993.08;478.10;443.50
1081;02|2|2;2To2Ri2Re4Ta;2To;2Ri;2Re;4Ta;6.4333333;35;41;31;1376.74;1961.08;3191.67;1309.31;2146.75;2719.80;1277.46;1703.49;10417.85;1227.63;2588.82;582.15;1012.13;748.08;1244.47;2711.62;458.38;509.59
1082;02|2|2;2To2Ri2Re4Ta;2To;2Ri;2Re;4Ta;6.4333333;35;41;31;1537.75;2426.66;3849.04;1414.26;2509.63;3222.45;1966.76;2606.72;7513.24;3166.00;1108.77;777.55;624.62;369.25;641.70;903.50;867.48;587.18
1083;02|2|2;2To2Ri2Re4Ta;2To;2Ri;2Re;4Ta;6.4333333;35;41;31;1272.65;2046.26;3276.25;1315.33;2214.56;2414.55;1302.14;1671.31;6815.00;1284.41;2082.99;394.42;744.32;643.60;945.92;2292.38;490.07;501.93
1084;02|2|2;2To2Ri2Re4Ta;2To;2Ri;2Re;4Ta;6.4333333;35;41;31;1062.03;1906.87;3087.88;1157.90;2096.82;2363.08;1759.07;3698.76;7144.19;1068.06;3167.48;1006.35;660.68;328.58;1280.16;723.03;499.22;882.21
1085;02|2|2;2To2Ri2Re4Ta;2To;2Ri;2Re;4Ta;6.4333333;34;41;31;1602.00;2201.13;3340.64;1345.44;2138.55;2637.32;1272.04;1446.57;5851.35;1829.21;2315.67;335.30;623.85;543.91;1160.91;2081.64;618.22;473.19
1086;02|2|2;2To2Ri2Re4Ta;2To;2Ri;2Re;4Ta;6.4333333;35;42;31;1423.09;2060.78;3564.57;1283.50;2169.85;2788.89;1270.84;1574.22;4902.52;1938.37;1623.70;345.23;575.51;494.46;1345.06;1588.41;844.95;499.06
1087;02|2|2;2To2Ri2Re4Ta;2To;2Ri;2Re;4Ta;6.4333333;35;41;31;1248.26;2024.00;3623.19;1257.69;2236.91;2307.39;1884.29;3081.94;10909.92;1169.38;2633.33;933.24;720.54;496.06;1146.30;2145.54;447.82;612.09
1088;02|2|2;2To2Ri2Re4Ta;2To;2Ri;2Re;4Ta;6.4333333;35;42;31;1248.26;1901.06;3273.36;1429.74;2038.70;3934.48;1072.18;1411.71;9233.23;1625.58;2346.02;416.53;1039.75;643.60;1095.19;1625.41;592.87;593.89
1089;02|2|2;2To2Ri2Re4Ta;2To;2Ri;2Re;4Ta;6.4333333;35;41;31;1290.54;1889.45;3065.78;1227.58;2429.90;2621.11;2029.37;2845.40;8193.26;3120.48;1148.22;788.83;673.73;486.49;718.77;1656.79;1319.53;536.42
1090;02|2|2;2To2Ri2Re4Ta;2To;2Ri;2Re;4Ta;6.4333333;35;42;31;1510.92;2144.99;3558.80;1332.54;2165.38;2443.45;1258.80;1422.97;5558.62;1265.81;1678.33;325.82;667.59;625.26;958.90;2068.19;528.09;434.88
1091;02|2|2;2To2Ri2Re4Ta;2To;2Ri;2Re;4Ta;6.4333333;35;42;31;1384.06;2082.07;3672.20;1395.33;2114.71;2473.77;1397.86;1930.91;5873.00;1188.47;2342.99;491.89;673.73;514.40;1387.25;1554.78;497.11;575.69
1092;02|2|2;2To2Ri2Re4Ta;2To;2Ri;2Re;4Ta;6.4333333;36;42;32;1577.60;2326.97;3434.82;1240.49;2301.74;3288.72;1363.55;1576.37;7316.19;1411.68;3237.29;498.66;665.29;442.62;1933.22;1459.50;709.05;491.39
1093;02|2|2;2To2Ri2Re4Ta;2To;2Ri;2Re;4Ta;6.4333333;35;42;32;1489.78;2181.77;3273.36;1305.87;2175.81;2690.19;1320.81;1684.18;6977.89;1016.66;2837.68;474.74;674.50;445.81;1151.98;1181.50;398.53;538.33
1094;02|2|2;2To2Ri2Re4Ta;2To;2Ri;2Re;4Ta;6.4333333;35;42;32;1245.82;2126.60;3494.41;1421.14;2043.17;3050.44;1224.48;1523.81;4899.10;2002.49;1694.52;343.42;567.07;386.80;1464.32;886.69;861.14;586.23
1095;02|2|2;2To2Ri2Re4Ta;2To;2Ri;2Re;4Ta;6.4333333;35;42;32;1423.91;2355.04;3529.97;1118.33;2476.85;3654.60;1351.51;1863.32;4983.39;1280.50;2171.01;418.79;604.67;395.57;1321.53;783.56;592.17;552.70
1096;02|2|2;2To2Ri2Re4Ta;2To;2Ri;2Re;4Ta;6.4333333;36;42;32;1169.38;1839.12;3777.92;1404.80;1820.38;2448.39;2102.21;2610.48;6832.09;865.41;1825.02;776.20;497.24;327.78;1121.15;927.04;423.88;576.65
1097;02|2|2;2To2Ri2Re4Ta;2To;2Ri;2Re;4Ta;6.4333333;36;42;32;1422.28;2020.12;3660.67;1178.55;2161.65;2590.09;1849.97;2670.55;9664.93;2686.30;1094.61;676.46;773.48;619.67;623.04;2512.09;960.42;487.56
1098;02|2|2;2To2Ri2Re4Ta;2To;2Ri;2Re;4Ta;6.4333333;36;42;32;1445.86;2126.60;3357.94;1217.26;2268.21;2270.73;1830.10;2175.49;10217.38;1499.79;2168.98;737.84;875.54;710.59;1104.93;2555.81;576.68;444.46
1099;02|2|2;2To2Ri2Re4Ta;2To;2Ri;2Re;4Ta;6.4333333;36;42;32;1501.16;2135.31;3265.68;1194.90;1746.61;2611.94;1243.75;1384.89;5532.42;1053.37;2051.63;302.81;657.61;603.72;1438.36;2053.62;583.72;427.22
1100;02|2|2;2To2Ri2Re4Ta;2To;2Ri;2Re;4Ta;6.4333333;36;42;32;1413.33;1936.88;3164.77;1156.18;2538.69;2707.11;1910.77;2004.92;8900.62;2283.45;1482.07;682.33;887.05;679.49;850.20;1987.48;775.24;424.34
1101;02|2|2;2To2Ri2Re4Ta;2To;2Ri;2Re;4Ta;6.4333333;36;42;32;1276.72;1995.92;3430.02;1334.26;2083.41;2415.25;1888.50;2773.00;9117.04;1283.43;3388.02;796.50;767.35;547.10;1355.61;1924.70;553.44;621.67
1102;02|2|2;2To2Ri2Re4Ta;2To;2Ri;2Re;4Ta;6.4333333;36;42;32;1205.16;1565.18;2912.97;795.74;1766.73;3303.52;931.91;1421.90;20820.89;1452.80;2842.74;984.24;1764.13;894.82;2129.54;2665.67;1061.82;557.49
1103;06|2|2;6To2Ri2Re4Ta;6To;2Ri;2Re;4Ta;4.86;34;39;32;3443.07;4956.90;8738.90;3329.19;10817.20;19595.56;864.48;1037.86;29436.75;717.59;5992.01;697.22;4159.78;2241.83;5146.60;6893.96;1196.31;658.07
1104;06|2|2;6To2Ri2Re4Ta;6To;2Ri;2Re;4Ta;4.86;34;40;31;3726.88;5658.67;6868.68;4107.72;7490.15;16402.01;2430.91;3165.08;13576.46;3119.50;2877.14;860.13;1897.64;1091.81;2842.64;3137.59;2275.73;1091.03
1105;06|2|2;6To2Ri2Re4Ta;6To;2Ri;2Re;4Ta;4.86;34;41;31;2126.51;2622.19;5263.72;1686.96;4562.49;9742.79;4039.47;4813.86;30530.24;1751.87;6931.84;1526.67;3127.70;1827.92;5034.65;5786.44;1873.67;1033.56
1106;06|2|2;6To2Ri2Re4Ta;6To;2Ri;2Re;4Ta;4.86;35;41;31;2450.16;2958.07;6527.51;2232.36;6116.11;11285.28;4090.65;4367.60;24937.46;2110.18;6158.94;1377.75;2678.03;1638.91;4446.49;5458.00;1932.82;913.82
1107;06|2|2;6To2Ri2Re4Ta;6To;2Ri;2Re;4Ta;4.86;35;41;32;2257.43;4708.14;8119.02;4397.63;6344.87;10772.06;3894.39;5321.79;23278.98;1676.00;4470.49;1441.38;2133.99;1097.39;3276.66;3554.59;1730.73;1267.28
1108;06|2|2;6To2Ri2Re4Ta;6To;2Ri;2Re;4Ta;4.86;35;41;32;2251.74;4788.48;8352.56;6297.07;6745.75;15126.00;2921.55;5326.08;9528.24;1539.92;5072.42;1016.73;1464.09;647.59;3577.64;1279.03;1488.52;1637.02
1109;06|2|2;6To2Ri2Re4Ta;6To;2Ri;2Re;4Ta;4.86;35;42;32;1654.85;3279.43;3787.53;7093.67;5766.64;9254.95;4689.04;7644.78;7255.82;2153.25;6068.90;1384.07;981.43;433.85;4273.69;939.37;1664.55;1872.66
1110;06|2|2;6To2Ri2Re4Ta;6To;2Ri;2Re;4Ta;4.86;35;41;32;1432.04;1922.36;4428.56;1313.61;5506.58;8817.86;4305.56;5020.89;26740.59;3065.65;5244.40;1438.22;2856.83;1769.70;4212.85;6288.64;2504.57;923.40
1111;06|2|2;6To2Ri2Re4Ta;6To;2Ri;2Re;4Ta;4.86;35;42;32;1867.91;1928.17;8415.99;1348.02;6851.56;7083.61;3846.83;4868.03;29114.39;3159.63;2805.31;1538.40;3011.06;1837.49;2071.95;6250.52;1834.94;1077.62
1112;06|2|2;6To2Ri2Re4Ta;6To;2Ri;2Re;4Ta;4.86;35;42;32;2610.36;4367.42;7162.77;3779.10;6414.16;11266.25;5809.38;6309.24;22150.18;1876.20;5865.56;1653.03;1985.12;1099.78;4341.84;3630.82;1634.97;1206.93
1113;06|2|2;6To2Ri2Re4Ta;6To;2Ri;2Re;4Ta;4.86;35;42;32;2509.52;4275.46;4584.25;3573.50;5117.62;9855.59;2482.08;3364.60;19008.65;1871.31;6990.52;967.09;2351.15;1575.90;4870.78;5373.93;1826.50;1006.74
1114;06|2|2;6To2Ri2Re4Ta;6To;2Ri;2Re;4Ta;4.86;35;43;32;2894.17;4787.51;12890.68;3420.38;10064.61;14323.73;2763.82;2796.60;17849.08;1191.41;1998.01;919.70;2268.27;1395.66;1465.13;3988.41;1070.27;777.80
1115;06|2|2;6To2Ri2Re4Ta;6To;2Ri;2Re;4Ta;4.86;36;42;32;2594.10;4979.16;6524.63;3882.33;6329.22;12969.47;2222.61;3136.11;14864.74;1780.26;4994.53;839.38;2116.34;1276.83;3716.36;3950.30;1306.15;1047.93
1116;06|2|2;6To2Ri2Re4Ta;6To;2Ri;2Re;4Ta;4.86;36;42;32;1769.51;3725.66;2987.93;3598.45;2720.51;10705.79;4162.89;5809.35;21503.19;2904.61;5387.05;1549.23;2775.49;1358.18;5344.55;3460.43;2331.35;1414.80
1117;06|2|2;6To2Ri2Re4Ta;6To;2Ri;2Re;4Ta;4.86;36;42;32;3038.91;4879.46;3887.48;3592.43;4347.15;13950.80;2221.41;2655.53;16045.95;1703.90;6201.43;804.63;2154.71;1311.92;4864.29;3763.09;1423.03;902.33
1118;06|2|2;6To2Ri2Re4Ta;6To;2Ri;2Re;4Ta;4.86;36;42;33;1905.32;3010.34;5326.19;2323.55;5680.95;8109.36;2647.63;2961.26;26128.91;1552.16;5121.99;1086.22;3094.70;2032.09;3885.91;7003.82;1444.16;794.09
1119;06|2|2;6To2Ri2Re4Ta;6To;2Ri;2Re;4Ta;4.86;36;43;32;2153.34;2631.87;6818.71;2844.87;6543.07;11934.57;3895.59;5456.96;14189.28;1973.61;5070.40;1368.27;1995.86;1073.46;4015.71;2358.52;1637.79;1247.17
1120;06|2|2;6To2Ri2Re4Ta;6To;2Ri;2Re;4Ta;4.86;36;42;32;2875.46;2928.07;3558.80;2235.80;8575.07;11510.87;5472.86;6692.20;18763.75;3725.97;3465.92;1640.84;1952.89;1023.22;2682.01;2662.30;2917.89;1253.87
1121;06|2|2;6To2Ri2Re4Ta;6To;2Ri;2Re;4Ta;4.86;36;43;33;1619.07;2933.87;4541.96;4515.48;6566.17;11924.70;3941.35;5631.27;16585.86;2297.65;4041.55;1384.52;2207.65;1119.72;3371.58;2732.92;1661.73;1410.01
1122;06|2|2;6To2Ri2Re4Ta;6To;2Ri;2Re;4Ta;4.86;36;43;33;2226.53;4152.53;6783.15;2979.07;7217.43;10649.39;2705.42;3585.59;22147.90;1557.55;4408.78;1050.12;2673.43;1629.34;3757.73;5056.69;1470.21;1020.15
1123;06|2|2;6To2Ri2Re4Ta;6To;2Ri;2Re;4Ta;4.86;36;43;33;2691.68;4223.19;3840.39;3121.87;5367.24;13807.69;3855.86;4482.92;21320.94;3946.73;3294.95;1425.58;2275.18;1163.58;2548.15;3192.52;2448.94;1113.06
1124;06|2|2;6To2Ri2Re4Ta;6To;2Ri;2Re;4Ta;4.86;36;43;33;2377.79;3938.61;5287.74;4045.78;5816.56;15543.35;5197.14;6989.34;20529.29;1917.81;5419.42;1871.45;2498.48;1040.77;4023.01;1914.62;1717.36;1507.71
1125;06|2|2;6To2Ri2Re4Ta;6To;2Ri;2Re;4Ta;4.86;36;43;33;1769.51;1620.36;4536.20;2024.18;7490.89;11187.99;3663.82;4757.00;17077.94;3139.08;4235.79;1307.80;2518.43;1422.78;3206.89;3977.20;2372.19;1144.67
1126;06|2|2;6To2Ri2Re4Ta;6To;2Ri;2Re;4Ta;4.86;36;43;33;3132.43;4925.93;12106.45;3810.93;8510.99;13786.54;2184.09;3106.61;15349.98;1604.54;3017.76;866.90;2143.20;1301.56;2066.27;3930.12;1384.31;1057.50
1127;06|2|2;6To2Ri2Re4Ta;6To;2Ri;2Re;4Ta;4.86;37;43;33;2690.05;2913.55;7718.26;1981.17;6254.70;13108.35;2695.79;3064.78;19877.75;1975.08;4188.24;1019.44;2636.60;1638.91;3236.91;5063.42;1744.82;887.00
1128;06|2|2;6To2Ri2Re4Ta;6To;2Ri;2Re;4Ta;4.86;37;43;33;1139.29;1461.61;3390.61;2579.05;7028.16;7215.45;6142.89;7606.70;27122.18;4066.65;2991.45;1921.09;2910.54;1603.02;2458.91;4896.39;3319.24;1275.90
1129;06|2|2;6To2Ri2Re4Ta;6To;2Ri;2Re;4Ta;4.86;37;43;33;3651.25;5676.09;5001.35;4035.46;7472.26;15233.16;2253.32;3293.80;12459.05;3166.00;4172.05;832.16;1820.91;1039.97;3004.08;2926.85;2189.12;1157.12
1130;06|2|2;6To2Ri2Re4Ta;6To;2Ri;2Re;4Ta;4.86;37;43;33;1331.20;1571.96;2968.71;1717.07;4677.99;15140.80;3008.84;3670.87;30381.03;1900.19;4378.43;1359.70;3590.41;1897.30;4171.47;4587.01;1916.62;969.38
1131;06|2|2;6To2Ri2Re4Ta;6To;2Ri;2Re;4Ta;4.86;37;43;33;1916.70;2639.61;7707.69;1895.14;5993.16;9032.17;5711.25;6923.37;26660.86;2537.01;4117.42;1801.05;2572.14;1466.64;3520.04;4907.60;2165.18;1248.12
1132;06|2|2;6To2Ri2Re4Ta;6To;2Ri;2Re;4Ta;4.86;37;43;33;1227.93;1830.40;6618.81;2481.84;7636.94;9460.80;3185.22;4524.22;30723.88;1226.16;5321.29;1457.63;3327.98;1761.73;3565.47;5613.81;1496.26;1348.70
1133;06|2|2;6To2Ri2Re4Ta;6To;2Ri;2Re;4Ta;4.86;37;43;33;1335.27;2084.98;2983.13;1311.89;4830.74;3630.63;6025.50;6973.25;37036.56;814.99;6427.02;2137.25;2745.56;1660.44;3974.34;6913.02;944.93;1041.22
1134;06|2|2;6To2Ri2Re4Ta;6To;2Ri;2Re;4Ta;4.86;37;43;33;1575.97;2478.93;8803.29;2138.60;9067.61;7371.95;6384.30;7885.07;31775.24;2420.02;3831.13;2019.92;2631.23;1447.50;2814.24;5102.65;1733.55;1320.92
1135;06|2|2;6To2Ri2Re4Ta;6To;2Ri;2Re;4Ta;4.86;37;43;33;3366.63;5210.50;6485.22;4727.10;8363.45;12967.36;2409.84;3713.24;13817.95;2590.85;3723.89;862.84;1828.58;1075.06;2480.01;3199.25;1743.41;1160.96
1136;06|2|2;6To2Ri2Re4Ta;6To;2Ri;2Re;4Ta;4.86;37;43;33;3077.95;3919.25;8569.76;2709.81;10587.69;12789.70;3219.54;3475.09;19780.93;3263.90;2226.65;1069.53;2275.95;1434.74;1646.04;4712.55;2148.28;902.33
1137;06|2|2;6To2Ri2Re4Ta;6To;2Ri;2Re;4Ta;4.86;37;44;33;975.02;1380.30;6314.15;3298.22;8285.21;10623.31;5354.26;6686.84;24599.16;2479.25;3760.31;1864.23;2856.83;1382.11;2611.43;3323.67;1839.87;1362.11
1138;06|2|2;6To2Ri2Re4Ta;6To;2Ri;2Re;4Ta;4.86;37;44;33;2290.77;3842.78;7084.92;3397.15;7247.98;8650.78;4649.91;5786.82;25323.60;1989.76;4725.43;1582.63;2295.13;1323.89;3380.50;4759.64;1599.06;1197.36
1139;06|2|2;6To2Ri2Re4Ta;6To;2Ri;2Re;4Ta;4.86;37;44;33;1789.03;1976.57;3904.78;2326.99;3001.42;11081.54;2754.19;3526.59;19064.46;3290.82;5249.46;1046.96;2662.69;1580.69;5253.69;4917.69;2602.44;985.66
1140;06|2|2;6To2Ri2Re4Ta;6To;2Ri;2Re;4Ta;4.86;37;44;33;2650.21;4504.87;2845.69;4142.13;4582.61;12659.99;2821.01;3876.29;17456.11;1877.67;4378.43;1057.34;2144.73;1284.01;3794.24;4242.87;1420.22;1114.02
1141;06|2|2;6To2Ri2Re4Ta;6To;2Ri;2Re;4Ta;4.86;37;44;34;2491.63;3594.99;4005.69;2850.89;6244.27;10437.19;3311.04;3831.78;23450.98;2751.89;5494.28;1183.25;2726.38;1702.71;3966.23;5709.10;2027.87;980.87
1142;06|2|2;6To2Ri2Re4Ta;6To;2Ri;2Re;4Ta;4.86;37;44;34;1576.79;2652.20;2843.77;2911.97;5244.29;8025.46;4527.10;5524.54;29249.94;3493.95;4829.63;1601.58;2823.06;1631.73;3750.43;5407.56;2392.61;1135.09
1143;06|2|2;6To2Ri2Re4Ta;6To;2Ri;2Re;4Ta;4.86;38;44;34;2222.47;3473.99;4098.91;3520.17;6373.18;9460.80;2750.57;3844.11;17904.90;2442.54;5288.92;987.85;2343.47;1526.46;3853.46;5333.57;1821.57;1055.59
1144;06|2|2;6To2Ri2Re4Ta;6To;2Ri;2Re;4Ta;4.86;37;44;34;1191.33;1937.85;7760.55;3329.19;6337.42;9242.96;3814.93;5380.79;22092.08;2232.55;4268.16;1384.07;2549.89;1533.63;3817.77;5015.22;1734.96;1255.79
1145;06|2|2;6To2Ri2Re4Ta;6To;2Ri;2Re;4Ta;4.86;38;44;34;2185.06;3002.60;7125.29;1847.83;7262.13;15749.20;2282.21;2954.29;20873.29;2269.75;2802.28;944.97;2727.91;1652.47;2666.60;4172.25;2141.24;885.09
1146;06|2|2;6To2Ri2Re4Ta;6To;2Ri;2Re;4Ta;4.86;37;44;34;2894.17;5381.83;2784.19;6192.98;5747.26;15723.82;4355.53;6790.35;10381.40;3735.27;4162.95;1478.38;1477.91;574.22;3040.58;929.28;2481.33;1733.77
1147;06|2|2;6To2Ri2Re4Ta;6To;2Ri;2Re;4Ta;4.86;37;44;34;2189.12;3691.78;6466.00;2739.05;8050.49;10894.72;2151.58;2427.04;25901.10;2797.90;2824.53;954.00;3007.23;1867.00;2179.03;6007.27;1902.54;753.86
1148;06|2|2;6To2Ri2Re4Ta;6To;2Ri;2Re;4Ta;4.86;38;44;34;1386.50;1654.24;7784.57;1600.08;7485.68;8747.36;2549.50;2961.80;29399.16;2126.33;3194.80;1156.17;3661.77;2178.83;2427.28;6598.03;1579.35;775.89
1149;06|2|2;6To2Ri2Re4Ta;6To;2Ri;2Re;4Ta;4.86;37;44;34;2725.02;3723.73;3871.14;2560.12;4245.06;12181.31;4885.30;5677.40;22793.74;2705.39;5685.48;1525.32;2358.82;1441.12;4431.89;4721.52;2134.20;956.93
1150;06|2|2;6To2Ri2Re4Ta;6To;2Ri;2Re;4Ta;4.86;38;44;34;1044.14;1260.28;5540.50;2651.31;7079.57;9015.96;2778.27;3759.37;15416.05;2782.73;3592.38;870.96;2424.04;1569.52;3681.48;5191.21;2051.81;936.81
1151;06|2|2;6To2Ri2Re4Ta;6To;2Ri;2Re;4Ta;4.86;38;44;34;3037.29;5030.47;5772.12;4520.64;9172.67;11443.20;2385.76;3634.39;14951.31;2912.44;3269.66;855.17;1946.75;1213.83;2302.34;3968.23;2058.86;1152.33
1152;06|2|2;6To2Ri2Re4Ta;6To;2Ri;2Re;4Ta;4.86;38;44;34;1793.10;4835.91;6072.93;4653.12;5856.05;11735.06;4718.54;6418.12;20222.88;1851.24;5909.06;1581.73;1984.35;992.12;4314.26;2834.93;1708.20;1393.72
1153;06|2|2;6To2Ri2Re4Ta;6To;2Ri;2Re;4Ta;4.86;38;44;34;2923.44;5346.99;2998.50;4092.24;5634.00;11819.65;2088.97;3419.31;12660.66;3909.53;2712.24;745.51;1683.56;971.38;2045.99;2897.71;2576.39;1188.73
1154;06|2|2;6To2Ri2Re4Ta;6To;2Ri;2Re;4Ta;4.86;38;44;34;1593.05;6132.97;2632.34;7412.82;5504.35;15986.78;2801.14;5645.75;7328.72;2238.91;4939.90;1020.34;1188.62;492.07;4188.51;870.99;2073.64;1686.83
1155;07|2|2;7To2Ri2Re4Ta;7To;2Ri;2Re;4Ta;4.9;35;40;33;738.38;1812.01;3989.35;1552.76;5494.66;15740.03;966.22;1090.96;15017.38;639.76;2072.88;557.33;2992.65;1572.71;3334.26;4047.82;1964.50;856.35
1156;07|2|2;7To2Ri2Re4Ta;7To;2Ri;2Re;4Ta;4.9;33;38;31;727.00;1490.65;2684.24;1465.02;3199.63;4967.98;5440.95;7664.63;36637.89;4422.51;5662.22;1936.88;3992.50;2397.35;6585.77;8889.29;3691.01;1491.43
1157;07|2|2;7To2Ri2Re4Ta;7To;2Ri;2Re;4Ta;4.9;33;39;31;743.26;1514.85;2765.93;1490.82;3224.22;4952.47;5478.27;7704.85;37091.23;4470.97;5964.70;1978.40;4088.42;2446.80;6476.25;8887.04;3681.86;1493.34
1158;07|2|2;7To2Ri2Re4Ta;7To;2Ri;2Re;4Ta;4.9;33;39;31;1384.87;2199.20;6288.21;2416.46;7317.27;11902.84;3868.50;4194.36;23514.77;2480.23;3690.51;1298.78;2796.97;1565.54;3068.17;5330.21;2163.07;1013.44
1159;07|2|2;7To2Ri2Re4Ta;7To;2Ri;2Re;4Ta;4.9;33;40;31;752.21;1389.98;3697.19;2305.49;6606.41;6381.46;6321.08;7306.33;19070.15;1997.59;4693.05;1914.32;1980.52;1035.18;3613.33;3444.74;1735.66;1389.89
1160;07|2|2;7To2Ri2Re4Ta;7To;2Ri;2Re;4Ta;4.9;33;40;31;756.27;1536.15;6879.26;2482.70;8700.25;6683.89;5749.18;6574.20;22955.49;1554.12;4689.01;1942.30;2226.07;1076.65;4197.43;3498.55;1794.11;1404.26
1161;07|2|2;7To2Ri2Re4Ta;7To;2Ri;2Re;4Ta;4.9;33;40;31;2324.93;3684.04;8316.04;3577.80;4686.19;14411.86;3417.00;4294.66;22014.63;844.85;6730.52;1215.74;2723.31;1518.48;4696.36;4915.45;555.55;1144.67
1162;07|2|2;7To2Ri2Re4Ta;7To;2Ri;2Re;4Ta;4.9;34;40;31;1129.53;2387.95;2517.01;2428.50;4415.70;8260.93;5285.03;6227.71;28702.05;1220.29;7221.17;1626.40;3228.99;1833.50;4977.05;5977.01;1042.10;1183.95
1163;07|2|2;7To2Ri2Re4Ta;7To;2Ri;2Re;4Ta;4.9;34;41;31;924.60;1815.88;7403.99;2191.93;8565.38;11181.65;6244.63;7129.87;26511.64;2463.10;3182.66;1936.88;3670.21;1807.98;2871.03;4506.30;2215.88;1389.89
1164;07|2|2;7To2Ri2Re4Ta;7To;2Ri;2Re;4Ta;4.9;34;41;31;2060.64;4555.20;3893.25;4891.41;5864.25;14922.26;4354.93;5740.69;16507.27;1734.25;4897.41;1383.62;2209.19;1119.72;4097.65;3130.87;1662.43;1447.36
1165;07|2|2;7To2Ri2Re4Ta;7To;2Ri;2Re;4Ta;4.9;34;41;31;1419.03;2516.68;3905.74;3264.67;5370.22;13296.58;3922.68;5779.85;23231.14;2379.39;4719.36;1427.84;3283.47;1748.17;4429.45;4138.62;2289.10;1537.40
1166;07|2|2;7To2Ri2Re4Ta;7To;2Ri;2Re;4Ta;4.9;34;41;31;1453.99;2508.94;2442.05;3675.87;3748.80;7830.89;3902.82;5101.35;21279.93;1498.81;6292.48;1187.31;2395.65;1428.36;5440.28;4832.50;1480.07;1212.68
1167;07|2|2;7To2Ri2Re4Ta;7To;2Ri;2Re;4Ta;4.9;34;41;32;1444.24;3759.54;5753.86;3245.74;5113.90;10327.22;4858.81;5594.26;22570.49;2901.19;4347.07;1453.56;2615.11;1448.30;4297.22;4694.62;2446.83;1159.04
1168;07|2|2;7To2Ri2Re4Ta;7To;2Ri;2Re;4Ta;4.9;34;41;31;1456.43;2415.05;4840.85;2653.03;6060.22;13105.53;3855.86;5003.19;23028.39;2439.11;5584.32;1328.11;3243.57;1831.91;4710.15;5060.06;2144.05;1242.38
1169;07|2|2;7To2Ri2Re4Ta;7To;2Ri;2Re;4Ta;4.9;34;42;32;1214.10;1792.65;4118.14;2413.02;4452.21;9218.29;2957.67;3461.69;28670.16;2971.67;6691.07;1071.78;3278.87;1998.59;5702.31;6984.76;2384.16;886.04
1170;07|2|2;7To2Ri2Re4Ta;7To;2Ri;2Re;4Ta;4.9;35;42;32;1541.01;2270.82;3664.52;3310.26;8238.27;8173.51;3606.63;4456.64;23575.14;3113.13;3094.64;1133.61;2840.71;1723.44;3291.26;6094.71;3088.99;1082.41
1171;07|2|2;7To2Ri2Re4Ta;7To;2Ri;2Re;4Ta;4.9;35;42;32;1505.23;3013.25;2283.47;5403.27;4686.19;9130.16;5566.17;7288.63;13520.65;2854.68;4220.61;1559.16;1732.67;831.02;3955.68;2259.87;2389.79;1670.55
1172;07|2|2;7To2Ri2Re4Ta;7To;2Ri;2Re;4Ta;4.9;35;42;32;2477.00;5502.83;7732.68;3965.78;9543.01;17157.04;2657.87;3421.99;18133.85;1976.55;3842.25;973.86;2445.53;1339.04;3124.14;3485.09;1807.48;1139.88
1173;07|2|2;7To2Ri2Re4Ta;7To;2Ri;2Re;4Ta;4.9;35;42;32;1305.18;1656.17;4428.56;1372.97;7995.35;7061.76;5249.51;5304.09;35480.60;2936.43;2787.10;1654.83;3739.27;2230.67;2914.03;7066.59;2665.11;863.05
1174;07|2|2;7To2Ri2Re4Ta;7To;2Ri;2Re;4Ta;4.9;35;42;32;1877.67;4166.08;3037.91;4470.75;3172.81;17044.24;2427.30;3644.59;14374.95;1868.86;6196.37;854.72;2278.25;1269.65;5665.81;3710.41;1958.87;1201.19
1175;07|2|2;7To2Ri2Re4Ta;7To;2Ri;2Re;4Ta;4.9;35;42;32;1989.89;3282.34;5391.54;2357.10;4372.48;12485.15;3338.14;3747.03;25095.79;2565.40;3737.04;1121.88;2971.16;1815.96;3460.00;5826.80;1971.54;904.24
1176;07|2|2;7To2Ri2Re4Ta;7To;2Ri;2Re;4Ta;4.9;36;42;32;1339.33;2516.68;3233.00;2755.40;4851.61;14282.85;3748.10;4259.79;21622.79;3350.04;2534.19;1306.45;2653.48;1555.17;2876.71;5600.36;3035.47;949.26
1177;07|2|2;7To2Ri2Re4Ta;7To;2Ri;2Re;4Ta;4.9;35;42;32;906.71;1827.50;9528.89;2542.92;11171.88;8190.43;4800.41;5818.46;21306.13;3180.19;2468.43;1532.54;2438.62;1362.17;3053.56;4553.38;2439.79;1222.26
1178;07|2|2;7To2Ri2Re4Ta;7To;2Ri;2Re;4Ta;4.9;35;42;32;1428.79;2208.87;9816.25;3698.24;9618.27;11981.09;4409.11;5239.19;17439.02;2651.55;2636.36;1317.73;2430.18;1414.80;2544.10;4629.60;2275.02;1102.53
1179;07|2|2;7To2Ri2Re4Ta;7To;2Ri;2Re;4Ta;4.9;35;42;33;1776.02;3675.33;4317.07;4752.05;6259.18;15392.48;4404.89;5726.75;15869.39;1864.45;4819.51;1347.96;2242.95;1172.36;4381.59;3399.90;2011.68;1350.62
1180;07|2|2;7To2Ri2Re4Ta;7To;2Ri;2Re;4Ta;4.9;36;43;32;1549.14;3496.26;7404.95;5007.55;6830.70;15896.54;4955.13;6538.80;16670.15;1431.26;5692.57;1486.06;2249.09;1064.69;4414.85;2558.05;1665.25;1586.26
1181;07|2|2;7To2Ri2Re4Ta;7To;2Ri;2Re;4Ta;4.9;36;42;32;849.79;1831.37;4276.71;3417.80;6169.76;10522.50;4557.80;5761.07;18629.34;2214.93;3172.54;1472.97;2173.12;1167.57;3150.92;3948.05;2182.78;1485.68
1182;07|2|2;7To2Ri2Re4Ta;7To;2Ri;2Re;4Ta;4.9;36;42;32;848.98;1652.30;3883.64;1840.95;6125.05;18782.01;1129.97;1269.57;22602.38;3909.53;1913.03;538.37;3707.04;2251.40;2158.75;8201.01;3379.79;549.83
1183;07|2|2;7To2Ri2Re4Ta;7To;2Ri;2Re;4Ta;4.9;36;43;32;982.34;1938.82;10265.06;2345.92;8125.01;6705.75;6761.15;8456.83;21969.06;2240.38;3009.66;1999.61;2092.55;1084.63;2686.07;4177.85;1883.53;1582.43
1184;07|2|2;7To2Ri2Re4Ta;7To;2Ri;2Re;4Ta;4.9;36;43;32;1806.92;3368.49;7115.68;2832.82;8050.49;13485.52;4469.91;5839.92;16010.64;3544.86;2019.26;1402.12;2156.24;1211.44;2477.57;3461.55;2905.92;1255.79
1185;07|2|2;7To2Ri2Re4Ta;7To;2Ri;2Re;4Ta;4.9;36;43;33;1627.21;2546.69;7247.34;2520.55;7629.49;16808.78;2114.85;2500.52;27254.31;3102.36;2613.10;869.61;3711.65;2117.42;2865.35;7192.14;2668.63;862.10
1186;07|2|2;7To2Ri2Re4Ta;7To;2Ri;2Re;4Ta;4.9;36;43;33;737.57;1702.63;3588.59;2314.09;7394.02;6713.50;6748.51;8869.30;34748.19;3331.93;3283.82;2392.67;2620.48;1260.08;4276.94;4407.65;3242.49;1441.62
1187;07|2|2;7To2Ri2Re4Ta;7To;2Ri;2Re;4Ta;4.9;36;43;33;1101.88;2145.96;13292.40;4909.48;14089.85;13872.55;3988.91;4713.56;18120.18;1884.03;3182.66;1340.74;2395.65;1248.12;3364.28;3736.19;2254.60;1244.29
1188;07|2|2;7To2Ri2Re4Ta;7To;2Ri;2Re;4Ta;4.9;36;43;33;905.90;1963.98;5435.75;2948.10;6438.01;7224.61;6249.45;8250.33;20407.41;2640.29;3144.21;2052.41;1978.98;944.27;2952.97;3170.10;2329.94;1702.16
1189;07|2|2;7To2Ri2Re4Ta;7To;2Ri;2Re;4Ta;4.9;36;43;33;2492.45;3131.34;3717.37;2858.63;3774.13;17245.87;2666.90;3108.76;23781.31;3802.33;4413.84;991.00;3120.79;1852.64;5342.12;5775.23;2698.90;909.03
1190;07|2|2;7To2Ri2Re4Ta;7To;2Ri;2Re;4Ta;4.9;36;43;33;917.29;1805.24;7753.82;1997.51;6972.27;14789.72;2659.07;3149.52;23094.46;2962.86;3614.63;904.36;3476.84;2215.52;4001.92;8033.99;2078.57;794.09
1191;07|2|2;7To2Ri2Re4Ta;7To;2Ri;2Re;4Ta;4.9;36;43;33;898.58;1838.15;6900.40;3013.48;8153.32;10666.31;4651.72;5826.51;16862.65;821.85;5357.71;1457.17;2218.40;1228.98;4319.93;3955.90;926.63;1283.57
1192;07|2|2;7To2Ri2Re4Ta;7To;2Ri;2Re;4Ta;4.9;36;43;33;1472.70;2829.33;5249.30;5150.35;7958.09;10576.07;4850.38;6115.61;18792.22;1831.17;3824.04;1676.95;2090.25;953.04;3673.36;2876.41;1983.51;1626.49
1193;07|2|2;7To2Ri2Re4Ta;7To;2Ri;2Re;4Ta;4.9;37;43;33;1340.15;2063.68;11840.24;2696.04;10044.49;15096.39;3328.50;3808.71;29955.02;2176.75;2960.09;1264.48;3676.35;2040.86;2677.95;7526.19;1880.01;989.49
1194;07|2|2;7To2Ri2Re4Ta;7To;2Ri;2Re;4Ta;4.9;37;43;33;3042.17;4900.76;3147.47;3905.56;5316.57;21643.52;2805.36;3562.52;16457.15;1616.28;5958.63;1031.17;2743.26;1409.22;5087.38;3805.69;1865.22;1060.38
1195;07|2|2;7To2Ri2Re4Ta;7To;2Ri;2Re;4Ta;4.9;37;43;33;1062.85;1488.72;4327.65;2944.66;6219.68;10776.29;3772.78;4463.61;22018.04;2666.72;3353.63;1296.07;2817.69;1668.42;3107.11;5659.77;2227.85;1067.08
1196;07|2|2;7To2Ri2Re4Ta;7To;2Ri;2Re;4Ta;4.9;37;44;33;1658.11;2808.04;9811.45;3332.63;7762.12;14687.50;4150.85;4937.22;20334.51;2072.49;3595.41;1459.88;2618.18;1335.05;3276.66;3997.38;1521.61;1237.59
1197;07|2|2;7To2Ri2Re4Ta;7To;2Ri;2Re;4Ta;4.9;37;43;34;1049.02;1786.85;4417.02;1625.02;5560.98;5942.26;7467.91;9079.55;29679.37;2466.52;6782.11;2167.48;2348.08;1380.51;5623.62;5341.42;1686.37;1243.33
1198;07|2|2;7To2Ri2Re4Ta;7To;2Ri;2Re;4Ta;4.9;37;44;33;2139.52;3303.63;3896.13;3153.70;4901.53;10860.88;5554.13;7366.41;18680.60;1488.04;5322.30;1746.44;2084.11;1096.59;4997.33;3018.77;1182.22;1512.50
1199;07|2|2;7To2Ri2Re4Ta;7To;2Ri;2Re;4Ta;4.9;37;43;34;1057.97;1987.21;8018.11;2609.16;6524.45;8562.66;6271.12;7934.95;24435.13;2906.08;3361.72;1924.70;2314.31;1185.92;3476.23;4303.40;2184.19;1496.22
1200;07|2|2;7To2Ri2Re4Ta;7To;2Ri;2Re;4Ta;4.9;37;44;34;925.42;1510.98;3887.48;2394.95;6177.21;12770.67;2847.50;3432.19;19374.28;4735.78;1516.47;911.58;2924.35;1801.60;2080.06;6336.84;3660.74;926.27
1201;07|2|2;7To2Ri2Re4Ta;7To;2Ri;2Re;4Ta;4.9;37;44;34;1400.32;2285.34;4014.34;2970.46;4221.22;16504.94;2616.93;3055.66;18157.77;4066.16;3013.71;901.20;2810.79;1710.68;3766.66;5537.59;2786.92;868.80
1202;07|2|2;7To2Ri2Re4Ta;7To;2Ri;2Re;4Ta;4.9;37;44;33;890.45;1282.54;10109.37;2562.70;11311.97;11393.85;3953.99;4551.04;28835.32;2002.00;3276.74;1459.88;3428.50;1865.40;3561.41;6233.71;2031.40;1042.18
1203;07|2|2;7To2Ri2Re4Ta;7To;2Ri;2Re;4Ta;4.9;37;44;34;1181.57;1484.84;3847.12;2268.49;8952.11;7309.91;5849.71;6590.83;25463.70;3524.30;2210.46;1659.80;3106.21;1913.26;2243.12;6584.57;3211.51;996.20
1204;07|2|2;7To2Ri2Re4Ta;7To;2Ri;2Re;4Ta;4.9;37;44;34;1023.81;1227.37;5604.89;1781.59;12750.09;17118.97;4043.69;4164.32;30379.89;4170.91;1494.21;1537.50;3985.59;2181.22;1426.19;5443.43;3463.58;978.96
1205;07|2|2;7To2Ri2Re4Ta;7To;2Ri;2Re;4Ta;4.9;38;44;34;2093.17;6143.61;7326.15;6747.85;13344.71;19945.93;4197.20;6642.85;12641.30;3702.47;2300.50;1206.72;1838.56;916.35;2158.75;2410.08;3323.46;1543.15
1206;07|2|2;7To2Ri2Re4Ta;7To;2Ri;2Re;4Ta;4.9;37;44;34;1666.24;2915.48;9477.00;3595.87;6787.48;16425.27;2613.92;3309.90;23471.49;2764.62;3246.39;1074.04;3118.49;1776.08;3193.91;6011.76;2056.74;964.59
1207;07|2|2;7To2Ri2Re4Ta;7To;2Ri;2Re;4Ta;4.9;37;43;34;416.36;1313.52;2657.33;1760.08;2520.81;2466.72;7209.05;9658.82;15258.86;5143.52;1125.97;2279.85;1063.54;474.53;1739.33;1713.96;3578.35;1685.88
1208;10|2|2;10To2Ri2Re4Ta;10To;2Ri;2Re;4Ta;4.48;35;40;33;2695.75;7105.76;10095.92;7553.91;15773.87;19938.88;6875.53;7696.27;6450.50;2964.33;1115.85;1366.92;1292.21;449.00;697.68;873.24;3001.68;1680.13
1209;10|2|2;10To2Ri2Re4Ta;10To;2Ri;2Re;4Ta;4.48;35;41;33;1626.39;3423.66;6182.49;3768.78;8030.37;10611.32;4686.63;4259.26;16854.68;2388.69;3421.41;1188.66;2723.31;1603.82;2694.18;5336.94;2282.77;960.76
1210;10|2|2;10To2Ri2Re4Ta;10To;2Ri;2Re;4Ta;4.48;35;41;33;1383.25;3271.69;7657.71;2451.73;6025.95;10645.87;8717.68;8484.72;11091.03;3316.76;2091.08;1611.06;1953.66;1214.63;1843.98;3038.95;2171.52;1111.15
1211;10|2|2;10To2Ri2Re4Ta;10To;2Ri;2Re;4Ta;4.48;35;42;33;2406.25;5149.52;6789.88;4450.10;7215.19;14661.42;3686.70;4445.91;7721.69;3759.74;1272.66;708.51;1935.24;1292.78;1049.76;3246.33;2701.02;1029.73
1212;10|2|2;10To2Ri2Re4Ta;10To;2Ri;2Re;4Ta;4.48;35;42;33;1308.43;2699.63;7404.95;2693.46;8747.94;10026.90;5862.96;5965.96;12259.71;3359.34;1338.42;1189.12;2292.83;1475.42;1117.91;4723.76;2665.11;1037.39
1213;10|2|2;10To2Ri2Re4Ta;10To;2Ri;2Re;4Ta;4.48;35;42;33;2334.69;4625.86;3968.21;4215.25;3724.95;12507.71;7156.67;6960.92;13511.54;1456.22;6124.54;1475.23;2265.20;1194.69;5433.79;3063.61;1696.23;1205.02
1214;10|2|2;10To2Ri2Re4Ta;10To;2Ri;2Re;4Ta;4.48;35;42;33;1417.40;3233.94;7640.41;2977.34;7281.51;10834.10;6657.61;6845.60;10082.97;2966.78;2476.52;1257.71;1937.55;1178.74;1907.26;3199.25;2402.47;1174.37
1215;10|2|2;10To2Ri2Re4Ta;10To;2Ri;2Re;4Ta;4.48;36;42;33;1083.18;2503.13;5068.62;2181.61;7730.83;10648.69;5626.37;5369.53;14376.09;3249.21;1184.64;1104.28;2380.30;1551.98;1108.17;5377.29;3147.43;859.22
1216;10|2|2;10To2Ri2Re4Ta;10To;2Ri;2Re;4Ta;4.48;36;42;33;1958.99;4893.02;5720.22;5076.37;3764.45;12420.29;6505.30;6502.33;15684.87;1338.26;4594.92;1342.55;2310.48;1280.02;4183.64;3965.99;1291.36;1280.69
1217;10|2|2;10To2Ri2Re4Ta;10To;2Ri;2Re;4Ta;4.48;35;42;33;1245.82;2855.47;8761.97;3369.62;10216.61;12581.73;4403.69;4590.19;13339.54;2409.25;2391.55;984.69;2653.48;1528.85;2004.61;3455.95;1965.91;1038.35
1218;10|2|2;10To2Ri2Re4Ta;10To;2Ri;2Re;4Ta;4.48;36;42;33;1655.67;3711.14;3060.97;4245.36;3228.69;13659.65;5103.22;5027.33;10429.24;986.32;6068.90;1046.06;1896.11;1010.46;4379.97;2461.65;822.42;1171.49
1219;10|2|2;10To2Ri2Re4Ta;10To;2Ri;2Re;4Ta;4.48;36;43;33;1254.76;3157.47;7100.30;2148.06;7101.93;13197.18;5212.79;3632.25;23948.75;1699.01;3051.14;1301.93;3337.18;1826.33;2755.02;5527.50;1731.44;716.50
1220;10|2|2;10To2Ri2Re4Ta;10To;2Ri;2Re;4Ta;4.48;36;42;33;2515.22;5585.10;6302.62;4080.19;5549.06;12125.61;5081.55;4456.10;14949.03;2433.73;3421.41;1083.97;2026.56;1193.09;3899.70;3638.67;2470.06;945.43
1221;10|2|2;10To2Ri2Re4Ta;10To;2Ri;2Re;4Ta;4.48;36;42;33;3506.50;7675.89;6517.90;4866.47;5422.38;18270.90;2201.54;2553.62;7915.33;1069.04;4827.60;553.72;1435.70;851.75;4104.14;2513.21;1204.75;947.35
1222;10|2|2;10To2Ri2Re4Ta;10To;2Ri;2Re;4Ta;4.48;36;43;33;3198.30;7234.50;7515.48;5128.84;5862.02;19833.13;2734.92;2720.43;11145.71;1275.11;3862.49;689.55;2116.34;1208.25;3825.88;2962.72;1354.03;904.24
1223;10|2|2;10To2Ri2Re4Ta;10To;2Ri;2Re;4Ta;4.48;36;43;33;949.81;2128.53;8758.13;1879.66;9976.68;9608.14;3741.48;3769.56;11188.99;2011.79;1773.43;781.61;2302.04;1652.47;1878.87;5947.86;2239.11;754.81
1224;10|2|2;10To2Ri2Re4Ta;10To;2Ri;2Re;4Ta;4.48;36;42;33;2066.33;4404.20;7328.07;3536.51;8775.51;11191.52;2724.69;3118.95;11973.81;1894.31;3429.50;631.79;2213.79;1465.85;2796.40;4992.80;1958.87;878.38
1225;10|2|2;10To2Ri2Re4Ta;10To;2Ri;2Re;4Ta;4.48;36;43;33;692.03;1996.89;6266.10;2468.93;6695.83;8340.59;6226.57;5815.78;12576.37;1413.15;3018.77;1190.92;1909.16;1064.69;2703.91;3691.35;1519.50;1121.68
1226;10|2|2;10To2Ri2Re4Ta;10To;2Ri;2Re;4Ta;4.48;35;42;33;555.41;1846.86;3882.68;1834.93;3745.82;7337.41;5502.96;4469.51;15924.07;1702.92;2395.59;1226.12;1981.29;1179.53;2308.83;4793.26;1809.60;942.56
1227;10|2|2;10To2Ri2Re4Ta;10To;2Ri;2Re;4Ta;4.48;36;43;33;1377.55;3202.00;4582.33;2356.24;6958.12;9919.74;5816.60;5336.27;11416.81;1440.56;1945.41;1063.21;1789.45;1158.80;2776.93;4203.63;2098.29;978.96
1228;10|2|2;10To2Ri2Re4Ta;10To;2Ri;2Re;4Ta;4.48;36;43;33;1280.78;2983.24;8104.61;2663.35;7455.13;9765.35;7301.76;6835.94;17511.92;2045.56;1337.40;1550.59;1906.09;951.44;1345.87;2913.40;1983.51;1295.06
1229;10|2|2;10To2Ri2Re4Ta;10To;2Ri;2Re;4Ta;4.48;36;43;33;1613.38;4332.57;7995.04;3635.44;8237.52;15028.71;4864.23;4791.33;9727.58;2170.87;1313.12;1017.18;1920.67;917.15;1362.91;1692.66;2240.52;1305.60
1230;10|2|2;10To2Ri2Re4Ta;10To;2Ri;2Re;4Ta;4.48;36;43;33;1074.23;3248.46;2969.67;3628.56;3985.75;12134.78;4401.88;4272.13;11362.13;2887.48;1817.94;958.96;1751.85;977.76;1981.09;2765.43;2551.04;1103.48
1231;10|2|2;10To2Ri2Re4Ta;10To;2Ri;2Re;4Ta;4.48;36;42;33;1053.90;2525.40;3223.39;2192.79;4690.66;11055.46;3651.18;2765.49;14607.31;2731.33;1615.61;840.28;2118.64;1322.29;1319.91;4637.45;2289.81;723.20
1232;10|2|2;10To2Ri2Re4Ta;10To;2Ri;2Re;4Ta;4.48;36;43;33;1118.96;2994.85;8320.84;3140.79;8014.73;11316.30;5247.70;4484.53;15846.61;1537.97;2927.72;1118.26;2506.15;1264.07;2626.84;3483.97;1770.17;1050.80
1233;10|2|2;10To2Ri2Re4Ta;10To;2Ri;2Re;4Ta;4.48;36;43;33;907.53;2295.02;9277.10;2178.17;6929.06;6736.06;8348.65;7163.66;16715.72;820.87;3515.49;1695.00;1735.73;955.43;3420.25;3672.30;1072.38;1071.87
1234;10|2|2;10To2Ri2Re4Ta;10To;2Ri;2Re;4Ta;4.48;36;43;33;1275.09;3734.37;4349.75;3022.94;4364.28;13552.49;2536.26;2557.91;10442.91;2690.22;2238.79;578.54;2040.37;1339.04;2028.95;5150.85;2163.07;789.30
1235;10|2|2;10To2Ri2Re4Ta;10To;2Ri;2Re;4Ta;4.48;36;43;33;1057.16;2465.38;6101.76;2578.19;6978.24;10269.41;3080.48;2903.87;12402.09;2000.53;2287.35;690.91;2231.44;1454.68;2015.97;5533.10;1999.01;811.33
1236;10|2|2;10To2Ri2Re4Ta;10To;2Ri;2Re;4Ta;4.48;36;43;33;709.92;1985.28;4728.41;2354.52;8250.93;5757.55;3032.31;3078.72;10909.92;2403.87;1001.54;627.73;1652.09;1217.82;980.81;5358.23;2375.01;872.63
1237;10|2|2;10To2Ri2Re4Ta;10To;2Ri;2Re;4Ta;4.48;36;43;33;2313.54;5174.69;6587.09;4954.21;8138.42;13204.93;3061.21;3872.00;8355.01;2272.69;2778.00;646.68;1430.33;843.78;1863.45;2755.34;1784.25;1149.46
1238;10|2|2;10To2Ri2Re4Ta;10To;2Ri;2Re;4Ta;4.48;36;43;33;868.49;2099.50;3707.76;2285.70;4549.82;7399.44;7619.01;7843.23;8496.25;1922.70;2926.71;1338.94;1263.05;742.49;2939.18;1962.82;2058.15;1233.76
1239;10|2|2;10To2Ri2Re4Ta;10To;2Ri;2Re;4Ta;4.48;36;43;33;1317.38;3124.56;7585.63;3425.54;6459.62;10478.08;4085.23;4087.62;13118.56;1140.50;4112.37;863.74;2206.12;1398.06;3203.65;4941.23;1189.97;995.24
1240;10|2|2;10To2Ri2Re4Ta;10To;2Ri;2Re;4Ta;4.48;36;43;33;2013.47;4333.54;7606.78;3684.48;7262.88;14025.53;5527.04;5784.67;8659.14;1337.28;3650.04;1152.56;1759.52;921.14;3738.26;1832.78;1442.75;1267.28
1241;10|2|2;10To2Ri2Re4Ta;10To;2Ri;2Re;4Ta;4.48;36;43;33;1702.02;3699.53;7373.24;3911.58;8485.65;9293.01;4781.15;5134.06;9748.08;1169.87;3606.54;867.81;1585.34;1051.93;3328.58;3534.42;1749.75;1231.84
1242;10|2|2;10To2Ri2Re4Ta;10To;2Ri;2Re;4Ta;4.48;36;43;33;1315.75;2809.98;6157.50;3712.86;6415.65;8393.46;7383.03;7125.04;13622.03;2081.30;2577.69;1656.19;2184.63;993.71;3318.84;2496.40;1976.47;1359.24
1243;10|2|2;10To2Ri2Re4Ta;10To;2Ri;2Re;4Ta;4.48;36;43;33;2759.17;6497.89;6616.89;5671.67;5929.82;11757.62;4254.39;4414.27;10317.61;1265.32;4820.52;860.13;1561.55;923.53;3889.16;2867.44;1418.10;1155.21
1244;10|2|2;10To2Ri2Re4Ta;10To;2Ri;2Re;4Ta;4.48;37;43;33;1270.21;2858.37;7361.71;3463.39;6938.74;10551.40;14227.26;10778.75;23767.64;1284.41;4440.14;2782.58;2558.33;1110.15;3686.34;2435.87;1342.06;1198.31
1245;10|2|2;10To2Ri2Re4Ta;10To;2Ri;2Re;4Ta;4.48;37;43;33;1248.26;2414.08;8241.08;2271.08;6337.42;8646.55;6059.21;4512.42;22117.14;1215.39;5045.11;1326.30;3090.87;1835.10;3833.18;5694.52;1131.53;825.70
1246;10|2|2;10To2Ri2Re4Ta;10To;2Ri;2Re;4Ta;4.48;37;43;33;3743.96;9641.81;9964.25;6647.20;10116.02;24827.90;2160.61;2350.88;9693.41;1187.00;3592.38;621.41;2128.62;1053.53;3136.31;1587.29;2359.52;979.92
1247;10|2|2;10To2Ri2Re4Ta;10To;2Ri;2Re;4Ta;4.48;37;44;33;1844.33;3950.23;6842.74;3285.32;10624.95;13293.76;5359.08;4472.19;16094.93;3580.10;1165.42;1229.73;2473.92;1374.93;1022.18;4362.81;3036.18;976.08
1248;10|2|2;10To2Ri2Re4Ta;10To;2Ri;2Re;4Ta;4.48;37;43;33;3795.19;8481.23;5064.78;5882.43;6018.50;24748.24;3588.57;2931.22;17900.34;1630.97;3224.14;1100.21;3167.60;1430.75;3454.32;3356.18;1960.98;923.40
1249;10|2|2;10To2Ri2Re4Ta;10To;2Ri;2Re;4Ta;4.48;37;43;33;2202.14;4194.15;12166.04;3919.32;9251.66;12509.12;3235.79;3212.81;14781.59;2561.97;1373.82;762.66;2595.16;1640.50;1418.89;5826.80;2012.38;914.78
1250;10|2|2;10To2Ri2Re4Ta;10To;2Ri;2Re;4Ta;4.48;36;44;33;2184.24;4396.45;12393.81;3860.83;11606.30;12268.72;4598.14;4113.90;14893.22;1907.53;1505.34;1032.97;2348.08;1354.19;1473.24;3905.46;2248.97;1080.49
1251;10|2|2;10To2Ri2Re4Ta;10To;2Ri;2Re;4Ta;4.48;36;43;33;1765.45;5046.92;5815.36;3762.76;4648.18;13990.28;1655.52;1995.27;10458.86;1551.18;2482.59;445.41;1955.96;1274.44;3152.54;4537.68;1759.60;789.30
1252;10|2|2;10To2Ri2Re4Ta;10To;2Ri;2Re;4Ta;4.48;37;43;33;1510.11;3015.18;6778.34;4107.72;6272.59;9089.98;4489.17;4991.93;8822.03;1398.46;2325.79;800.57;1533.92;956.23;1928.35;3115.17;1608.22;1175.32
1253;10|2|2;10To2Ri2Re4Ta;10To;2Ri;2Re;4Ta;4.48;37;43;34;2329.81;6428.19;7478.96;5506.50;7496.85;18963.90;3400.74;3630.64;11269.87;1287.35;3327.32;901.20;2085.64;1042.36;2912.41;2089.49;1535.69;1203.10
1254;10|2|2;10To2Ri2Re4Ta;10To;2Ri;2Re;4Ta;4.48;36;44;33;2327.37;5664.48;10140.13;3804.05;12146.53;14234.20;1918.00;2384.67;10191.18;2331.91;1055.15;477.45;1833.96;1229.78;874.53;4726.01;2429.22;864.97
1255;10|2|2;10To2Ri2Re4Ta;10To;2Ri;2Re;4Ta;4.48;37;43;33;642.42;1414.18;9829.71;1197.48;8999.06;7416.36;4448.84;3019.72;20752.55;1458.67;2514.97;1003.19;2796.21;1666.82;2052.48;6148.52;1567.38;648.49
1256;10|2|2;10To2Ri2Re4Ta;10To;2Ri;2Re;4Ta;4.48;37;43;34;2394.05;5259.87;3805.79;5138.31;4230.16;19283.25;2532.65;2678.60;10900.81;2358.83;3131.06;707.15;1974.38;1007.27;3494.08;1851.84;2759.46;1019.19
1257;10|2|2;10To2Ri2Re4Ta;10To;2Ri;2Re;4Ta;4.48;37;44;34;2711.20;5866.78;9714.38;3441.02;9926.75;15621.60;3132.85;2500.52;14149.41;1397.48;2238.79;770.33;2100.22;1299.16;2188.77;4268.65;1861.70;830.49
1258;10|2|2;10To2Ri2Re4Ta;10To;2Ri;2Re;4Ta;4.48;37;44;34;4578.29;18301.14;38728.73;11033.64;29255.69;36990.88;1160.07;1172.49;5931.09;688.22;1646.97;310.93;1930.64;1014.45;1039.22;1214.01;875.93;729.91
1259;15|2|2;15To2Ri2Re4Ta;15To;2Ri;2Re;4Ta;4.575;36;41;33;1205.97;1794.59;3129.21;1050.37;2919.46;5448.77;2548.90;1593.53;20601.05;509.56;2333.88;1524.87;4310.95;1863.01;3190.67;3125.26;2067.31;800.79
1260;15|2|2;15To2Ri2Re4Ta;15To;2Ri;2Re;4Ta;4.575;36;42;33;1501.97;2618.32;4811.06;1751.48;4811.37;6617.62;4221.28;3398.39;6895.87;1022.05;1174.53;1010.86;1584.57;829.42;983.24;1933.67;1056.89;642.74
1261;15|2|2;15To2Ri2Re4Ta;15To;2Ri;2Re;4Ta;4.575;37;42;33;2118.38;3500.13;3354.09;2579.05;2614.70;7089.25;1235.32;1303.90;3347.70;1266.30;2213.49;309.12;1378.92;928.32;1102.50;2085.00;1138.57;668.60
1262;15|2|2;15To2Ri2Re4Ta;15To;2Ri;2Re;4Ta;4.575;36;42;33;1099.44;2076.26;4022.99;1820.30;4133.29;2763.51;3130.44;3417.70;6737.54;832.13;1304.02;889.92;1173.27;744.09;738.24;2139.93;770.31;895.62
1263;15|2|2;15To2Ri2Re4Ta;15To;2Ri;2Re;4Ta;4.575;36;42;33;1061.22;1872.03;4074.89;1079.62;4084.86;2250.29;4711.92;3147.91;7239.87;628.01;1412.27;1088.48;1505.53;1025.61;720.39;3545.63;786.51;588.14
1264;15|2|2;15To2Ri2Re4Ta;15To;2Ri;2Re;4Ta;4.575;36;42;33;1234.43;2115.95;3513.63;2111.93;3030.48;4200.26;1603.75;1923.93;3802.18;605.01;3253.47;429.16;1155.62;791.94;1937.28;1577.20;493.59;814.20
1265;15|2|2;15To2Ri2Re4Ta;15To;2Ri;2Re;4Ta;4.575;36;43;33;1022.19;1862.35;4113.33;1310.17;2768.94;2941.87;2559.14;3090.52;4940.11;832.13;2906.48;543.34;1499.39;1000.09;2234.20;2834.93;689.34;862.10
1266;15|2|2;15To2Ri2Re4Ta;15To;2Ri;2Re;4Ta;4.575;36;43;33;1331.20;2306.64;3577.06;1973.43;2319.62;4397.65;1442.41;1797.35;5207.79;971.14;2279.25;369.14;1457.96;1066.29;1944.58;3328.16;868.18;666.69
1267;15|2|2;15To2Ri2Re4Ta;15To;2Ri;2Re;4Ta;4.575;36;43;33;1427.16;2320.19;3254.14;2054.29;2148.98;4722.64;2839.67;2836.29;4036.83;1163.51;1381.92;599.30;1016.73;600.53;1684.17;1299.20;1285.73;795.04
1268;15|2|2;15To2Ri2Re4Ta;15To;2Ri;2Re;4Ta;4.575;36;43;33;1453.99;2603.80;4200.79;2026.76;3183.24;3737.09;2730.11;2727.94;5400.29;985.83;1539.73;628.18;726.68;442.62;916.72;1308.17;747.78;840.06
1269;15|2|2;15To2Ri2Re4Ta;15To;2Ri;2Re;4Ta;4.575;37;43;33;1620.70;2930.00;4848.54;2331.29;4281.57;7189.36;1277.46;1447.64;4154.15;637.80;2003.07;312.74;1157.16;720.16;1349.12;1648.95;575.97;669.56
1270;15|2|2;15To2Ri2Re4Ta;15To;2Ri;2Re;4Ta;4.575;37;43;33;1134.41;1905.90;5256.99;1207.80;4751.01;4306.00;2711.44;2343.37;5329.67;1634.88;984.34;645.33;1201.66;806.29;524.07;2604.01;1617.37;553.66
1271;15|2|2;15To2Ri2Re4Ta;15To;2Ri;2Re;4Ta;4.575;37;43;33;1479.20;2304.70;3919.20;2010.42;3596.05;5012.39;1319.60;1551.16;4983.39;864.92;1903.93;318.15;1549.27;1111.75;1685.79;3134.23;889.31;648.49
1272;15|2|2;15To2Ri2Re4Ta;15To;2Ri;2Re;4Ta;4.575;37;44;33;1300.30;2224.36;4536.20;1674.06;3093.08;4478.72;2716.86;2038.72;7438.07;681.85;2401.66;692.26;1464.86;939.48;1952.69;3043.43;452.75;553.66
1273;15|2|2;15To2Ri2Re4Ta;15To;2Ri;2Re;4Ta;4.575;37;43;34;1384.87;2269.86;4728.41;1679.22;4221.22;4354.65;2002.28;2140.62;5654.30;1273.64;1010.64;438.64;1814.00;1314.32;729.32;3917.79;1284.32;565.15
1274;15|2|2;15To2Ri2Re4Ta;15To;2Ri;2Re;4Ta;4.575;37;43;34;1863.85;3362.68;6748.55;2059.45;6272.59;7484.75;2393.58;2143.84;4310.21;704.37;1378.88;511.75;802.64;463.36;979.19;1169.17;690.74;650.40
1275;15|2|2;15To2Ri2Re4Ta;15To;2Ri;2Re;4Ta;4.575;37;44;34;1837.82;3367.52;4192.14;2260.75;2788.31;6807.97;2212.98;2430.26;4428.67;1212.46;1375.85;490.99;1174.04;781.57;1131.70;1919.10;1256.16;760.56
1276;15|2|2;15To2Ri2Re4Ta;15To;2Ri;2Re;4Ta;4.575;37;44;34;1249.88;2160.48;5277.17;1461.57;3446.27;3121.64;2767.43;2791.77;5940.20;722.97;2734.50;572.22;1678.18;1173.15;2056.53;3305.74;391.49;697.34
1277;15|2|2;15To2Ri2Re4Ta;15To;2Ri;2Re;4Ta;4.575;37;44;34;1154.74;1878.80;4462.19;1134.68;3347.91;4026.83;4469.91;4163.78;5215.76;672.06;2018.25;820.42;1258.45;845.37;2253.67;2416.81;837.20;710.75
1278;15|2|2;15To2Ri2Re4Ta;15To;2Ri;2Re;4Ta;4.575;37;44;34;2307.85;4371.29;3378.12;3025.52;3002.91;9471.37;1300.34;1328.57;3118.75;701.92;2360.18;258.58;840.24;496.86;1212.83;838.49;448.53;547.91
1279;15|2|2;15To2Ri2Re4Ta;15To;2Ri;2Re;4Ta;4.575;37;44;34;1416.59;2545.72;4292.09;2052.57;2538.69;7112.52;1554.38;1790.92;3534.51;1297.14;2373.34;359.22;1194.76;838.20;2144.15;1993.08;1041.40;748.11
1280;15|2|2;15To2Ri2Re4Ta;15To;2Ri;2Re;4Ta;4.575;38;44;34;1151.49;1733.61;4085.46;1124.35;2748.08;5921.81;2780.68;3129.68;4883.15;955.48;1787.59;557.78;1514.74;914.76;1439.17;1749.83;614.70;707.88
1281;15|2|2;15To2Ri2Re4Ta;15To;2Ri;2Re;4Ta;4.575;37;44;34;1848.39;3064.55;6538.08;2080.96;4551.31;5194.98;4336.26;4094.06;3900.14;1090.58;931.73;787.93;693.68;362.87;651.44;826.15;1049.14;830.49
1282;15|2|2;15To2Ri2Re4Ta;15To;2Ri;2Re;4Ta;4.575;37;44;34;1558.90;2418.92;3077.31;1854.71;2253.30;5034.95;2544.09;2574.01;5898.06;1023.52;2199.33;569.06;1415.75;946.66;1750.69;2289.02;949.16;728.95
1283;15|2|2;15To2Ri2Re4Ta;15To;2Ri;2Re;4Ta;4.575;37;44;34;1418.21;2240.82;4214.24;1421.14;3154.92;3327.49;2641.61;2480.14;5874.14;724.44;3000.56;532.96;1230.05;944.27;1695.52;2910.04;481.62;572.81
1284;15|2|2;15To2Ri2Re4Ta;15To;2Ri;2Re;4Ta;4.575;38;44;34;1575.16;2580.57;4525.62;1667.18;2964.91;4677.53;3111.18;3564.67;3928.62;951.07;3111.84;566.80;1218.54;817.46;1998.12;2053.62;490.77;790.25
1285;15|2|2;15To2Ri2Re4Ta;15To;2Ri;2Re;4Ta;4.575;38;44;34;2609.55;4336.44;3649.14;2940.35;3235.40;9852.77;1240.14;1231.49;3640.44;973.10;2518.00;305.06;1056.63;531.95;1938.09;923.68;1014.64;674.35
1286;15|2|2;15To2Ri2Re4Ta;15To;2Ri;2Re;4Ta;4.575;38;44;34;1217.35;1879.77;3710.65;996.18;2261.50;7436.81;1346.69;1271.72;7375.42;745.49;2531.15;371.85;2365.73;1437.93;3087.64;3044.55;704.12;381.24
1287;15|2|2;15To2Ri2Re4Ta;15To;2Ri;2Re;4Ta;4.575;38;44;34;2131.39;3636.61;4214.24;2587.65;4018.54;7895.04;4639.07;4415.34;3379.59;2383.31;1017.72;828.09;795.74;353.30;550.03;674.82;1384.31;795.04
1288;15|2|2;15To2Ri2Re4Ta;15To;2Ri;2Re;4Ta;4.575;38;44;34;1263.71;2054.00;3179.18;1479.64;3342.70;2749.41;4959.94;4664.21;6224.97;936.39;1316.16;955.81;1081.19;716.17;1069.23;2413.45;992.11;822.82
1289;15|2|2;15To2Ri2Re4Ta;15To;2Ri;2Re;4Ta;4.575;38;44;34;1842.70;3527.23;4596.74;2037.09;3730.92;10762.89;2709.04;2218.93;4145.04;753.32;2427.96;572.67;1104.21;578.20;2205.80;967.40;630.19;615.92
1290;15|2|2;15To2Ri2Re4Ta;15To;2Ri;2Re;4Ta;4.575;38;45;34;1707.71;2384.07;3630.88;1596.63;2140.04;7320.49;1329.23;1315.16;6768.30;880.10;1894.82;352.90;2051.88;1261.68;1959.99;2945.91;994.22;462.66
1291;15|2|2;15To2Ri2Re4Ta;15To;2Ri;2Re;4Ta;4.575;38;45;34;2268.00;4287.08;3181.10;1764.38;1783.12;13302.93;1452.65;1414.93;4672.43;743.53;3340.47;346.13;1233.89;681.08;2522.19;1190.47;505.56;457.87
1292;15|2|2;15To2Ri2Re4Ta;15To;2Ri;2Re;4Ta;4.575;38;45;34;2059.83;3552.40;7604.85;3041.00;5207.78;6953.19;1405.69;1599.97;6098.53;710.24;999.51;354.25;1497.09;1006.47;575.18;3191.40;560.48;708.83
1293;15|2|2;15To2Ri2Re4Ta;15To;2Ri;2Re;4Ta;4.575;38;45;34;1201.90;2062.71;8622.62;1495.12;6820.27;2596.43;2265.36;2317.62;6874.23;1032.82;1072.35;527.99;1299.88;1053.53;766.64;3714.89;895.64;653.28
1294;15|2|2;15To2Ri2Re4Ta;15To;2Ri;2Re;4Ta;4.575;38;44;35;1284.85;2045.29;6297.82;1384.15;5771.85;2618.99;7585.90;5933.78;9038.45;1086.66;1337.40;1700.41;1092.70;501.64;815.31;1401.21;1223.06;866.89
1295;15|2|2;15To2Ri2Re4Ta;15To;2Ri;2Re;4Ta;4.575;38;45;35;1448.30;2004.64;10659.10;1490.82;8361.96;6581.67;1362.34;1351.63;6705.65;696.54;999.51;402.09;1872.32;1198.68;607.63;3042.31;581.61;499.06
1296;15|2|2;15To2Ri2Re4Ta;15To;2Ri;2Re;4Ta;4.575;38;45;35;1757.32;2724.79;3446.36;1600.08;2583.40;10108.67;1223.28;1288.88;4945.80;2285.41;1021.77;280.24;1794.05;1198.68;671.72;3056.88;2083.50;442.54
1297;15|2|2;15To2Ri2Re4Ta;15To;2Ri;2Re;4Ta;4.575;38;45;35;1633.71;2357.94;7205.05;1363.51;6095.99;5756.85;1470.10;1322.13;8242.24;660.81;1025.82;408.86;1685.09;1223.40;696.87;4370.66;500.63;425.30
1298;15|2|2;15To2Ri2Re4Ta;15To;2Ri;2Re;4Ta;4.575;38;45;35;2087.47;3042.28;5972.02;2318.39;4023.01;5008.87;3317.06;2613.16;5908.31;828.70;1026.83;792.44;1130.30;592.56;888.32;1718.45;1030.84;700.21
1299;15|2|2;15To2Ri2Re4Ta;15To;2Ri;2Re;4Ta;4.575;38;45;35;1310.06;2226.30;3620.31;1961.38;3492.47;5638.41;1740.41;1562.42;8929.10;1304.97;1335.38;583.95;1804.03;882.86;1219.32;2144.41;1797.63;784.51
1300;15|2|2;15To2Ri2Re4Ta;15To;2Ri;2Re;4Ta;4.575;38;45;35;1551.58;2242.75;3564.57;1518.35;3353.13;6321.53;2498.33;2239.31;6725.01;1186.03;1003.56;618.25;1629.84;1023.22;612.50;3145.44;1675.11;601.55
1301;15|2|2;15To2Ri2Re4Ta;15To;2Ri;2Re;4Ta;4.575;38;45;35;2006.97;3052.93;8166.11;2048.27;5936.53;6903.85;3244.22;2345.51;8897.20;649.55;1005.58;783.42;1471.00;781.57;514.34;2419.05;448.53;586.23
1302;15|2|2;15To2Ri2Re4Ta;15To;2Ri;2Re;4Ta;4.575;39;45;35;1962.24;3220.39;4943.68;1815.14;3584.12;6146.70;2347.23;1808.08;8278.69;2129.76;1028.85;604.71;1797.12;1127.70;530.56;3601.67;1284.32;539.29
1303;15|2|2;15To2Ri2Re4Ta;15To;2Ri;2Re;4Ta;4.575;38;45;35;2088.29;3013.25;3909.59;2585.93;3482.04;6079.02;2994.99;3164.00;3635.88;1513.49;1032.90;671.05;712.86;355.69;633.59;726.39;1465.98;932.02
1304;15|2|2;15To2Ri2Re4Ta;15To;2Ri;2Re;4Ta;4.575;39;45;35;1832.13;3087.78;3409.84;2654.75;2805.45;5055.39;2255.72;2569.71;3697.39;894.78;1855.37;517.16;737.42;382.01;1076.54;818.31;681.59;940.64
1305;15|2|2;15To2Ri2Re4Ta;15To;2Ri;2Re;4Ta;4.575;38;45;35;1922.40;2972.59;3735.63;1954.50;2385.19;6846.74;2109.44;2210.35;3692.83;1909.00;1216.01;395.77;993.71;690.65;1153.60;1567.12;1862.41;605.38
1306;15|2|2;15To2Ri2Re4Ta;15To;2Ri;2Re;4Ta;4.575;38;45;35;1632.08;2624.13;10274.67;1592.33;4683.20;8043.79;1461.68;1319.45;6676.04;710.24;957.02;402.99;1782.54;1168.37;657.93;3394.29;411.21;459.78
1307;15|2|2;15To2Ri2Re4Ta;15To;2Ri;2Re;4Ta;4.575;38;45;35;1615.82;2457.64;6503.48;1628.46;6753.20;6730.42;2842.68;1970.60;8673.95;729.82;1019.75;676.92;1794.82;1083.83;527.32;3433.53;679.48;491.39
1308;15|2|2;15To2Ri2Re4Ta;15To;2Ri;2Re;4Ta;4.575;38;45;35;2346.88;3902.80;8392.92;2744.22;6022.97;8694.49;1545.35;1306.58;6989.28;996.10;1103.71;457.14;1290.67;725.74;894.81;2431.38;1235.03;559.40
1309;15|2|2;15To2Ri2Re4Ta;15To;2Ri;2Re;4Ta;4.575;38;45;35;1305.18;2011.41;6438.13;1296.41;7011.77;2654.95;3745.69;2242.00;10849.55;772.90;1206.90;1045.61;1272.26;750.47;1112.23;2843.90;1342.76;481.82
